"claim_id","path","line","claim_text","risk","source_status","status","decision"
"BOLA-001","08-媒体与产品/媒体/flagship/book-of-life-answers/CH02_ANTIFRAGILE_PSYCHE.md","20","**承担责任**: 派克写道: ""唯一的办法——我们应该勇敢地说：'这是我的问题，要由我来解决！'""——这不是道德说教,是经济学。如果你把问题的所有权交给别人(老板/伴侣/社会/命运),你也把解决它的权力交给了别人。别人为什么要优先解决你的问题?他们有自己的问题要解决。","P0","unverified-in-current-edition","resolved-archived","block"
"BOLA-002","08-媒体与产品/媒体/flagship/book-of-life-answers/CH02_ANTIFRAGILE_PSYCHE.md","52","**操作练习**: 写下你当前最强烈的3个自卑感(具体到""我不敢在XX场合发言""而不是""我社交能力差"")。对每个自卑感问: 如果这种不足感必须转化为一种优势,它会是什么?例如""不敢发言""→你对语言的敏感度比爱说话的人更高,因为你每次开口都已经在心里预演过5遍。","P0","unverified-in-current-edition","resolved-archived","block"
"BOLA-003","08-媒体与产品/媒体/flagship/book-of-life-answers/CH02_ANTIFRAGILE_PSYCHE.md","65","99%的人际关系痛苦来自一件事: **你在别人的课题里上班**。别人怎么看你(同事/朋友/父母/陌生网友)——是别人的课题。你为了管理""别人怎么看你""而扭曲自己的行为和判断——这叫擅自加班,且无薪。","P0","unverified-in-current-edition","resolved-archived","block"
"BOLA-004","08-媒体与产品/媒体/flagship/book-of-life-answers/CH02_ANTIFRAGILE_PSYCHE.md","67","但课题分离不是冷漠。岸见一郎在与古贺史健的对谈中明确说: 课题分离是对人关系的起点,最终目标是""協力""(合作)。分离是为了让你有足够的心理空间去理解对方——""理解することと賛成することはまったく別""(理解与赞成是完全不同的两件事)。","P0","unverified-in-current-edition","resolved-archived","block"
"BOLA-005","08-媒体与产品/媒体/flagship/book-of-life-answers/CH02_ANTIFRAGILE_PSYCHE.md","80","弗洛伊德发明了精神分析,但商业模式锁死了它: 必须有一个分析师坐在你对面(50分钟/次,每周3-5次,持续数年)。阿德勒和荣格都从这里出走——因为他们看到精神分析的核心洞察不需要商业化的分析师,而需要一套**自我提问的训练**。","P0","unverified-in-current-edition","resolved-archived","block"
"BOLA-006","08-媒体与产品/媒体/flagship/book-of-life-answers/CH02_ANTIFRAGILE_PSYCHE.md","85","防御机制不是你的敌人——是你的""心理免疫系统""。问题不是你有防御机制,而是你不知道它们在什么时候启动了。常见防御机制速查:","P0","unverified-in-current-edition","resolved-archived","block"
"BOLA-007","08-媒体与产品/媒体/flagship/book-of-life-answers/CH02_ANTIFRAGILE_PSYCHE.md","88","- **反向形成**(你表现出与真实感受完全相反的行为): 对某个人极度礼貌→实际上你极其厌恶他。","P0","unverified-in-current-edition","resolved-archived","block"
"BOLA-008","08-媒体与产品/媒体/flagship/book-of-life-answers/CH02_ANTIFRAGILE_PSYCHE.md","90","识别规则: 当你的解释让你""感觉良好且不需要行动""时→99%是防御机制在工作。真正有效的解释会让你""不舒服但知道下一步该做什么""。","P0","unverified-in-current-edition","resolved-archived","block"
"BOLA-009","08-媒体与产品/媒体/flagship/book-of-life-answers/CH02_ANTIFRAGILE_PSYCHE.md","93","回溯你过去5年的5个重大决定(辞职/分手/搬家/放弃某件事/开始某件事)。对每个决定问:","P0","unverified-in-current-edition","resolved-archived","block"
"BOLA-010","08-媒体与产品/媒体/flagship/book-of-life-answers/CH02_ANTIFRAGILE_PSYCHE.md","96","3. 这5个决定的""害怕模式""有共同点吗?","P0","unverified-in-current-edition","resolved-archived","block"
"BOLA-011","08-媒体与产品/媒体/flagship/book-of-life-answers/CH02_ANTIFRAGILE_PSYCHE.md","101","写下你的人生故事(1000字以内)。然后逐句审问: 这是事实,还是你给事实的解释?""我从小就不合群""→事实:你在小学3年级转学后第一个月没交到朋友。解释:你把这次经历上升为永久身份。""因为家庭条件不好所以我没自信""→事实:你的家庭在某些年份确实经济拮据。解释:你把经济拮据和自信划了等号——这个等式不是事实,是你建的。","P0","unverified-in-current-edition","resolved-archived","block"
"BOLA-012","08-媒体与产品/媒体/flagship/book-of-life-answers/CH02_ANTIFRAGILE_PSYCHE.md","106","**操作练习**: 今晚用20分钟做一次行为考古: 写下你最近3年的3个重大决定,对每个挖到""最怕发生什么""。然后看这三个""怕""有没有共同模式。那个模式——就是你反复在回避的核心焦虑。看到它,你就已经把它从""看不见的自动程序""变成了""可审计的选择""。","P0","unverified-in-current-edition","resolved-archived","block"
"BOLA-013","08-媒体与产品/媒体/flagship/book-of-life-answers/CH02_ANTIFRAGILE_PSYCHE.md","123","这是对""人生的意义是什么""这一问题的终极翻转。你不是在寻找意义——是**生活在问你,用你每天面对的具体处境问你,你会怎么回答**。你的回答不是你说出来的——是你做出来的。你今天选择帮一个人、完成一件事、面对一个恐惧——那就是你在回答生活的问题。","P0","unverified-in-current-edition","resolved-archived","block"
"BOLA-014","08-媒体与产品/媒体/flagship/book-of-life-answers/CH02_ANTIFRAGILE_PSYCHE.md","130","心理学过去50年把80%的研究预算花在了""创伤后应激障碍""(PTSD)上——研究创伤如何摧毁人。但在1996年,Richard Tedeschi和Lawrence Calhoun提出了一个反向问题: 为什么有些人经历了同样的创伤,不仅没有崩溃,反而比以前更强?他们把这叫**创伤后成长**(Post-Traumatic Growth, PTG),并在5个维度上测量:","P0","unverified-in-current-edition","resolved-archived","block"
"BOLA-015","08-媒体与产品/媒体/flagship/book-of-life-answers/CH02_ANTIFRAGILE_PSYCHE.md","137","这里有一个残酷但真实的事实: 创伤后成长**不能""绕过""痛苦获得**。你不可能通过读一本书、想通一个道理就实现PTG。塔勒布用反脆弱的框架解释了这个问题:","P0","unverified-in-current-edition","resolved-archived","block"
"BOLA-016","08-媒体与产品/媒体/flagship/book-of-life-answers/CH02_ANTIFRAGILE_PSYCHE.md","144","转化创伤的关键操作:","P0","unverified-in-current-edition","resolved-archived","block"
"BOLA-017","08-媒体与产品/媒体/flagship/book-of-life-answers/CH02_ANTIFRAGILE_PSYCHE.md","146","2. **写下来,不给人看**: James Pennebaker的研究(1986-)证明,连续4天每天写15分钟""你内心最深处对创伤的感受和想法""的人,6个月后免疫功能和心理健康指标显著优于对照组。写作的机制不是""宣泄""——是""把碎片化的情绪组装成一个连贯的叙事""。","P0","unverified-in-current-edition","resolved-archived","block"
"BOLA-018","08-媒体与产品/媒体/flagship/book-of-life-answers/CH02_ANTIFRAGILE_PSYCHE.md","147","3. **找一个人把你的叙事讲出来**: 独自写作整理碎片,对一个人讲述验证拼图。这个人不需要是治疗师——需要的是""不打断你的人""。阿德勒说: ""We must make our own lives.""——但""make""不发生在真空,发生在关系中。","P0","unverified-in-current-edition","resolved-archived","block"
"BOLA-019","08-媒体与产品/媒体/flagship/book-of-life-answers/CH02_ANTIFRAGILE_PSYCHE.md","149","**操作练习**: 如果你有未处理的创伤——下周的每一天写15分钟,不修改,不给人看。写""这件事对我意味着什么"",不是""这件事是什么""。写""我失去了什么"",写""我还剩什么""。第7天读你6天写下的东西——你会发现你不是在写创伤,你是在写你的生存手册。","P0","unverified-in-current-edition","resolved-archived","block"
"BOLA-020","08-媒体与产品/媒体/flagship/book-of-life-answers/CH02_ANTIFRAGILE_PSYCHE.md","160","把你的心理系统当成一个投资组合来审视。你生活中哪些部分是""脆弱的""(不利远大于有利)、哪些是""强韧的""(不利≈有利)、哪些是""反脆弱的""(有利远大于不利)?","P0","unverified-in-current-edition","resolved-archived","block"
"BOLA-021","08-媒体与产品/媒体/flagship/book-of-life-answers/CH02_ANTIFRAGILE_PSYCHE.md","175","2. **冗余**: 不要在任何一个身份/关系/收入来源上押注超过50%的自我价值。","P0","unverified-in-current-edition","resolved-archived","block"
"BOLA-022","08-媒体与产品/媒体/flagship/book-of-life-answers/CH02_ANTIFRAGILE_PSYCHE.md","176","3. **杠铃策略**: 90%保守(保护你的核心稳定: 睡眠/运动/财务安全) + 10%极端冒险(尝试完全超出能力边界的事)。塔勒布本人用这个策略管理他的投资和写作——他的保守端是""不被解雇就能活下去的基础收入"",他的冒险端是""写一本没人想出版的书""。后来的事你都知道了。","P0","unverified-in-current-edition","resolved-archived","block"
"BOLA-023","08-媒体与产品/媒体/flagship/book-of-life-answers/CH02_ANTIFRAGILE_PSYCHE.md","188","**反驳1**: ""成为自己的精神分析师""(2.3节)的前提是""AI没有防御机制,所以它可以问你永远不会问自己的问题""。但这个论证有一个盲区: AI虽然没有防御机制,但你**向AI输入什么**是由你自己控制的。如果你的防御机制让你回避了某个问题,你根本不会输入相关信息——AI的资源池里就不存在挑战你的数据。","P0","unverified-in-current-edition","resolved-archived","block"
"BOLA-024","08-媒体与产品/媒体/flagship/book-of-life-answers/CH02_ANTIFRAGILE_PSYCHE.md","192","**反驳2**: 创伤后成长(PTG, 2.4节)被描述为心理的反脆弱性。但塔勒布明确区分了""反脆弱""和""复原力""——PTG是否被过度美化了?有些创伤后的""成长""实际上是一种防御性重构(比如: ""既然世界这么危险,我再也不信任任何人""),这种行为上的""变强""核心上是收缩和回避。","P0","unverified-in-current-edition","resolved-archived","block"
"BOLA-025","08-媒体与产品/媒体/flagship/book-of-life-answers/CH02_ANTIFRAGILE_PSYCHE.md","194","**回应**: 这个区分至关重要。Tedeschi的PTG量表明确要求: 成长必须是""功能性的""(functional)——它提升了你的生活质量,而不是限制了你的生活范围。""再也不信任任何人""不是PTG——是用回避伪装成的强韧。PTG的5个维度中,""对他人的亲密感""和""新的可能性""都指向**更多的连接和选项**——如果""成长""让你更封闭了,那是创伤后收缩(PTS),不是PTG。","P0","unverified-in-current-edition","resolved-archived","block"
"BOLA-026","08-媒体与产品/媒体/flagship/book-of-life-answers/CH04_WEALTH_AI_ERA.md","11","你的Purpose-Profit PDF上有156条笔记——这可能是你书架上来回读最多次的一本书。它的核心洞察直指中国人对""钱""的矛盾心理:","P1","unverified-in-current-edition","resolved-archived","block"
"BOLA-027","08-媒体与产品/媒体/flagship/book-of-life-answers/CH04_WEALTH_AI_ERA.md","25","JL Collins的《简单致富》(你的书架37条笔记)写于2008年金融危机之后——他亲身经历了""在底部卖出""的经典错误:","P1","unverified-in-current-edition","resolved-archived","block"
"BOLA-028","08-媒体与产品/媒体/flagship/book-of-life-answers/CH04_WEALTH_AI_ERA.md","30","这是真实的市场心理学——不是理论。Collins在1987年黑色星期一(美股单日暴跌22%)后恐慌卖出,一年后股市创新高,他用更高的价格买回来,完美执行了""低卖高买""。他的教训:","P1","unverified-in-current-edition","resolved-archived","block"
"BOLA-029","08-媒体与产品/媒体/flagship/book-of-life-answers/CH04_WEALTH_AI_ERA.md","35","""大坏事""是必然的——不是""如果"",是""当""。你的投资策略如果不包含""大坏事发生时我该做什么""——你就没有策略,你只有一个""只在好天气才有效的计划""。Collins的投资原则极其简单: (1)存下你收入的50%;(2)投进低成本的宽基指数基金;(3)永远不卖——不管市场是涨是跌;(4)忘掉它,回去过你的生活。简单≠容易。在""大坏事""发生时坚持第3条——那是整个策略唯一真正困难的部分。所有其他部分都只是算术。","P1","unverified-in-current-edition","resolved-archived","block"
"BOLA-030","08-媒体与产品/媒体/flagship/book-of-life-answers/CH04_WEALTH_AI_ERA.md","58","Naval的终极浓缩: **Productize Yourself**。""'Yourself' has uniqueness. 'Productize' has leverage."" 你自己=不可替代性。产品化=可规模化。当你把这两者同时做到了——你就不再在""卖时间""的市场上竞争了。","P1","unverified-in-current-edition","resolved-archived","block"
"BOLA-031","08-媒体与产品/媒体/flagship/book-of-life-answers/CH04_WEALTH_AI_ERA.md","65","你在《价值心法》上的4条笔记中有一条精准描述了一人企业的形态:","P1","unverified-in-current-edition","resolved-archived","block"
"BOLA-032","08-媒体与产品/媒体/flagship/book-of-life-answers/CH04_WEALTH_AI_ERA.md","72","Ferriss在《每周工作4小时》中补充了一个关键原则: 你的一人企业不应该用""更多的工作时间""来换""更多的收入""——应该用""更高的单位时间价值""。他提出""时薪思维"": 算出你每小时的实际收入(月收入÷月工作小时数),然后用这个数字来过滤所有决策。如果有人用低于你的时薪的价格请你做一件事→外包它;如果一件事能提升你的时薪→优先做它;如果一件事既不赚钱也不提升时薪→删掉它。","P1","unverified-in-current-edition","resolved-archived","block"
"BOLA-033","08-媒体与产品/媒体/flagship/book-of-life-answers/CH04_WEALTH_AI_ERA.md","77","Dan Koe在23岁从零起步,用5年时间把""一个人+一台电脑+社交媒体""变成了年收入数百万美金的内容企业。他的核心洞察: 互联网去中心化的终极逻辑是——**个人就是你唯一需要的公司**。","P1","unverified-in-current-edition","resolved-archived","block"
"BOLA-034","08-媒体与产品/媒体/flagship/book-of-life-answers/CH04_WEALTH_AI_ERA.md","93","- 长内容(Newsletter/博客/视频)→创造1000个真正的粉丝(True Fans)","P1","unverified-in-current-edition","resolved-archived","block"
"BOLA-035","08-媒体与产品/媒体/flagship/book-of-life-answers/CH04_WEALTH_AI_ERA.md","98","关键: ""Your follower count doesn't represent your audience size anymore."" 算法决定了你今天的粉丝明天可能看不到你。**Email列表**是唯一真正属于你的受众——无论算法怎么变,它都在你手里。","P1","unverified-in-current-edition","resolved-archived","block"
"BOLA-036","08-媒体与产品/媒体/flagship/book-of-life-answers/CH04_WEALTH_AI_ERA.md","104","芒格在1994年南加州大学的演讲《The Art of Stock Picking》中给出了他一生最重要的框架——不是选股技巧,而是**格栅模型**(Latticework of Mental Models):","P1","unverified-in-current-edition","resolved-archived","block"
"BOLA-037","08-媒体与产品/媒体/flagship/book-of-life-answers/CH04_WEALTH_AI_ERA.md","118","芒格的""少即是多""投资哲学: ""How many insights do you need? I'd argue you don't need many in a lifetime. The top ten insights account for most of Berkshire Hathaway's accumulated billions."" 不是""努力工作然后知道一切""——是""极度努力工作,找到少数几个你极度确定的机会,然后重注""。","P1","unverified-in-current-edition","resolved-archived","block"
"BOLA-038","08-媒体与产品/媒体/flagship/book-of-life-answers/CH04_WEALTH_AI_ERA.md","121","- 能力圈→你不需要在每个领域打败所有人。找到你唯一占优的交叉点(编程+写作+某个行业),在那个交叉点上深耕5年。","P1","unverified-in-current-edition","resolved-archived","block"
"BOLA-039","08-媒体与产品/媒体/flagship/book-of-life-answers/CH04_WEALTH_AI_ERA.md","129","2026年的AI不是""又一个工具""——是**历史上第一个对个人完全免费的智力杠杆**。","P1","unverified-in-current-edition","resolved-archived","block"
"BOLA-040","08-媒体与产品/媒体/flagship/book-of-life-answers/CH04_WEALTH_AI_ERA.md","138","- 一个传统内容团队=写手+编辑+设计师+视频剪辑+社交媒体运营≥5人,月成本≥¥50000","P1","unverified-in-current-edition","resolved-archived","block"
"BOLA-041","08-媒体与产品/媒体/flagship/book-of-life-answers/CH04_WEALTH_AI_ERA.md","140","- 差距: **25-100倍的生产成本差**。你不比团队""更好""——你比他们""快100倍且便宜100倍""。","P1","unverified-in-current-edition","resolved-archived","block"
"BOLA-042","08-媒体与产品/媒体/flagship/book-of-life-answers/CH04_WEALTH_AI_ERA.md","152","Stanley的《流量的本质与暴力》(你的PDF书架上有27条笔记)给""注意力经济""提供了一个比Naval和Dan Koe更贴近实际操作的视角:","P1","unverified-in-current-edition","resolved-archived","block"
"BOLA-043","08-媒体与产品/媒体/flagship/book-of-life-answers/CH04_WEALTH_AI_ERA.md","159","**幻觉1: ""多发就多涨粉""** → Stanley的纠正: 一篇让读者在3个月后还回来重看的文章,比10篇""刷过去就忘了""的帖子有更大的长期流量复利。算法会惩罚水货——不是因为它""聪明""——是因为读者的行为数据(划走/不互动/不分享)会向算法发送""这个内容没用""的信号,算法会据此减少对你的分发。","P1","unverified-in-current-edition","resolved-archived","block"
"BOLA-044","08-媒体与产品/媒体/flagship/book-of-life-answers/CH04_WEALTH_AI_ERA.md","168","在AI能生成无限内容的时代,**注意力**是唯一不可再生的资产。你有24小时/天,你用完就没有了。内容可以被无限生成——但人类的注意力一天只有86400秒。","P1","unverified-in-current-edition","resolved-archived","block"
"BOLA-045","08-媒体与产品/媒体/flagship/book-of-life-answers/CH04_WEALTH_AI_ERA.md","170","Dan Koe的视角: **内容是""24小时销售员""**。""Content is a 24-hour salesperson. Every piece of content you create is a digital employee that works while you sleep, educating potential customers and building trust."" 但关键是——你的内容必须从""噪声""中脱颖而出,因为在AI时代,""噪声""的量是无限的。","P1","unverified-in-current-edition","resolved-archived","block"
"BOLA-046","08-媒体与产品/媒体/flagship/book-of-life-answers/CH04_WEALTH_AI_ERA.md","179","- 你的注意力预算: 每天86400秒。多少秒在""消费""内容?多少秒在""生产""内容?如果你的消费:生产比>50:1→你不是创作者,你是消费者。","P1","unverified-in-current-edition","resolved-archived","block"
"BOLA-047","08-媒体与产品/媒体/flagship/book-of-life-answers/CH04_WEALTH_AI_ERA.md","180","- AI帮你把""生产""的速度提升10-100倍→你必须把省下来的时间来""升级判断力"",而不是""消费更多内容""。","P1","unverified-in-current-edition","resolved-archived","block"
"BOLA-048","08-媒体与产品/媒体/flagship/book-of-life-answers/CH04_WEALTH_AI_ERA.md","181","- 每周40小时工作,如果AI让你的产出翻了10倍——你的战略不是""工作4小时然后休息""。你的战略是: ""用原来的40小时投入+10倍效率杠杆=做出以前400小时才能做出的产品深度和传播广度。""","P1","unverified-in-current-edition","resolved-archived","block"
"BOLA-049","08-媒体与产品/媒体/flagship/book-of-life-answers/CH04_WEALTH_AI_ERA.md","193","**反驳1**: Naval的""杠杆""模型假设了""你有一个值得放大的东西""。如果一个人在22岁,既没有具体知识也没有独特视角——""用AI杠杆放大""放大的是空虚。杠杆本身不创造价值——它只放大已有的价值。把杠杆工具教给一个还没找到""具体知识""的人=给他一个音量调到最大的麦克风来广播沉默。","P1","unverified-in-current-edition","resolved-archived","block"
"BOLA-050","08-媒体与产品/媒体/flagship/book-of-life-answers/CH04_WEALTH_AI_ERA.md","195","**回应**: 对。""找你的具体知识""必须先于""用杠杆""。具体知识不是想出来的——是**在行动中浮现的**。你至少需要在一个领域花1-2年(持续创作/持续建设)才能分辨""哪些是你做了像玩的东西""和""哪些是你以为你喜欢的东西""。在开始这几年里,你的主要工作是做、记录、复盘——不是放大。","P1","unverified-in-current-edition","resolved-archived","block"
"BOLA-051","08-媒体与产品/媒体/flagship/book-of-life-answers/CH04_WEALTH_AI_ERA.md","197","**反驳2**: 第4.4节说""AI把杠杆成本打到接近零"",但这忽略了另一个成本: 学习曲线和提示词工程的隐性成本。现在是2026年,能有效使用AI(产出高质量内容、代码、设计)的人仍然需要数月学习和大量实验。对大多数普通人,AI不是""即插即用的杠杆""——是""另一种需要学才能用的工具""。","P1","unverified-in-current-edition","resolved-archived","block"
"BOLA-052","08-媒体与产品/媒体/flagship/book-of-life-answers/CH04_WEALTH_AI_ERA.md","199","**回应**: 正确。AI降低了""使用杠杆所需的技能门槛"",但没有消除""学习和实验的必要性""。区别在于:以前你需要学编程(1-2年)才能写一个网站;现在你需要学提示词工程(1-2个月)就能用AI生成网站。入门门槛从""年""变成""月""——这是飞跃,但不是魔法。而且,提示词工程只是入门,真正区分产出质量的仍然是**你的判断力**(I want this, not that)和**你的审美**(this looks good, that looks bad)。","P1","unverified-in-current-edition","resolved-archived","block"
"BOLA-053","08-媒体与产品/媒体/flagship/book-of-life-answers/CH04_WEALTH_AI_ERA.md","201","**反驳3**: Dan Koe的""一人企业""模式(4.2)高度依赖社交媒体算法的友好性。如果明天X/小红书/抖音的算法全部改变(减少文字内容的触达/隐藏链接/提高商业化的抽成)——“一人企业""的基础会动摇。Dan Koe的成功有时代窗口的成分:他在社交媒体的""内容红利期""(2020-2024)建立了受众。2026年进入同一个赛道的人面临的是""成熟期的饱和竞争”。","P1","unverified-in-current-edition","resolved-archived","block"
"BOLA-054","08-媒体与产品/媒体/flagship/book-of-life-answers/CH04_WEALTH_AI_ERA.md","203","**回应**: 这是真实的风险。对策在前面已经说了: (1)Email列表是唯一真正属于你的受众——算法怎么变都影响不了它;(2)""你的世界观""是唯一不可复制的资产——如果你的内容只是""教技能""而不是教""你的独特视角下的技能"",它随时会被复制;(3)多平台去中心化:不要只依赖一个平台,至少同时在3个平台上建立存在感——哪个平台算法崩塌你都不至于归零。","P1","unverified-in-current-edition","resolved-archived","block"
