"path","bytes","sha256"
"05-内容生产/进行中/操作式学习系统_新人指南.md","12620","4C4DC9BDDBB085D1CB5B1F030D50FDF36F75EEB8C063726A31A4E6DF2E669985"
"05-内容生产/进行中/快速启动_从这里开始.md","2585","5EF04739EAB68B97DAB035C6221092F7EA37D1EC4AB94CECB0E57C0534008D91"
"08-媒体与产品/媒体/douyin/DOUYIN_ORAL_CONVERSION.md","5294","D13444BE700A656B29C9D3B2B0976DD5514DF5B476EDE7C19578A68CC1317A73"
"08-媒体与产品/媒体/douyin/SC-cognitive-bugs.md","1987","1638A302D60335244F096928E612B22D8DC90713C92AFD011AF19325F8641042"
"08-媒体与产品/媒体/douyin/SC-flux-flow.md","1630","4217E157805B7226402D72C3F1BCB612D0799971B0DF970DB76E4FE48599157F"
"08-媒体与产品/媒体/douyin/SC-productize-content.md","1652","97AB2866FF35BCDA560CC04171D9BAC800639ECF0D98EF3D78C619EF06699583"
"08-媒体与产品/媒体/flagship/F1_系统崩溃者自救完全手册.md","6435","F7D947AC541A08C0F971E95293251C2CED15C8479DC0B14772323BDAAF2A8B78"
"08-媒体与产品/媒体/wechat_2026-06-07/00-缓冲区/_dbs/_REPAIR_REPORT.md","18308","0C9E16DED8D2837C37F25EDBDC085D49999639DC09523BE1A799A3552EB241F6"
"08-媒体与产品/媒体/wechat_2026-06-07/00-缓冲区/_dbs/D01_AI时代独立思考的价值.md","9704","EB7E23E69DC196C5EEE157BB6BEDEF9F3DFBB22412256B7AE3B6550025647CDB"
"08-媒体与产品/媒体/wechat_2026-06-07/00-缓冲区/_dbs/D02_资产vs负债.md","8324","7900B3C0793B929FFB09654724C811784964262D4E48B7E5F0DF468A1D409A7A"
"08-媒体与产品/媒体/wechat_2026-06-07/00-缓冲区/_dbs/D03_多巴胺天平.md","5785","A01400C70C7DEC54A3807B9E07DD44A5B83E2C64CECBF52B0B3632D2291F7D7B"
"08-媒体与产品/媒体/wechat_2026-06-07/00-缓冲区/_dbs/D04_HKR流量公式.md","8730","125182D1B592EBCAC79F0D664D6ED925ECD5B5E03525D09253A30679DF167C67"
"08-媒体与产品/媒体/wechat_2026-06-07/00-缓冲区/_dbs/D05_认知Bug防御.md","5988","2677A7AEF0CB675E2F2C200F1EBB7E7654499A465655E48C6A78BDBE68861748"
"08-媒体与产品/媒体/wechat_2026-06-07/00-缓冲区/_dbs/D06_100篇定律.md","11035","7AA56FAF1AF5D5A677C186915FFA354CD37E9420317A695152D0DAB42101BFC8"
"08-媒体与产品/媒体/wechat_2026-06-07/00-缓冲区/_dbs/D07_最小可行性习惯.md","10817","5F80F07F6D5DCF6EF42382FA51461B2F430EF340142B6B4702902D79AE6B5C0F"
"08-媒体与产品/媒体/wechat_2026-06-07/00-缓冲区/_dbs/D08_复利曲线.md","10796","9BF0B6D95C0FE535B10441D32F9B3E8FEA16630B8882ABA77FC1B2B53C0EBD6E"
"08-媒体与产品/媒体/wechat_2026-06-07/00-缓冲区/_dbs/D09_内容创作四根命脉.md","10193","618EDB60EEDA1BCE53E0F5B84C2DBAA2169032A74839E3C6BE20F8AFD7A6B21A"
"08-媒体与产品/媒体/wechat_2026-06-07/00-缓冲区/_dbs/D10_忙碌逃避.md","10059","A0B78A22ACE47A2EA2288A49B7D1CFD540177ED5CD9A14C1C609CE0A114555FE"
"08-媒体与产品/媒体/wechat_2026-06-07/00-缓冲区/_dbs/D100_内容产品化.md","10518","8A5640A4B5CE174586C5103053E3030373F59962B0496CDDB73B66B4B31D30A1"
"08-媒体与产品/媒体/wechat_2026-06-07/00-缓冲区/_dbs/D101_发布不是终点.md","9370","0D33F3BC23C48980A6A53DB8EF20BC9B89F27C5D067F19DA996FC9DEF919F119"
"08-媒体与产品/媒体/wechat_2026-06-07/00-缓冲区/_dbs/D102_环境的暴政.md","9777","C749C85D739A4BE303D2AA3C0CB9B8E2756E7F1A7A9B8B2E19227090C63F256A"
"08-媒体与产品/媒体/wechat_2026-06-07/00-缓冲区/_dbs/D103_饮食决策框架.md","9509","8AD472BFFB8A2BE2C11C6889E57022D5357D7CD39186138BF939B1CCE4EACD2A"
"08-媒体与产品/媒体/wechat_2026-06-07/00-缓冲区/_dbs/D104_昼夜节律重建.md","9964","91C6BCC242445B8120C7BF16A953982DBCB0FC1737373ED7DBD7906AAFEC38DB"
"08-媒体与产品/媒体/wechat_2026-06-07/00-缓冲区/_dbs/D105_成瘾不是意志力问题.md","9969","D6F96D0754BA148BF0143C215E6D4A7A595DDBC72115B48D3C53CAE7F5E5AF3A"
"08-媒体与产品/媒体/wechat_2026-06-07/00-缓冲区/_dbs/D106_睡眠不是休息.md","9827","D1CF959F47D36E5418F1CA70E166128BD5523B50F15FB892F33C9515C65ED8B0"
"08-媒体与产品/媒体/wechat_2026-06-07/00-缓冲区/_dbs/D107_认知目标函数.md","9470","FCF859479213770409B8C7BAA79155BC809FB0685087073F43DC6C35BE963CF2"
"08-媒体与产品/媒体/wechat_2026-06-07/00-缓冲区/_dbs/D108_形象不是虚伪.md","10199","883CC1C7C154B94289B02DF7E6D77320B96D7CB221C3092BE2194FA07640C4CB"
"08-媒体与产品/媒体/wechat_2026-06-07/00-缓冲区/_dbs/D109_代际错位即杠杆.md","9509","C4F14C4318CA0769DD2CB48F39F3A0A3FDACFF6FB806799FA91CE03BACB13349"
"08-媒体与产品/媒体/wechat_2026-06-07/00-缓冲区/_dbs/D11_共同想象与权力.md","10255","7916FB70FF378EB8C791895E2021990B37B7AE17202F6DCA9ADCD424C4B18DF9"
"08-媒体与产品/媒体/wechat_2026-06-07/00-缓冲区/_dbs/D110_多巴胺基线崩塌与修复.md","9771","6052CBAE298BF4723E5A35974415107872F060C4774881236DCA54D091123B4D"
"08-媒体与产品/媒体/wechat_2026-06-07/00-缓冲区/_dbs/D12_三重大脑的真相.md","12017","4681F8B97BF5D1620B3A0DF52BFE212E30842B54F9A88DAFB9749621BC1EB920"
"08-媒体与产品/媒体/wechat_2026-06-07/00-缓冲区/_dbs/D13_依恋模式.md","11637","547E6FB36BA8F826DD0383AD2C2C3592E92B1E9DBD6E3C2FA6462904DC73F50B"
"08-媒体与产品/媒体/wechat_2026-06-07/00-缓冲区/_dbs/D14_第一性原理深钻.md","11658","0B8F8E345C4390220E028B56E38994821F9B44EB79A9845A5F6B49ACA75944FD"
"08-媒体与产品/媒体/wechat_2026-06-07/00-缓冲区/_dbs/D15_注意力第一资产.md","11077","D4C530F02ED72ABBCF6FDB1B5CA2F26AD5D5F97C70E997E73DB803C7076B9F50"
"08-媒体与产品/媒体/wechat_2026-06-07/00-缓冲区/_dbs/D16_22岁试错期权_发布版.md","7150","675672FA0AE8CA086E48A465F7BF03F4A159DB54909CD8FEDD6314ECEF2CA3A2"
"08-媒体与产品/媒体/wechat_2026-06-07/00-缓冲区/_dbs/D16_22岁试错期权.md","10925","51D791AE5B9E3F1A0455D9BE57512A8332F304FAB45C1579CD2C15FC3C45DD68"
"08-媒体与产品/媒体/wechat_2026-06-07/00-缓冲区/_dbs/D17_信息转化率.md","11095","6CFD65283528D3497E25F7D3C5F0556D04FD8D1C97D1D289DDE7D9ABEE59F3C7"
"08-媒体与产品/媒体/wechat_2026-06-07/00-缓冲区/_dbs/D18_知道验证的鸿沟.md","10597","32088B368A82A8E9CAA82602548A74748D3BC9C0E40F117885F0B0289871E159"
"08-媒体与产品/媒体/wechat_2026-06-07/00-缓冲区/_dbs/D19_环境暴政.md","10843","4451CD36EB706F8B537B4BB6E921AAB27EDF6E83ECA9A1F547CAB3959DDF42D3"
"08-媒体与产品/媒体/wechat_2026-06-07/00-缓冲区/_dbs/D20_连续天数.md","9988","AD6F3A55B6E9437BF42DD9FE4C4B34D21531DE5728D8FBD9ADEB54F6D04B4B10"
"08-媒体与产品/媒体/wechat_2026-06-07/00-缓冲区/_dbs/D21_形象杠杆.md","9485","5EB93F2E7FAD43017AF788B224BBBBA74723066B44077EA6B6683C4A7E1C5548"
"08-媒体与产品/媒体/wechat_2026-06-07/00-缓冲区/_dbs/D22_拖延的三种类型.md","9708","43E2F78308996E12DE1DBD70B072CAFDCCC3ED8EEF85EC1582653CDF3CCF5EE7"
"08-媒体与产品/媒体/wechat_2026-06-07/00-缓冲区/_dbs/D23_情绪是数据.md","9899","66DC4D6B12EE4F2DCEBD9E1CD6595ED12C8F248085F1293741D2EE61989E5BED"
"08-媒体与产品/媒体/wechat_2026-06-07/00-缓冲区/_dbs/D24_反脆弱未来.md","9872","724301FB1E710BB4AA2908327EAB2167E34A55932947CE24852AD7BA0E45C236"
"08-媒体与产品/媒体/wechat_2026-06-07/00-缓冲区/_dbs/D25_自律即自爱.md","9842","5CCFF4350960D7BBE42BD1724CD785CD08C32EE99A430757F0C8AE754D12360B"
"08-媒体与产品/媒体/wechat_2026-06-07/00-缓冲区/_dbs/D26_焦虑公式.md","9859","309D765346834BB66F9519E992A6C56BE11AEAE192ABB1EE7866E1A7BC4BDA50"
"08-媒体与产品/媒体/wechat_2026-06-07/00-缓冲区/_dbs/D27_元认知训练.md","9786","4AAF9308294BB2EBA42F52CC369432F742BBD399EF6505C9E0866E2A82DD4F39"
"08-媒体与产品/媒体/wechat_2026-06-07/00-缓冲区/_dbs/D28_注意力管理.md","9610","779D2F006E21294A7101FCA94ED1CD7F38DE541A8D90B45D51FE1424A0370F0D"
"08-媒体与产品/媒体/wechat_2026-06-07/00-缓冲区/_dbs/D29_依恋可改变.md","9703","3E7EF2C2BC5D74BB1FBA2AA65CF5D7CE18E1C1AC3C349F87113767AD16E7BED4"
"08-媒体与产品/媒体/wechat_2026-06-07/00-缓冲区/_dbs/D30_历史的教训.md","9533","28FEE9BEA6199C0B727A4784D3DCDC170446584F74EE0562A5925848811824FF"
"08-媒体与产品/媒体/wechat_2026-06-07/00-缓冲区/_dbs/D31_信息茧房.md","10087","C4FD0B6DA0E1164096ED9EF8D16250B986E95144BC36E68F0E0C4D4438151546"
"08-媒体与产品/媒体/wechat_2026-06-07/00-缓冲区/_dbs/D32_延迟满足.md","9676","20BBC589663B56EF99E6DFFB37A0DF0D1EE0A7A66F00254256B2858AE62319D1"
"08-媒体与产品/媒体/wechat_2026-06-07/00-缓冲区/_dbs/D33_社交媒体税.md","9483","9C64E54118EA6E8729CBD41A17817DBB780A7AB48A8BB37B2A09F4E20964A192"
"08-媒体与产品/媒体/wechat_2026-06-07/00-缓冲区/_dbs/D34_知识转化率.md","10046","3B27C48E49F1AAD0497F18B7BCA69551D0727B66C65907BFCC1A2A23CF43A729"
"08-媒体与产品/媒体/wechat_2026-06-07/00-缓冲区/_dbs/D35_环境设计.md","9297","F28BB8F973B629F4266C87B1A09F2123BB67A6502125AF4D961F66133A3BA610"
"08-媒体与产品/媒体/wechat_2026-06-07/00-缓冲区/_dbs/D36_个人IP本质.md","9851","520AAA111643BC828A91BEC2563E8DF08EA8285F0F4B61EC5ABBE9303EEBAE12"
"08-媒体与产品/媒体/wechat_2026-06-07/00-缓冲区/_dbs/D37_创作系统进化.md","9603","6507D97A22D9B0B381E7808B57337FDF2A3922B77818D2CCFD7DDDA1E4EDE2B9"
"08-媒体与产品/媒体/wechat_2026-06-07/00-缓冲区/_dbs/D38_深度工作.md","9609","7B21A3FA3B9B77C495B0D3E32A72147E995E697809E2416C46587E4B22CD20E2"
"08-媒体与产品/媒体/wechat_2026-06-07/00-缓冲区/_dbs/D39_决策质量.md","9846","A7C5952EA94998144086595449ACC3C9BBCF485CE882D5D4118A16E79B9A6BDB"
"08-媒体与产品/媒体/wechat_2026-06-07/00-缓冲区/_dbs/D40_终身学习.md","9807","44D88A70D2EFC57620642C5CF591402D1F91FFF4CE2A4D8204B90D7937E58437"
"08-媒体与产品/媒体/wechat_2026-06-07/00-缓冲区/_dbs/D41_概念解剖.md","9293","BB0EE51ADA07DFA34C2260AFBF6BBFB59D2C3FEDDD85E9AAAEFDF7218B440D21"
"08-媒体与产品/媒体/wechat_2026-06-07/00-缓冲区/_dbs/D42_写作与思考.md","9651","1AFE20FD99EAB0F7FEB537F18346EA545A6D0DBD02777D6CCB889C8FD367D3CF"
"08-媒体与产品/媒体/wechat_2026-06-07/00-缓冲区/_dbs/D43_数字极简.md","9547","FEE962BFC6788D9B02F7B6F340F946C68B4DD9B95133F6E580E65749F931D331"
"08-媒体与产品/媒体/wechat_2026-06-07/00-缓冲区/_dbs/D44_复利暗面.md","9658","B5922D70B25D89F3B5ADD84308E3DC996B3C74D436AF47F20DC8CD744886552C"
"08-媒体与产品/媒体/wechat_2026-06-07/00-缓冲区/_dbs/D45_关系权力.md","9460","393FAAA5B970B26609F43E8DE47F813AD25502E58EB6E6D0DCC7199723BDAD8D"
"08-媒体与产品/媒体/wechat_2026-06-07/00-缓冲区/_dbs/D46_创作者经济学.md","9709","595C62AC36D2B45048650B4C047C7D373CBF83637A89151C3ABE47194CF6D71C"
"08-媒体与产品/媒体/wechat_2026-06-07/00-缓冲区/_dbs/D47_睡眠与认知.md","9833","3798D006DB267DCF15CA61FE55F3CEFE3B0C8261340C69C65B84E5448383BA45"
"08-媒体与产品/媒体/wechat_2026-06-07/00-缓冲区/_dbs/D48_失败的科学.md","9344","5E37EEC1FB19980A8DB47DC71F29AB40BA1737FB07ABAA2987419BEE82972960"
"08-媒体与产品/媒体/wechat_2026-06-07/00-缓冲区/_dbs/D49_知识管理vs应用.md","9312","0EA45CB7F5F5448B335F6182D2903BCA3451C54011D145B6B2FACB63AE8F7B8D"
"08-媒体与产品/媒体/wechat_2026-06-07/00-缓冲区/_dbs/D50_个人系统升级.md","9616","139EC9F0D7168322A514ECBAB473BED13E30F85F454BB53ABEE0E421BA00A7BD"
"08-媒体与产品/媒体/wechat_2026-06-07/00-缓冲区/_dbs/D51_阅人术.md","9139","28DA0B3AB1C4950EC12B27FE585F5B51683453F00246D8B3EBE4CAAAC09F3F34"
"08-媒体与产品/媒体/wechat_2026-06-07/00-缓冲区/_dbs/D52_谈判框架.md","7924","D3F986222170D78EFD5B8836D7C1B588D44E53C8E7A3ED1B45FA228B1FB7397A"
"08-媒体与产品/媒体/wechat_2026-06-07/00-缓冲区/_dbs/D53_独处价值.md","8446","19006E4A099740FB6E3A31A22F944B562C1218BC04A0634FF9B61616E1F84171"
"08-媒体与产品/媒体/wechat_2026-06-07/00-缓冲区/_dbs/D54_阅读方法论.md","6883","787129FBEE513234246F16F70E21DD2BEC30D9E80FEC27D06BD443FC8A809371"
"08-媒体与产品/媒体/wechat_2026-06-07/00-缓冲区/_dbs/D55_身体与思维.md","6575","3935B43A04F1BD489ED32F4D30A7A925D54CC5557B7DFBFE005E8DE9368C8613"
"08-媒体与产品/媒体/wechat_2026-06-07/00-缓冲区/_dbs/D56_运气与努力.md","6160","BA90B7D3B8A19976492FB696FC0B20B705C49F4E4A5DACECABE5BEEF6DDAD110"
"08-媒体与产品/媒体/wechat_2026-06-07/00-缓冲区/_dbs/D57_影响力原理.md","8895","E0D2864C4AB67E5632000F925F4F7D056945052EE2F46124E438ECECBB9BC07B"
"08-媒体与产品/媒体/wechat_2026-06-07/00-缓冲区/_dbs/D58_提问的艺术.md","8964","4CC4C1CEC19B2C9F7DCC0A852063E17A60076CF4805C2201FB3267C8A04891F1"
"08-媒体与产品/媒体/wechat_2026-06-07/00-缓冲区/_dbs/D59_自我叙事.md","8293","C79A192A57E9F3077229A50463608BCCB672D02C0805137978FB249C6493157B"
"08-媒体与产品/媒体/wechat_2026-06-07/00-缓冲区/_dbs/D60_从0到1.md","9023","D0A9EDE66BA4F89C40F39D9884FA8D6AA15437E8AADD429DA7394D4E89637DD0"
"08-媒体与产品/媒体/wechat_2026-06-07/00-缓冲区/_dbs/D61_选择悖论.md","8913","6832463B7CA8CA849B7085E8039E73A98202951D2AD340BB2F3582A2978A8D12"
"08-媒体与产品/媒体/wechat_2026-06-07/00-缓冲区/_dbs/D62_完美主义.md","6279","557C9586D94B2EFCF350D9216868B789F32CF4BA424CD33E72B3D3320B54793D"
"08-媒体与产品/媒体/wechat_2026-06-07/00-缓冲区/_dbs/D63_习惯神经科学.md","6743","EA88718113192D281E709E5068F49ACC85F8B8B6ABCFDE1347E7C316EA8BF9A3"
"08-媒体与产品/媒体/wechat_2026-06-07/00-缓冲区/_dbs/D64_导师与自学.md","9152","0FD1647E2D1F7F24286A93B8667DCF5501A4C69D78DA1932D409A57D7B819BB5"
"08-媒体与产品/媒体/wechat_2026-06-07/00-缓冲区/_dbs/D65_金钱心理学.md","8333","084D7B8655F5A0296AD438A7DF52B0F0474A02B5DC5318BF11F213104D453FDB"
"08-媒体与产品/媒体/wechat_2026-06-07/00-缓冲区/_dbs/D66_熵与秩序.md","6331","7315BF4229DDA16139295AD493C4431191AA5874DAF25A42A802B990CB4D44F1"
"08-媒体与产品/媒体/wechat_2026-06-07/00-缓冲区/_dbs/D67_FOMO与JOMO.md","6723","6AE5F90D08E5667CA7915D049C932318B3548187F8378A00A1E07427E5273BA9"
"08-媒体与产品/媒体/wechat_2026-06-07/00-缓冲区/_dbs/D68_边界设定.md","7165","DE55A7F098BC00146A4554E74C71A46E51AF7AB0C00F64565075C1562CAED485"
"08-媒体与产品/媒体/wechat_2026-06-07/00-缓冲区/_dbs/D69_创造力的日常.md","6937","89656B49530FA80796B16BFBA184733CE11B9146CB7D7911A0164E01865C32BD"
"08-媒体与产品/媒体/wechat_2026-06-07/00-缓冲区/_dbs/D70_脆弱的力量.md","6901","E6384A3790D65B59ECDC595454665AB32148D5A2A463D28F172495F68F7608A0"
"08-媒体与产品/媒体/wechat_2026-06-07/00-缓冲区/_dbs/D71_时间的感知.md","7208","A4DCD697DFC124BA178E07852D2999B1589DB4B62E08569FA919C1004EB4F947"
"08-媒体与产品/媒体/wechat_2026-06-07/00-缓冲区/_dbs/D72_社交资本.md","6692","6DE9E6E867AF6BC38F3DEF6931E37F77CDB652459894C7ABE5BCFBA27B01B5BD"
"08-媒体与产品/媒体/wechat_2026-06-07/00-缓冲区/_dbs/D73_身份与标签.md","6996","59FC85AA818C30FE6636193D4D385393532C3673413EF8C8EA68B2525CA59688"
"08-媒体与产品/媒体/wechat_2026-06-07/00-缓冲区/_dbs/D74_反馈的勇气.md","6895","96008CB8821B5C6C03D68F2EEC2C95C4FDFBD3FB592B6C7CB9A05F44533EEEC5"
"08-媒体与产品/媒体/wechat_2026-06-07/00-缓冲区/_dbs/D75_输出驱动学习.md","8395","F637F2683352A28D4ADC5DBB742190ED2D9B2FE688A591283D7663FBBD97B68D"
"08-媒体与产品/媒体/wechat_2026-06-07/00-缓冲区/_dbs/D76_认知卸载.md","9611","E9F67EB4ADA21B04A8EB731959C7F827F588F1EFF5FFC3970C311127E27B8957"
"08-媒体与产品/媒体/wechat_2026-06-07/00-缓冲区/_dbs/D77_动机的科学.md","6712","D862DF453C11D5B694D8D76374A1D5400AA139FC71353060113A47D510585408"
"08-媒体与产品/媒体/wechat_2026-06-07/00-缓冲区/_dbs/D78_感恩的科学.md","8104","535F00C7F6F614AC3BFD69EEA773F6D6BA41597BCCA8802B334B6BC4E1CFA29D"
"08-媒体与产品/媒体/wechat_2026-06-07/00-缓冲区/_dbs/D79_故事的力量.md","7790","CC907BFA95346FCB477377E9FB1E171F7DE21592952596D8CE2929C0769AD570"
"08-媒体与产品/媒体/wechat_2026-06-07/00-缓冲区/_dbs/D80_反依赖与亲密恐惧.md","7881","16E6DB0461AE4119A7F7348816DE75960F96DAFE551FEF9F17FB5839B5CD1334"
"08-媒体与产品/媒体/wechat_2026-06-07/00-缓冲区/_dbs/D81_形象管理ROI科学.md","7216","C0C1409B89E531AAD5DF0047BD0877A4D6C70376C0F40605BED9ECF71F0186E5"
"08-媒体与产品/媒体/wechat_2026-06-07/00-缓冲区/_dbs/D82_代际错位.md","7053","3F067D99F21FDC8BBFF72AFC45FA87FE77878CB9E450AB15E5959993BB2A552F"
"08-媒体与产品/媒体/wechat_2026-06-07/00-缓冲区/_dbs/D83_负循环破解.md","6373","27657AA03D4D79F42E8E6FF3A70C00EAFAEE340A19D4481019369DF6C0B0991A"
"08-媒体与产品/媒体/wechat_2026-06-07/00-缓冲区/_dbs/D84_P0单一主线.md","9002","79012255B922C0015F3A7AF6156F052C8E2006D1EF5E445A30731F1358A2526D"
"08-媒体与产品/媒体/wechat_2026-06-07/00-缓冲区/_dbs/D85_14天实验SOP.md","6543","4F1227457E547ACEC21969C9530C3E63B0A25B6E5B55C16B6C3A5E218A740DC3"
"08-媒体与产品/媒体/wechat_2026-06-07/00-缓冲区/_dbs/D86_最小可行性系统.md","7333","11B26BC3017A7133E75ED620B573ADEA25EA02A257DCD64C7833F41E84692437"
"08-媒体与产品/媒体/wechat_2026-06-07/00-缓冲区/_dbs/D87_芒格格栅.md","8889","384E802EFBE3B996B6FC115784274F1268ECF8268253846703592FF7E175E850"
"08-媒体与产品/媒体/wechat_2026-06-07/00-缓冲区/_dbs/D88_系统大于目标.md","8794","17B83BB6331A7902F479BD712FE52452561E99AA48B9798274ED2FA7CDE5170D"
"08-媒体与产品/媒体/wechat_2026-06-07/00-缓冲区/_dbs/D89_反共识不是叛逆.md","8789","15928C80FE869C40B6CE7C9CFEA200E3D2D605F59826443C3D81C23CCE5D3DB7"
"08-媒体与产品/媒体/wechat_2026-06-07/00-缓冲区/_dbs/D90_反脆弱进阶.md","9326","06B7543E47FA96F2BC784EFC248EFBF36E59580CDA720F9EF37C07992DD5714C"
"08-媒体与产品/媒体/wechat_2026-06-07/00-缓冲区/_dbs/D91_一人企业AI杠杆.md","9438","63275B26574522375AE2126ED79C0C5B3C0B2134F418352035F5B608D30C7BF7"
"08-媒体与产品/媒体/wechat_2026-06-07/00-缓冲区/_dbs/D92_杠铃策略.md","10244","86EE758534F9D87DAB3A2804E49FE422AC2485DDAFA17FD1CC6D2DBDDDFF224E"
"08-媒体与产品/媒体/wechat_2026-06-07/00-缓冲区/_dbs/D93_交易的正确目标.md","10078","0DF8A5B31EAD124A1A4C1DC67AE8D0174308DB25D11357407FEC1B2F17C6A617"
"08-媒体与产品/媒体/wechat_2026-06-07/00-缓冲区/_dbs/D94_游戏不是敌人.md","10900","D2201DA3CC64FBB5CE6BCDEF8E4417CC5E485B6BC5163AA2251B07ED987F7737"
"08-媒体与产品/媒体/wechat_2026-06-07/00-缓冲区/_dbs/D95_三位一体创作.md","11255","BC977E0AFCCACF0E19583EAB92FCC201A90FDF5CB6BD38F466B5FEC435F46949"
"08-媒体与产品/媒体/wechat_2026-06-07/00-缓冲区/_dbs/D96_平台策略.md","11682","763DDBD030695CEB9E76A8142F171682A1F503C970A155418BFA2A3EC1062293"
"08-媒体与产品/媒体/wechat_2026-06-07/00-缓冲区/_dbs/D97_先避毁灭再求收益.md","10463","3DB9F4E8ACEAE1976555F20AAF107011A8A56FA3A6796A74A479343C4B5400A1"
"08-媒体与产品/媒体/wechat_2026-06-07/00-缓冲区/_dbs/D98_认知负债陷阱.md","9766","6F9ABA0704E7E4D80CADD992E622FDC557CD43287B085ABAD88389CA8965A645"
"08-媒体与产品/媒体/wechat_2026-06-07/00-缓冲区/_dbs/D99_六格复盘.md","9856","B8C51732E925EC05828A342A265B4B08E16B25D2B260323D5348778FCCDA99B3"
"08-媒体与产品/媒体/wechat_2026-06-07/00-缓冲区/_WORK_LOG.md","348","20B992200BC1087EF3005B5717C7460C07A48BB13C5CEB8B43A84401902D4E5C"
"08-媒体与产品/媒体/wechat_2026-06-07/00-缓冲区/草稿/W1_注意力战争_v1_draft.md","10695","22F73D8E062BB0B58A0D84AA25FAE64163595AEE10C962A5DFA62B795ABFF0C1"
"08-媒体与产品/媒体/wechat_2026-06-07/00-缓冲区/草稿/W10_饮食决策框架_v1.md","5048","8F81544E50B58D3684151D4673B9F470A71B399A58179E6CECC84A35769BF6F0"
"08-媒体与产品/媒体/wechat_2026-06-07/00-缓冲区/草稿/W10_饮食决策框架_v2_expanded.md","9010","D4DCB445B0EE55A8AB641F3E76C43AF9CA3C8C934C9F60AFFED38D9D25D1E98B"
"08-媒体与产品/媒体/wechat_2026-06-07/00-缓冲区/草稿/W11_一人企业中国版_v1.md","5267","F50DB6A88A22CDCFFDCFC459B96186B93199EBB90BDAF0CD2B3DC83AC1ED055E"
"08-媒体与产品/媒体/wechat_2026-06-07/00-缓冲区/草稿/W11_一人企业中国版_v2_expanded.md","7240","4258176388EE26F7EAEBCB6A68CA503A3E3DD414554E910DEAF35F66136EB1BF"
"08-媒体与产品/媒体/wechat_2026-06-07/00-缓冲区/草稿/W12_交易系统_v1.md","5195","FBC9F13BCC29CB02EB5B66C06FF9409EBFC9BA9E94126EC8A3AA19F26864E7AA"
"08-媒体与产品/媒体/wechat_2026-06-07/00-缓冲区/草稿/W12_交易系统_v2_expanded.md","6767","F24CF0AC2533D5A234A63793DF8DD6A94BD95147AC0CABC4D721B76F261301A0"
"08-媒体与产品/媒体/wechat_2026-06-07/00-缓冲区/草稿/W13_平台策略_v1.md","3181","38031D1744BDDD01ECD4996C12F83928CF271352916E261CC53585179661545F"
"08-媒体与产品/媒体/wechat_2026-06-07/00-缓冲区/草稿/W13_平台策略_v2_expanded.md","5106","AC3A664339965D84B5E8F8B10414980DCA08E87B18B5A7951C4AE64780A46382"
"08-媒体与产品/媒体/wechat_2026-06-07/00-缓冲区/草稿/W14_终极组装指南_v1.md","5564","E6C75326DCF0D5AC2ADA190FF5CECD8BDD972672DBAFFA312C95E90735A24FCD"
"08-媒体与产品/媒体/wechat_2026-06-07/00-缓冲区/草稿/W15_游戏化人生_v1.md","4938","4A2EF8D831A9D042D1232D148A5A7FBDCDEF8CBD1FBB25C4D042D276836F69D4"
"08-媒体与产品/媒体/wechat_2026-06-07/00-缓冲区/草稿/W16_生存蓝图_v1.md","6296","EAC0AB7759E9500FC1E50636449842B2F2067889519394B7CD5682100F00BC60"
"08-媒体与产品/媒体/wechat_2026-06-07/00-缓冲区/草稿/W16_生存蓝图_v2_expanded.md","8508","4E8C01A9B8D65655E4F7A1419266DA0F9A3994338A1D475F28C5F01263F738EC"
"08-媒体与产品/媒体/wechat_2026-06-07/00-缓冲区/草稿/W17_习惯设计手册_v1.md","6082","3BFD85A920ACA30F6E89F3D70985073079026FDD55B62F7359B9A1E1CA705E8A"
"08-媒体与产品/媒体/wechat_2026-06-07/00-缓冲区/草稿/W18_读书方法论_v1.md","4086","30CA25ADD7AF1B65F3646E6DE7202E6830E50A7AD615B05D28C96BEC92B406DB"
"08-媒体与产品/媒体/wechat_2026-06-07/00-缓冲区/草稿/W19_致22岁的自己_v1.md","6143","32A5A334E58FFBAAAEAC928046847F1DAAFBBFACC5FBAD32E7125911D78890B0"
"08-媒体与产品/媒体/wechat_2026-06-07/00-缓冲区/草稿/W2_反共识生存手册_v1_draft.md","10565","AE9EA32D5F64C34D2C993F2EA649FA4D761D0094B63F510DA3F74D2A0DDA55CA"
"08-媒体与产品/媒体/wechat_2026-06-07/00-缓冲区/草稿/W20_独立生存指南_v1.md","6782","56AF0311CE8FFADD7EB778D8F3331A51B794FA1F2BAA2D06B999B78EAB8D6DB7"
"08-媒体与产品/媒体/wechat_2026-06-07/00-缓冲区/草稿/W21_致不够好的自己_v1.md","5632","6C2C5168B62D952EC8EEF11AB738D90B77C8D6D1E13D40B4B4C3CCA4A3113A17"
"08-媒体与产品/媒体/wechat_2026-06-07/00-缓冲区/草稿/W22_复盘方法论_v1.md","5780","123A10DB6EFC1CFDD02C779856BD9A04537A35842208EA6B783284D841153AFB"
"08-媒体与产品/媒体/wechat_2026-06-07/00-缓冲区/草稿/W23_原生家庭_v1.md","5124","478E2F27021E8B3D9CCCBA20CCC221B520045D45ECEC888B2C63FDD37CBA0224"
"08-媒体与产品/媒体/wechat_2026-06-07/00-缓冲区/草稿/W24_你和你爸和你自己_v1.md","7383","BC0E5E386ED1F704B40513BA597B1B00FEEA7089F1802FE58D5E4BBB34E69AC9"
"08-媒体与产品/媒体/wechat_2026-06-07/00-缓冲区/草稿/W25_游戏十年_v1.md","5150","0826DC5E12F863181234E8BFC218CFD32F572C182D3E19C572DE0E51DF92D376"
"08-媒体与产品/媒体/wechat_2026-06-07/00-缓冲区/草稿/W26_三十天_v1.md","6646","B862A51BCC69D86B85FF42AA4DF7E7F79FD90AE5AC49AD783CBA9E589FE107EC"
"08-媒体与产品/媒体/wechat_2026-06-07/00-缓冲区/草稿/W27_人生操作系统_v1.md","7921","E94D8F39EE6D3916ABDFBF9D0BE81AA4329617E0B943BBB99574F50BFD1FBC59"
"08-媒体与产品/媒体/wechat_2026-06-07/00-缓冲区/草稿/W28_反依赖_v1.md","4889","D69B77D492AC20A19710412D62B789FDBB283FE6B4AD0FA3C8B04E80ED5EA7E5"
"08-媒体与产品/媒体/wechat_2026-06-07/00-缓冲区/草稿/W28_反依赖_v2_expanded.md","8221","E5A9AFDDFC2FF753E2D8DDD70ECBFD38E7923A4DC826FDD66A3358E7CAB2967C"
"08-媒体与产品/媒体/wechat_2026-06-07/00-缓冲区/草稿/W29_资产审计_v1.md","4865","8441C31FFCD317BFF46C631AE2BE60B249C1FD2E922A76FBCFF392D1B99B57B7"
"08-媒体与产品/媒体/wechat_2026-06-07/00-缓冲区/草稿/W29_资产审计_v2_expanded.md","6613","4F7406F28D4B4F7EA8F1FC856E05BD408BA61362CE63F665CA61770136DEF8CA"
"08-媒体与产品/媒体/wechat_2026-06-07/00-缓冲区/草稿/W3_完美主义破局_v1_draft.md","9440","9C1A5E4A5F32E69CAA706E847F08C92A35B9F21F9093C6F9F7FFDC900D3CFB0C"
"08-媒体与产品/媒体/wechat_2026-06-07/00-缓冲区/草稿/W3_完美主义破局_v2_expanded.md","12275","10BFCBE4547C1BFD0634D56C7ACBCEA33EE7BC2BA36B5DF978EE7D7E50F9C657"
"08-媒体与产品/媒体/wechat_2026-06-07/00-缓冲区/草稿/W30_唯一主线_v1.md","4977","98A1F6B181040539C41AF0293DE3BEB8961038661C3DCF8EEB5372ADF6243582"
"08-媒体与产品/媒体/wechat_2026-06-07/00-缓冲区/草稿/W30_唯一主线_v2_expanded.md","6973","9E35BA99D1E460848C10207DA24D997F53EA8140F460335D6815344E3587EDA0"
"08-媒体与产品/媒体/wechat_2026-06-07/00-缓冲区/草稿/W31_神经可塑性_v1.md","4483","89435EF446FF193E671EB03E6782D61FF888A087DEEEA25C3E6DBBC629C00EC3"
"08-媒体与产品/媒体/wechat_2026-06-07/00-缓冲区/草稿/W32_先避毁灭_v1.md","2410","8D49EB9C9860043578266AB124672088E97EE4D76179395C73D6AD5D72BA05E1"
"08-媒体与产品/媒体/wechat_2026-06-07/00-缓冲区/草稿/W33_那个勾_v1.md","1409","C1803E45330C67F0BA24C015F26B72A7D856C655D2DC262433E9591ED3083291"
"08-媒体与产品/媒体/wechat_2026-06-07/00-缓冲区/草稿/W34_永远在场_v1.md","3508","7CCE2CC9A80742F1D47DDB26D6F27120F3CF516DCFF0B894588EF898E30BA983"
"08-媒体与产品/媒体/wechat_2026-06-07/00-缓冲区/草稿/W35_二十二岁操作手册_v1.md","2239","215748DD760F903AD3CE7F88DF4EB8357CD1671A1AEB58A2BEEE159197890F8E"
"08-媒体与产品/媒体/wechat_2026-06-07/00-缓冲区/草稿/W4_多巴胺重建_v1_draft.md","8115","D865FC27CAAA42BD12848ABC7986207D951E02214B450D4D3039CA92F49B4F92"
"08-媒体与产品/媒体/wechat_2026-06-07/00-缓冲区/草稿/W4_多巴胺重建_v2_expanded.md","9052","2D3E65E1358DACF951141B9DA0B61A3BC6C7152FA8BBA3FF94F4C146395132C1"
"08-媒体与产品/媒体/wechat_2026-06-07/00-缓冲区/草稿/W5_杠铃策略_v1_draft.md","7421","E951E0BEE4534FB46F75B9AA0BD22B202081784668E18AD3648CA16268BE0901"
"08-媒体与产品/媒体/wechat_2026-06-07/00-缓冲区/草稿/W5_杠铃策略_v2_expanded.md","9697","796904A5DFF8DB4AD46D227691A07945B6821F12DDC992C3312A989D37635E46"
"08-媒体与产品/媒体/wechat_2026-06-07/00-缓冲区/草稿/W6_系统大于目标_v1_draft.md","6459","B8A60726CEC51C13D8EBEA680498B45DDD5018EFD752BA90F23DED4A54892386"
"08-媒体与产品/媒体/wechat_2026-06-07/00-缓冲区/草稿/W6_系统大于目标_v2_expanded.md","8456","EBA04A746ED6A4E89E54540FFE5E9860117F2879482706DFAF520C32E96968E8"
"08-媒体与产品/媒体/wechat_2026-06-07/00-缓冲区/草稿/W7_认知武器系统_v1.md","9412","7DDBF4866F35BF980D81C2CF274CAB0CA4CB167638374D3C4B8A9A703C53D737"
"08-媒体与产品/媒体/wechat_2026-06-07/00-缓冲区/草稿/W7_认知武器系统_v2_expanded.md","12177","604CE2F5BEE1F5580EB751D4ECC9515FAD9B01482EF13DA8E8894D1D948C0E71"
"08-媒体与产品/媒体/wechat_2026-06-07/00-缓冲区/草稿/W8_执行系统设计手册_v1.md","5782","DDD44CCEFCA20F94F4200E8549F8376E2CF732860EAE66AA74BC3EDF226D8D55"
"08-媒体与产品/媒体/wechat_2026-06-07/00-缓冲区/草稿/W8_执行系统设计手册_v2_expanded.md","8681","5FF337656366AE5DC7517F78A0372E186776ED49DEF55C06291DBC29237C201C"
"08-媒体与产品/媒体/wechat_2026-06-07/00-缓冲区/草稿/W9_关系是镜子_v1.md","5251","C53BD049AC00E8A65E8CDC0255628124717F6EB95845C5214BA2E0525917F10E"
"08-媒体与产品/媒体/wechat_2026-06-07/00-缓冲区/草稿/W9_关系是镜子_v2_expanded.md","8099","0BDD855E90DBF0D5BBC6CB7942F2807A426A4B2FF0332C869ABC70A69008F126"
"08-媒体与产品/媒体/wechat_2026-06-07/00-缓冲区/DBS_CONTENT_SYSTEM_AUDIT.md","6719","B69B1103484266EC6981F70DE6536B68557440746E56DC8747A769D5B80D045D"
"08-媒体与产品/媒体/wechat_2026-06-07/00-缓冲区/DBS_SYSTEM_AUDIT.md","3413","1B626BED5F4FC31D1CCF862B05D24AF99E7C2F2A6A3598652526788DDB969EAC"
"08-媒体与产品/媒体/wechat_2026-06-07/00-缓冲区/README.md","893","08AAF49955F520DC7765806DF99227E3612B5ADAA98A6F1D754A2E0E06062E82"
"08-媒体与产品/媒体/wechat_2026-06-07/变现_从0到1.md","7471","F3A9B64FE6374ED18C28C846A9B126C4A165BB80C8868E445D16972D70F84E72"
"08-媒体与产品/媒体/wechat_2026-06-07/策略_22岁杠铃.md","7781","CBE55D41CF4E43880648E027889E28E4C12937A94928E2A1F6E735805634615A"
"08-媒体与产品/媒体/wechat_2026-06-07/成瘾_反向利用.md","7570","598E79E83DB6E4A961795F3FA0BFA698E1343A633F43C63BDBF928774857601D"
"08-媒体与产品/媒体/wechat_2026-06-07/创作_四根命脉.md","7529","0C14A306FEA85C87A33B6B0863CBDD3E2BDDC38E65A064CC93BD9934C4B7D4F6"
"08-媒体与产品/媒体/wechat_2026-06-07/创作者_SOP.md","16715","D0C70565B4433CC70DB0A06BB8448ABC8EC2E7FA8BF25D51B98F632A63C5EFAF"
"08-媒体与产品/媒体/wechat_2026-06-07/大脑_三重大脑反策略.md","7515","5614261281865AA50CBD8B16ED1B33E11C0AB3BB9552579DDEB3B9D63ED5DC64"
"08-媒体与产品/媒体/wechat_2026-06-07/导航_22岁人生操作系统.md","7852","EA2F5CF8AB72CF7673465A99C38F1CB136C952E23F8501DCA4B11141AA03FE44"
"08-媒体与产品/媒体/wechat_2026-06-07/反脆弱_22岁实战.md","15184","574856E52B7FBE575AF98E997A69A0A101918882BDC32C066362DD944DA2DF18"
"08-媒体与产品/媒体/wechat_2026-06-07/飞轮_内容创作.md","7633","E914ABF4A68652C053B4986C62211E8D28D030DB7733185BE34F90BE48822837"
"08-媒体与产品/媒体/wechat_2026-06-07/复盘_六格实操.md","7598","8B9CDFB89A7BD4DCDDA39E188474AABFEE70F09ABC7A36A95D902442DD97F92B"
"08-媒体与产品/媒体/wechat_2026-06-07/关系_复利系统.md","7163","E1CE4FAECA61221425ECBD85548D465405DC53F63A13893FC5954011B7EE116E"
"08-媒体与产品/媒体/wechat_2026-06-07/环境_暴政与工程.md","15887","7E5AE348DAC606B52FA0B2BEE45870558DDE2B906EC2D0C9EEA8054F39A4AC81"
"08-媒体与产品/媒体/wechat_2026-06-07/决策_瘫痪破解.md","15575","1673EEA480672B871E44EB04A69AF2DEA6A340A49034BF65EFA7F0420DCCDFF8"
"08-媒体与产品/媒体/wechat_2026-06-07/蓝图_100篇内容.md","7759","631B289914FFE80DA0B95EC91BF2BB8B3D12A9D9B561E8CE4B36490150B4C1DC"
"08-媒体与产品/媒体/wechat_2026-06-07/流量_HKR公式.md","16343","15DE194E279BD48113AB90BA980D9B2388D632173EC5091F6B77F61205367B2A"
"08-媒体与产品/媒体/wechat_2026-06-07/认知Bug_5致命陷阱.md","7803","CF3D70DBDAEA9BAF58D3DEF04A9422031CA0C5DF1DA9E029F02264FD87B71FDD"
"08-媒体与产品/媒体/wechat_2026-06-07/身体_认知天花板.md","7499","6DC3BDBAFC181BD275A6D3360F014D4A6320928743B7C90ED9FD2B972C9E43EC"
"08-媒体与产品/媒体/wechat_2026-06-07/实验_14天实操手册.md","8045","3A7259703C78BFE399A04B42D43493167560C4DFDE95578FB591D79C3954390C"
"08-媒体与产品/媒体/wechat_2026-06-07/睡眠_科学指南.md","15635","608C13D4880DB35B3125FB0F8BDA72BD2CDA7B34DBF9C3B0A8B3CFD685D37DDA"
"08-媒体与产品/媒体/wechat_2026-06-07/思维_第一性原理实操.md","15425","D37C5104AB14811AD0A681CFABDD34339808D5A52FBBE9808AF57AB1450D3849"
"08-媒体与产品/媒体/wechat_2026-06-07/拖延_三种类型.md","16303","33470BEABDEAD064BA050995FB59EB6FAC02DACC49FA85810697F2B62BC68FF9"
"08-媒体与产品/媒体/wechat_2026-06-07/信息_饮食方案.md","15524","9BD707D054E587022EAEE7A9948D5AAA48562A05D942E6986B4442F6BF08CC11"
"08-媒体与产品/媒体/wechat_2026-06-07/形象_信号管理.md","7346","BBD63DDF4D6483525DAC9BCA45F04D891A2A7D4F7E7F3C488ECBB26D6F07C1D5"
"08-媒体与产品/媒体/wechat_2026-06-07/学习_系统设计.md","15723","CB38CBF1A6469484B2ADF8CC73E308D4475DA1340FFD710BCE474182291B6420"
"08-媒体与产品/媒体/wechat_2026-06-07/验证_知道与验证的鸿沟.md","7403","407F7AEC5F30914902A7A9EFC46D0509DDD94670AF892DEA25F6CBA346BE47F8"
"08-媒体与产品/媒体/wechat_2026-06-07/游戏_系统构建者.md","8020","85E3514FBB4819B98F8856D50CC0796ED8459123DCA72D9C827263C48210B5C7"
"08-媒体与产品/媒体/wechat_2026-06-07/注意力_第一资产.md","7510","6852EF9319F35F54C67C6FA4A7F84FC871C68C97F1A108F56B2D685474677717"
"08-媒体与产品/媒体/wechat_2026-06-07/C1_健康乘性因子_发布版.md","6321","B50A690EC513F60B3AC51278F0E6C842B3922CED792438803557AEA579755715"
"08-媒体与产品/媒体/wechat_2026-06-07/C1_健康乘性因子_重写版_v6.2.md","10685","5E33D29428CDE4BADB47262B9F72D37D5888D822477D1CFA8ABAAD6A56207A29"
"08-媒体与产品/媒体/wechat_2026-06-07/C1_健康乘性因子.md","10684","0773D56FCA16E8F14D40C5CB178A280BA89FD0FFCDBF58444788DD53E5A86D37"
"08-媒体与产品/媒体/wechat_2026-06-07/C2_避毁灭与认知复利_发布版.md","6808","A9923BABE0B10F08751FEDF577641EA13C101006B6040896B8AACAAE327A1C02"
"08-媒体与产品/媒体/wechat_2026-06-07/C2_避毁灭与认知复利.md","11457","19CBF9B4E6EABCC726ECC39C2DC5E373C758B0E22FE82423462BFC9E20B006D8"
"08-媒体与产品/媒体/wechat_2026-06-07/C3_22岁财富第一课_发布版.md","6003","1A44441CE4CDF0A41D8E453AE90BB95EF20D4A761496617B6F7D5DD832645CF4"
"08-媒体与产品/媒体/wechat_2026-06-07/C3_22岁财富第一课.md","11561","7BBF32A2709ADD46BBD855872237F3E9F2030BEFA8F376EEA27308D341ED9040"
"08-媒体与产品/媒体/wechat_2026-06-07/C4_创作输出系统_发布版.md","6961","D24CE61230A3CEF22661F6DB28DEF29448B3B3B567E3364C7963792E7579E3B0"
"08-媒体与产品/媒体/wechat_2026-06-07/C4_创作输出系统.md","10621","00E84BA5F2C6C1D538EF3344CF1CD243B2A45A0B678B60ACEA9436FBBA2B91F0"
"08-媒体与产品/媒体/wechat_2026-06-07/C5_代际错位IP护城河_发布版.md","5280","69F8A23035160CBC98018356E4A180D8EA1810D50625D7A2348C57378C6D7137"
"08-媒体与产品/媒体/wechat_2026-06-07/C5_代际错位IP护城河.md","10453","401F48BE04089AA1978ECBC742E9EEE88E8084C1DA45828EE86C01A7FFAEF930"
"08-媒体与产品/媒体/wechat_2026-06-07/C6_执行系统设计_发布版.md","5483","984C9BAA2D17C59FCE6D69A6881D87BCAE9979285F5EEDFE40BBADF1A0E8E0EF"
"08-媒体与产品/媒体/wechat_2026-06-07/C6_执行系统设计.md","10825","11F85FB4C49B5F7C64B0DD47379E913F8D71EA54B8337C9D7D6B7544C087207C"
"08-媒体与产品/媒体/wechat_2026-06-07/C7_思维操作系统_发布版.md","6587","A15AE1F0B5B61C8EA6297A52E5778209B241136EBE982C7D5A5300CBE05D08BE"
"08-媒体与产品/媒体/wechat_2026-06-07/C7_思维操作系统.md","10485","BC13040B2050841E40A29A0BBAC2C898DE9DE7D29A3A934511B932D79CB86246"
"08-媒体与产品/媒体/wechat_2026-06-07/PUBLISH_PLAN_9H.md","3060","2F4A425933E9B63D39E58AA629BF0AD6F8AEDFFF71EAA6BC196FE73C5E398FD3"
"08-媒体与产品/媒体/wechat_2026-06-07/QUALITY_INDEX.md","1915","EDDE59D0ABF360ED7DD06C73387B73F955EBE15DE9B18A95AB0531BE2854E141"
"08-媒体与产品/媒体/wechat_2026-06-07/RELATION_MATRIX.md","2576","E91E4B54DC627CAE39ED58308C38056D1DC92913B66D4EF716665655CA2625C1"
"08-媒体与产品/媒体/wechat_2026-06-07/W00_22岁人生操作系统_导航文.md","8043","440BD0172F4848EC01754258D220F2ADC99A41E2FE1171A2B01FA0A8EDBC2BDC"
"08-媒体与产品/媒体/wechat_2026-06-07/W00_22岁人生操作系统导航_发布版.md","5518","7A9C045B2D160775653CF1AB20F19260ACF032F9BA0A3AE41B2D6DD585B541E0"
"08-媒体与产品/媒体/wechat_2026-06-07/W01_多巴胺修复不是意志力问题.md","6986","2F6E74008E7B5C2067F3D073723FE7A60B191150E6B7A6094F9E15A291B319BC"
"08-媒体与产品/媒体/wechat_2026-06-07/W02_先避毁灭再求收益.md","6870","3F3E43DCE76132B27013AA6822F7AA88DC1622DDBFC8C3D289B1135782E7A929"
"08-媒体与产品/媒体/wechat_2026-06-07/W03_一人企业MVP不是产品.md","9778","78139C856C1EF6B8A50F874A65EAD88A6F97076E892460390AB3B1FBCEE6D736"
"08-媒体与产品/媒体/wechat_2026-06-07/W04_系统大于目标.md","6029","6BC0114655E94B232E26FAC52C2C76D30CB2704647159DC7E62A9AB19D83BA6F"
"08-媒体与产品/媒体/wechat_2026-06-07/W05_代际错位不是要打赢的仗.md","8915","0C28C783D5B14F59146E47E4291BC0864E0A554B5A57D3D93F097E7919FAAE07"
"08-媒体与产品/媒体/wechat_2026-06-07/W06_注意力是你唯一不可再生资产.md","6820","F095FCE31384DF48D01CF5F8AE1EB470835436FF54EEA6633E63D7B7C1725DAB"
"08-媒体与产品/媒体/wechat_2026-06-07/W07_反依赖与形象管理.md","7736","48FF8501B38DE03D3B700B68FD858CB190E0758A0D4614A9E8EB483EC43076D9"
"08-媒体与产品/媒体/wechat_2026-06-07/W08_复利不是数学公式.md","7518","2E97BB742A2578FFA1CCF8EA86C9D67CCAB61E5007500AC6787BE364BF1C15C4"
"08-媒体与产品/媒体/wechat_2026-06-07/W09_第一性原理与认知负债.md","12022","25B8B0EC0967EF54371F1FDD3C010180925BAC32A1438DA3EE7CB147F8C8B5FB"
"08-媒体与产品/媒体/wechat_2026-06-07/W1/W1_注意力战争_v3_expanded.md","13259","86DC866B5E54C4E1A55C9794E3BF0DFA9AA6ECEDDE7115B24173E0319F764777"
"08-媒体与产品/媒体/wechat_2026-06-07/W10_负循环破解与环境设计.md","6736","0F182FF05F2125A918CFED5AD21E9A0B59FD2DC5EC4C2EA8B984A7D1044D0EB2"
"08-媒体与产品/媒体/wechat_2026-06-07/W10/W10_饮食决策框架_v3_final.md","9670","D0D18EDFCF817D9A944721A87324FB8D73095418E2C4B22D88C9F32347C7085F"
"08-媒体与产品/媒体/wechat_2026-06-07/W100_一百篇里程碑.md","3655","5EB057EB5DFDC4FBA58C597DB153A37EE368B5EEEC14B36D940333A24A4BD4C9"
"08-媒体与产品/媒体/wechat_2026-06-07/W1000_v7_CH02_蛀牙痔疮抑郁_CBT元认知.md","5135","037CD9DC03E294F6FC83171AE71A798A2BB5CEA57D1C4487C1FD72B24B9795D0"
"08-媒体与产品/媒体/wechat_2026-06-07/W1001_v7_CH03_多巴胺天平_约束即自由.md","3506","1A21063E4F5797CF712EA9378D7A50AABBF8BD70EA75FCD8EF359AD99691AF95"
"08-媒体与产品/媒体/wechat_2026-06-07/W1002_v7_CH04_三重复利飞轮_能力圈.md","3839","541B34E0A702DF3022366CD6B70B823FB246E15E8B939FEDBC61C3B4B4D6C06D"
"08-媒体与产品/媒体/wechat_2026-06-07/W1003_v7_CH05_哈佛85年_关系复利.md","2832","D4B2D7E67AC0FDCEF1F157E6097F1978B3AAB73DEA950BBB3AACCB310C0F8F5C"
"08-媒体与产品/媒体/wechat_2026-06-07/W1004_v7_CH06_姜胡说实话_对标方法论.md","2283","BC9A4A9E64536E8248B4B6C94D58BF7765E88196A553F859E866118A35328202"
"08-媒体与产品/媒体/wechat_2026-06-07/W1005_v7_CH07_第一性求解器_三步法.md","2759","4C76DCAD0EB9B20F991C540C221A0EDAEDAAC91F926FB75614C4A83563A18C34"
"08-媒体与产品/媒体/wechat_2026-06-07/W1006_v7_CH08_芒格工具箱_四个模型.md","2518","97D5D76F525ACD562142E5B5C790F9F34E2598ADF538AC8BF64D68E3305D474E"
"08-媒体与产品/媒体/wechat_2026-06-07/W101_健康环境默认配置.md","7665","AD3DE01ED1476D8C0E08D22235EA9F8B8DB2E7230154158D8F0A0C781480E770"
"08-媒体与产品/媒体/wechat_2026-06-07/W102_关系翻译框架.md","10714","304A224E263628D83E090948EE92C44518FCDBECE021B7CFD18571968C765927"
"08-媒体与产品/媒体/wechat_2026-06-07/W103_决策干预窗口.md","11577","E82831B49BBFBE8CF5D17E64846F72DDFBA517D3E74686259A3CC9E5634642A8"
"08-媒体与产品/媒体/wechat_2026-06-07/W104_复利看起来什么都没发生.md","11771","0FDA359484A4AEDD81F56B4F2D1961FC2E599893F0E15CD464E41CE47D25A220"
"08-媒体与产品/媒体/wechat_2026-06-07/W105_内容即实验日志.md","12626","954864AF6609AB03DE9C76491222902A1DD5FE8576498C6179866B82DE88597B"
"08-媒体与产品/媒体/wechat_2026-06-07/W106_习惯三角乘积.md","11788","0C74C6C3A4BA34A3E456DD10843B7E29CEBE54440FB1599A805B425959A9D5BD"
"08-媒体与产品/媒体/wechat_2026-06-07/W107_优先级是减法.md","11697","060CD5DF193ADEA11FE76742A749DFDF6178FF85C6F7B86448FFDECFE0A49010"
"08-媒体与产品/媒体/wechat_2026-06-07/W108_了解自己的系统.md","11111","52D5115D62913D3D1329F3BA9AEB03216B7264519E91C97A7123130F68EBCCE3"
"08-媒体与产品/媒体/wechat_2026-06-07/W109_真休息假休息.md","12022","ABC90EFEBC4B40ED4D296B79E3BF7E4D421664A01AB06165B85E01699D7DC295"
"08-媒体与产品/媒体/wechat_2026-06-07/W11_14天实验SOP.md","6767","8EF810DC2380EBA6F5181BAD93FADB1D4FD904293D557BF7600687407A8AECFA"
"08-媒体与产品/媒体/wechat_2026-06-07/W110_成长是数据精度.md","11189","CC17672A8C6E0B7BF475DB394B66BF02A0FE1B2356EC4AF456931CEF02A4195C"
"08-媒体与产品/媒体/wechat_2026-06-07/W111_读者是共创伙伴.md","11615","9A7AF0C34AE2D888FB501600A8CCA8B6EDD12EA3B525BA6AFEFD0394277362C7"
"08-媒体与产品/媒体/wechat_2026-06-07/W112_成功在每一天.md","11319","EE3B68AC5D69A0CD02D81D8372AFF6AB5F4939B378099D53FFAE4574EF6E7C67"
"08-媒体与产品/媒体/wechat_2026-06-07/W113_恐惧是系统信号.md","11400","F070910E1CB0E4107E2C1302D5F6C29A03B9B5DD9C9ADDEB6E388BDE94D6DC9D"
"08-媒体与产品/媒体/wechat_2026-06-07/W114_意志力要保护.md","11315","B4908BFE5DF6D6AB4C220DCB7F54278B6E1C29522F5DCA3D6C8F83D515F5AAF5"
"08-媒体与产品/媒体/wechat_2026-06-07/W115_问题翻译实验.md","11400","FACE2312B7F363E9AC4EC836D99E06DC4CA8ED35CB4FAD4433FE6132B6225667"
"08-媒体与产品/媒体/wechat_2026-06-07/W116_系统运转大于完美.md","11198","BC2501D010CCA1FC3FC3E8EF7D115C6CB4B20791E5B8B1123D108CAFD660A6C4"
"08-媒体与产品/媒体/wechat_2026-06-07/W117_反脆弱未来.md","11463","A50BAF96F513EE0E3214575A8A218A988D0F0FDB7F87D286060C0B6DD47FF10F"
"08-媒体与产品/媒体/wechat_2026-06-07/W118_创作是对话.md","10996","C8FE359AAD51B498A1474BE9139813705FD60A47BC4447A493DDBBB1D0DC7E8E"
"08-媒体与产品/媒体/wechat_2026-06-07/W119_注意力反劫持.md","11496","8007FC2A71BA011A8F5319F8064DAC053C5AB44964E472E90422AA3406BA38F9"
"08-媒体与产品/媒体/wechat_2026-06-07/W12_认知目标函数与六格复盘.md","9984","CC84DFA025DD54025C6953471EF2E66307CAA1D8D702EA65CDA2AC8DD39F8A38"
"08-媒体与产品/媒体/wechat_2026-06-07/W120_知识库要运行.md","11603","D303AF692A528219D9E6ACC8AABB6FD0EFE9FDEF0663346C6D7D3FCE25A0D9E7"
"08-媒体与产品/媒体/wechat_2026-06-07/W121_判断交叉验证.md","10989","D356F875B7086138258AFFB1F1A5222815A6B2A9B0F5612DBC7B4F4FA17DE9FA"
"08-媒体与产品/媒体/wechat_2026-06-07/W122_AI时代独立思考的价值.md","11912","F12DA14D3413BDA28A7D6176F9D453D2C1EB550EC063CE6C008B5E3AA1308965"
"08-媒体与产品/媒体/wechat_2026-06-07/W123_资产vs负债_清崎的真相.md","10715","13EF3478E65F14640FCD17874B67D2DC58D5E084AD15D6FBFDC6C40AB93D6010"
"08-媒体与产品/媒体/wechat_2026-06-07/W124_多巴胺天平_借来的快乐.md","11150","42C3DF06B99F95685B042E44F26224F0546853F3E1FADCF8121114FAAF180EE3"
"08-媒体与产品/媒体/wechat_2026-06-07/W125_认知Bug_大脑的5个出厂缺陷.md","11357","CBB9C3353FA9563C003FB91DAA1B05CEE64682FD1DA6B7F319D3B831E5FF406E"
"08-媒体与产品/媒体/wechat_2026-06-07/W126_最小可行性习惯_从1个俯卧撑开始.md","11289","609009DF2E06A23F87073B6D52FB72A6D787E5E301DC7BFACF00AD7B3B1B7B5A"
"08-媒体与产品/媒体/wechat_2026-06-07/W127_内容创作四根命脉_为什么大多数内容死于平庸.md","12370","003527145D1054C3F3240ABFD7090644B100DA3F5A07D4F3D04B2095DFA1D505"
"08-媒体与产品/媒体/wechat_2026-06-07/W128_HKR流量公式_注意力不是内容换来的.md","12531","99A0DB102D0848E6ABBDC410ED7C9B9D2A225C0825032566CDA1D9FDF36E832C"
"08-媒体与产品/媒体/wechat_2026-06-07/W129_忙碌逃避_你为什么总是很忙但什么都没做.md","11114","B1491FC5BBE1273C8D9855E0941189CDF9ADE813D5CCDA1249F77CE2A0036555"
"08-媒体与产品/媒体/wechat_2026-06-07/W13_睡眠不是休息.md","7249","D939B02C9D57BCA3395D23B2108618CDEC50D8BFA976370683C28C9272E912EE"
"08-媒体与产品/媒体/wechat_2026-06-07/W130_复利条件_为什么大多数人享受不到复利.md","11086","427E3F9249ED41B7E98E1AC35DAE01290CA103B228456355F550BD57FE8A200D"
"08-媒体与产品/媒体/wechat_2026-06-07/W131_三重大脑_你和自己的战争其实是一场生理冲突.md","11181","1B11C537E7320C8A1BC5A537DD9FD49E5E41F09989E46E5F3D980D46CF6C8A73"
"08-媒体与产品/媒体/wechat_2026-06-07/W132_注意力经济学.md","11957","9670458FA21F6B8A95A41FF3F90A5C30E190614703F3F01D7A3C02CF00E189AB"
"08-媒体与产品/媒体/wechat_2026-06-07/W133_第一性原理思考.md","11175","61BF242805F57709ECA588D3DE01615F7198B42EE32B486796FCEA018D2A42A4"
"08-媒体与产品/媒体/wechat_2026-06-07/W134_纳瓦尔财富物理学.md","12520","8154B3ED4695315617453E57E020367433AEF39E25CF20B4F53A3159D3535633"
"08-媒体与产品/媒体/wechat_2026-06-07/W135_共同想象与权力.md","11264","1ACAF6A5B7207F1F147DF69397AAD01AF0AC8F76518E42B98907B96C8FB8A4F7"
"08-媒体与产品/媒体/wechat_2026-06-07/W136_依恋模式.md","13509","CA7C47CB5CCBD5CB0E6DAEA73F1E9B71FA5AF77B112CD2CB24E805D1655E3C50"
"08-媒体与产品/媒体/wechat_2026-06-07/W137_历史周期律.md","11394","7F9439752912BECF326A5D9275A6DA1A5A2EA15B2EB6BBDF63072E4328AF1C0B"
"08-媒体与产品/媒体/wechat_2026-06-07/W138_AI时代数字资产.md","11228","5065C8F68D98F5412EF47727283973412EDEADE66FE02C1343B8B6781EF16C3D"
"08-媒体与产品/媒体/wechat_2026-06-07/W139_流量本质与HKR.md","2342","A2915B9E4EB78085A91A7E4C29AAA9D00B035C1389234767F1D8EDA13995EE17"
"08-媒体与产品/媒体/wechat_2026-06-07/W14_22岁净资产审计.md","6874","43FB0FBBF0D11E2745E276D86317F05C5CA65CEB63FD2F2FD790D68781038E6B"
"08-媒体与产品/媒体/wechat_2026-06-07/W140_成瘾与连接.md","11243","FA83F9C7654855D010735251371E3D1A10259E2D056306E216F3597ED50A1451"
"08-媒体与产品/媒体/wechat_2026-06-07/W141_100篇定律.md","11398","5653A28FA3B22DD1C2659A471A5B0DBCD4800AF5A18B39967D9B297F51C88C3F"
"08-媒体与产品/媒体/wechat_2026-06-07/W142_意志力与自律.md","11175","CBC3F0895647961F44219D4B5A876B0FC34830F3ECD592F5F4B8438CBAC22221"
"08-媒体与产品/媒体/wechat_2026-06-07/W143_7大概念解剖.md","12082","A8AEAB84DAA6EDE1A4DD2020DE10A6AC2DA3DD7048DD1A85B8D3FE8488DC8FE8"
"08-媒体与产品/媒体/wechat_2026-06-07/W15_P0单一主线.md","5792","82B5F34FA382FF5571186C488EF45902168EE6D2C6CF7E390CF2D4D4502C336C"
"08-媒体与产品/媒体/wechat_2026-06-07/W16_反脆弱_22岁最大的优势.md","7871","DAFA9CA8B3D5AAF4CCFFF8C1F089FE0CA10FA3B1F74DC9DC82EBE7BFA2707739"
"08-媒体与产品/媒体/wechat_2026-06-07/W17_游戏不是敌人.md","6507","FC7759B64B8C3FE82CAAF0384C57F3E914499EEF162BBB321C04356D1C2B10E2"
"08-媒体与产品/媒体/wechat_2026-06-07/W18_内容产品化.md","7240","F394166617FDC3E636CE876FFC6865BC4990035396E97F0648CD3AF52900BE23"
"08-媒体与产品/媒体/wechat_2026-06-07/W19_芒格格栅.md","6857","C3B7503A8313314346C448081174718E5555D49593E9E125BEE6E3BA1BD81B0D"
"08-媒体与产品/媒体/wechat_2026-06-07/W2/W2_反共识生存手册_v3_expanded.md","13178","3AEAAF005D0809C8967C72B4B22CAA0331D1DAE9F3C414EDEE26F2D9F59EF575"
"08-媒体与产品/媒体/wechat_2026-06-07/W20_饮食决策框架.md","5282","B342E425A105179BF1F193EB9B8165385BC8D654F4CD7E1C9CF4085AF6973CAE"
"08-媒体与产品/媒体/wechat_2026-06-07/W21_最小可行性系统.md","5858","6C4BA5582C61AA78BA20CBCF8AF3BB9A208F66D8EAA45DBD9F983DDD8EFE7997"
"08-媒体与产品/媒体/wechat_2026-06-07/W22_形象不是虚伪.md","5684","E45D4E72F7184A44245C83731DA668305517DB67F0891D9A4FC6640D69DA0F65"
"08-媒体与产品/媒体/wechat_2026-06-07/W23_反共识不是叛逆.md","6711","D2B8EA4D346EA1E16EB7F7F52643BD65C878FC38E3B817DD473CF5F5EF792D42"
"08-媒体与产品/媒体/wechat_2026-06-07/W24_交易的唯一正确目标.md","5147","DEE142B08FCAD10ED44CCF657F0EA2971E35D297EB0465A3E68E28B0751B46BF"
"08-媒体与产品/媒体/wechat_2026-06-07/W24/W24_你和你爸和你自己_v2.md","9883","C9AB3A5895389A52A7C4F72D88B32F141A3F5C55976C23C66BB811868D3BF9DA"
"08-媒体与产品/媒体/wechat_2026-06-07/W24/W24_你和你爸和你自己_v3.md","10626","DBDD76D83B2C05B018E416E1DA1077A5B5E3332448C61BB5C59A9E317DFB813B"
"08-媒体与产品/媒体/wechat_2026-06-07/W25_平台策略.md","5111","32C980693675BF8E2B9839A555B84D4819C8311AA644181C6FC2F11CCCF25011"
"08-媒体与产品/媒体/wechat_2026-06-07/W26_写作心法_30分钟800字.md","12351","6A59FF4C69FAB5CB9A980EF14A5A95FC94DA1A90DD73933FB6B0C9A3D6848F9E"
"08-媒体与产品/媒体/wechat_2026-06-07/W27_身体的算法.md","17007","977B740E0B4D5F86035E9C09A66EB07401AC23976A64BCBE528D8FD5BEE07C56"
"08-媒体与产品/媒体/wechat_2026-06-07/W28_代际错位是护城河.md","14346","9C7CDC9B383EF624780FE6B894FA54D348F7A1A3A623806660475D9CD822C359"
"08-媒体与产品/媒体/wechat_2026-06-07/W28/W28_v3_final.md","8671","576AA61B704DF0FBC116E139E24184ED5910B5A3FB90788E7DF3D7886F82EC96"
"08-媒体与产品/媒体/wechat_2026-06-07/W29_决策瘟疫与认知免疫.md","12289","91E308EE7E28BA85E6B1E6546DB51D1B54788E331E6F3D4B253ACD4FC573A878"
"08-媒体与产品/媒体/wechat_2026-06-07/W29/W29_v3_final.md","7237","27290E7EF53423EA1B8827B02593D47F1ED286D1CA44EFA955F334894A4423A2"
"08-媒体与产品/媒体/wechat_2026-06-07/W30_从100篇内容到一人企业.md","13632","C8013BD05A54557CAB115B476A9A5296AC5E39802F980A69479AB1628B7BAF29"
"08-媒体与产品/媒体/wechat_2026-06-07/W30/W30_v3_final.md","7696","F5F01043A0CBF6372518112F031F8AC19B5273DD3DE12C958184958F86D9A458"
"08-媒体与产品/媒体/wechat_2026-06-07/W31_反脆弱的身体与关系.md","11560","91DA41C9BCB51FE530F43908265EA458471EF438F378BA1896464AEFE29104F2"
"08-媒体与产品/媒体/wechat_2026-06-07/W31/W31_神经可塑性_v2.md","7432","FF9EC939257468217800162B8AC1D6A2903EB4F9DACF555DAEDDBEEE45E9DCF7"
"08-媒体与产品/媒体/wechat_2026-06-07/W31/W31_神经可塑性_v3.md","8296","746A3C51CE89FCF5EE3489724C6DE4E019E8DFF3FD67FC169E8948087162FE44"
"08-媒体与产品/媒体/wechat_2026-06-07/W32_知识资产率.md","11323","02248348A6D21193550EE59FF8CD04C278BF4E2B3AE704DD2A3C4FECA4C6D8D0"
"08-媒体与产品/媒体/wechat_2026-06-07/W33_杠铃策略22岁版_优化版.md","6941","2F453C9E2EB95FC9990DD0577C6A276ACE0345C6036213D9DDEB6F017500C628"
"08-媒体与产品/媒体/wechat_2026-06-07/W33_杠铃策略22岁版.md","11144","A824C225F7B0B0B23C55B95265C43D5F9E13E89DFB96002EFB660363FFEA3A3B"
"08-媒体与产品/媒体/wechat_2026-06-07/W34_关系作为内容矿脉.md","11016","070AA543C831477F3FC671C6733AD3FCE574A5CFDEB826E06CDFC878EFAA374E"
"08-媒体与产品/媒体/wechat_2026-06-07/W35_身体复利.md","11665","AB6A5C8AB308405540A727A1025850503FF6CE442987A874DEB8B54A6EADCF9E"
"08-媒体与产品/媒体/wechat_2026-06-07/W36_认知框架重塑关系.md","11012","7FC334D5B16BC6FF3C37252861E2BD515CF3F489C8BF87176EF5DB18A53E1219"
"08-媒体与产品/媒体/wechat_2026-06-07/W36/W36_时间自主权重定义财富.md","13221","46794482AE3AD64EA26846DD4057E2F9E066B1BFB0C15BD98A16C8529590FE0A"
"08-媒体与产品/媒体/wechat_2026-06-07/W37_执行系统的第一性原理.md","11506","C406BB010DA47C02BBDBDFCAE82D5FEB98CFDA3B2600FFD49F17003B0F8D9981"
"08-媒体与产品/媒体/wechat_2026-06-07/W37/W37_P0单一主线.md","11632","B598D87E84BA174009F978577238A38F9050949E8BE199A49EC069F259142A24"
"08-媒体与产品/媒体/wechat_2026-06-07/W38_全簇连接图.md","11188","623AF1A980F61BA54C7F0F9FA75CD851AB4A92C82F819256FC6772B523B0078E"
"08-媒体与产品/媒体/wechat_2026-06-07/W38/W38_先避毁灭再求收益.md","11365","F8DCCB5CCF8674A9ADA56401B7968329E9B145228EC7F24F669FDFAA29E1BFB6"
"08-媒体与产品/媒体/wechat_2026-06-07/W39_身体化学决定思维质量.md","11042","852593907FFA1F729D664DF0D04F7E6DD6663CC133001DA3185B2CEC5BC96504"
"08-媒体与产品/媒体/wechat_2026-06-07/W39/W39_第一性原理五步算法.md","11347","0E660BD932E862E3A8D20CBC74FBD838966609419ECDB7D1076B19A115E47B09"
"08-媒体与产品/媒体/wechat_2026-06-07/W40_14天实验复利.md","11320","A31E3A83A38DB259FF68232E563E5D76460C2986CC56FDD00A0639B775789DA8"
"08-媒体与产品/媒体/wechat_2026-06-07/W40/W40_杠铃策略.md","11281","7BA16CA59ED0CE7B4A98E9A57927B09317EC89C76C4C510D063EACD9A541EA58"
"08-媒体与产品/媒体/wechat_2026-06-07/W41_知识到财富的转换.md","11000","FCDE94E87F06E6EE1B49ACD280EF1AF062679E8C6BF606AACF629EF18F5DFFD4"
"08-媒体与产品/媒体/wechat_2026-06-07/W41/W41_多巴胺注意力创作引擎.md","11038","DAF0DF3C7192BF310A7AE5FF97BBA625A51BC592AD2C7A0ADA1A8E3B593CC63B"
"08-媒体与产品/媒体/wechat_2026-06-07/W42_第一性原理内容护城河.md","10973","81D4105666EC33B56597DF83034A2A979CA04ED61016E08C9711A82E6038A9F4"
"08-媒体与产品/媒体/wechat_2026-06-07/W42/W42_反依赖形象管理.md","10877","A486141029440DD9882770173B1D92A3642832F52DD6D1C77CC3643F2CC4B5D8"
"08-媒体与产品/媒体/wechat_2026-06-07/W43_关系压力与执行恢复.md","11243","2993DD4F6850841EF892D62CA56CA437EA4E6CABC07EA92833EF19C742FE57FF"
"08-媒体与产品/媒体/wechat_2026-06-07/W43/W43_交易的正期望值系统.md","11239","4881F346B9EA626B99B82F4C57356FB4A0886DF7220F60C7854DD06D2D166AF4"
"08-媒体与产品/媒体/wechat_2026-06-07/W44_创作者的身体供电系统.md","11163","AAC6621BDF4ACBF48955C0445676533D5A611E6C99880900894D08A320519202"
"08-媒体与产品/媒体/wechat_2026-06-07/W44/W44_14天实验SOP.md","11280","FEAD7C4FD198B9ABC689B3267DA2F4111F105432D19824A5974091A8EC2DD3E3"
"08-媒体与产品/媒体/wechat_2026-06-07/W45_MVP到一人企业.md","11138","185959239EAE29F178842E5FEE4637CDFC6EE918A79B72A82C1920CF795BE7F3"
"08-媒体与产品/媒体/wechat_2026-06-07/W45/W45_最小可行性系统.md","10992","E3FDED6D91CBE9BAA74DE1D523CE6826813F4FCE20B83F55898B8C695EAD55B1"
"08-媒体与产品/媒体/wechat_2026-06-07/W46_身体是认知天花板.md","11163","C19DEB739C6EC2B5C3AAEBBEEA7ADC2C12B662B3D09CD36BE089FB181E330941"
"08-媒体与产品/媒体/wechat_2026-06-07/W46/W46_六格复盘.md","10788","0F6A1993CAA67261F410CF146A1A58B51ED155BB38B54D2FA1A0B00551C68E04"
"08-媒体与产品/媒体/wechat_2026-06-07/W47_内容关系财富飞轮.md","11035","AFC6E9E14A1D23B77260ECDA2FC53657EA748078445E93547D554E467CDF2A95"
"08-媒体与产品/媒体/wechat_2026-06-07/W47/W47_反脆弱.md","10879","B310C2792DFA296A2757404938F20ADB529D79873B4CFBD3902FCB4C368CDB82"
"08-媒体与产品/媒体/wechat_2026-06-07/W48_认知到财富的桥.md","11652","B0E90E1F8E7357EF94292B1D92E51EEFDEAA492ADA962FF54F6BF820688738F2"
"08-媒体与产品/媒体/wechat_2026-06-07/W48/W48_发布不是终点.md","10997","D683DA386C40F8E3260E602E36DCCF929576C75E4DFCA012F654E0D118EAD486"
"08-媒体与产品/媒体/wechat_2026-06-07/W49_灵感的神经化学.md","11047","1AE249C0629A2FC5A024B74579D46CFABEA1136BCADC054F3580F68505774769"
"08-媒体与产品/媒体/wechat_2026-06-07/W49/W49_article.md","10643","7D23E57078A82FFDB5D79B2441A4DA91C71B6C08C31D9644021C6FA0B0C89E79"
"08-媒体与产品/媒体/wechat_2026-06-07/W5/W5_杠铃策略_v3_expanded.md","10579","B5C422CA0C58789335211F2A51E18C443BE6A4C8B8FE9AC2B1D095735ABB433C"
"08-媒体与产品/媒体/wechat_2026-06-07/W50_零代码第一产品.md","12043","A3EF325C833447039044E785586DD79CA186045F1A96B3F38552D51880BB4D9E"
"08-媒体与产品/媒体/wechat_2026-06-07/W50/W50_article.md","10949","F03FC593F8CB672C812ABC62B7567ED4F2082B9A49C5D88C864797C0F6E80835"
"08-媒体与产品/媒体/wechat_2026-06-07/W51_反脆弱关系.md","10860","99B6FB055BBD52EEC46BBDB8B60C0E4C93CFC2EB9049A5BE3793D10C7A3F2642"
"08-媒体与产品/媒体/wechat_2026-06-07/W51/W51_系统大于目标.md","10989","FB53BEC30073B44FC7383035D54A89D89BEAA2520336704AF481B1E922B31B9E"
"08-媒体与产品/媒体/wechat_2026-06-07/W52_输出系统不是意志力.md","11365","5DB70A5EBCDDA1E472C7B5E1B69460AA058009BC020F0C71318BFA2E69B6551E"
"08-媒体与产品/媒体/wechat_2026-06-07/W52/W52_反共识不是叛逆.md","10981","3072D524D95A18CFD88146958D4964E1A5F4402E9338563F9C7AC61CCA3E0DA3"
"08-媒体与产品/媒体/wechat_2026-06-07/W53_模型层内容护城河.md","11397","185FE9285DB54BE35C3E22931764E18ED666AE120AB247A6C9143F7005307E78"
"08-媒体与产品/媒体/wechat_2026-06-07/W53/W53_内容产品化.md","11095","92C43684808F1AC4D4ECEDC97A9C3815961DF17257BFF95B90223FA243E894CC"
"08-媒体与产品/媒体/wechat_2026-06-07/W54_认知带宽的生理变量.md","11175","A069C2C3E44986902003EC9CB99B2D4397BF89EA49AC24A9872ECD941A92DCC0"
"08-媒体与产品/媒体/wechat_2026-06-07/W54/W54_身体是唯一硬件.md","11072","541F026C8812605B0ECE1AD384E9F262D37A8ED37A6F1EA6F80431C682786B95"
"08-媒体与产品/媒体/wechat_2026-06-07/W55_财务自由的三个系统.md","11377","18ADBB252A44AA06E46A4339D87581A5C1DBBD8459FC8AAE17DD941DE8129CF8"
"08-媒体与产品/媒体/wechat_2026-06-07/W55/W55_自信是证据的副产品.md","11009","B9C0D805638F74A7B0CF5FF74778EC64F6598A4D4EC68192271EA04333E92C77"
"08-媒体与产品/媒体/wechat_2026-06-07/W56_关系模式库.md","11047","3D9E5FF945F27ECCCD75FC1D8A7E81E2680DD53F16F6FEBA7DD5400A08CE0D5F"
"08-媒体与产品/媒体/wechat_2026-06-07/W56/W56_三位一体创作法.md","11075","1FE894025534589933D5033F9ED4DC2CF7DF3DB59CDFBF8ABB5387056C4B4F69"
"08-媒体与产品/媒体/wechat_2026-06-07/W57_自动驾驶12小时.md","11363","7069DF40B6B3D492BCE9623DBE32A89D4301F89A6BF3990F61F55494CFCC35DB"
"08-媒体与产品/媒体/wechat_2026-06-07/W57/W57_三件事法则.md","10896","762481F7FF09331591B5E23219E2E680427D1CD9151663EF0093F987E13750EF"
"08-媒体与产品/媒体/wechat_2026-06-07/W58_反共识选题法.md","11263","7D60A083488DEC9A8B0AA0A63916DAC776C5A3D068E28EE83298646A9D68DACD"
"08-媒体与产品/媒体/wechat_2026-06-07/W58/W58_环境设计.md","8251","D1898F15D4541FD06B93DD12DA8D0360F83F71600CE663698D0035AEA78A08DD"
"08-媒体与产品/媒体/wechat_2026-06-07/W59_全系列导航.md","11907","29321ED66938C965C4E3B071190D08A916FEF7C377B49414F5AF131EFC3CB948"
"08-媒体与产品/媒体/wechat_2026-06-07/W59/W59_复利的日常应用.md","4660","D05E31F35CD841FB93186843A5950F3CD5D6C36FAB68C6691E021BA5D38CF805"
"08-媒体与产品/媒体/wechat_2026-06-07/W6/W6_系统大于目标_v3_expanded.md","9183","FC2EE8C4FF430E3A0D2E05D1DDE9D1BBFA86BCE4948C2F8382D3DF9585CC47B4"
"08-媒体与产品/媒体/wechat_2026-06-07/W60_写给22岁的自己_发布版.md","6825","40699F9A1E995EDA55127C8BFEDFC315EFADC7438FC1A2527C831C9702122F3F"
"08-媒体与产品/媒体/wechat_2026-06-07/W60_写给22岁的自己.md","11929","5916F25E7BACD80B1EA9895E280C4E681F06BD40BEBEBA407AABF1F29B0886BE"
"08-媒体与产品/媒体/wechat_2026-06-07/W61_内容没让你变富的断桥.md","11150","93F5916D35EE2988C85FE2E38E1421BDB02BBD5BDCC579F3821209724910D0D4"
"08-媒体与产品/媒体/wechat_2026-06-07/W62_写赚流水线.md","12012","424AEABADB39958565EEE4CFD971E5C6BF9C556F37F10C62C242F397AA45EE67"
"08-媒体与产品/媒体/wechat_2026-06-07/W63_真思考假思考.md","11233","C57FA06D1B166AB42B7C9BCBC95A841A96DDB7F5BF7EA7294127367C697477F3"
"08-媒体与产品/媒体/wechat_2026-06-07/W64_身体投资标的.md","11829","284AC79058DD9F2A028999E7A319096B006D95C7F4166E023D48D0B15DBDE17A"
"08-媒体与产品/媒体/wechat_2026-06-07/W65_创作焦虑神经化学.md","11738","CAFD0EEFE8C9DCD8E963624679751BFB64972C9065AB2E44780735994C62EFD9"
"08-媒体与产品/媒体/wechat_2026-06-07/W66_创作者的一天SOP.md","12380","1A5DED1285E840EA133D4036EC392095AFFEF180E0F5D7FE05C960C40673E0DE"
"08-媒体与产品/媒体/wechat_2026-06-07/W67_冲突恢复协议.md","11205","40498697F84C988E00F7DE600318F699D7D2FD9938B9CC8BF6EEF398B8DAD51D"
"08-媒体与产品/媒体/wechat_2026-06-07/W68_家庭财富对话.md","11227","42F9A185E0F322F7D7980EF6A4B096AD3CB9CD123ECE9C774861F22E00BC5479"
"08-媒体与产品/媒体/wechat_2026-06-07/W69_游戏机制反向利用.md","11533","98648E3809A3A504F2D951200798485F5077560F6CEF199FFC0058475A7546AD"
"08-媒体与产品/媒体/wechat_2026-06-07/W70_知道和验证的鸿沟.md","11280","A53167C27F2C6B5A7C7FA8DB6B7618FF4EBBF06364FAC54B272349A42CB41730"
"08-媒体与产品/媒体/wechat_2026-06-07/W71_形象杠杆.md","10969","E6003EA38288956C302BDD29BAC864732B6E2D319573EEEDA9D33AB9DFB13154"
"08-媒体与产品/媒体/wechat_2026-06-07/W72_选题第一性原理.md","12029","7D993A2999F5547BF14AEAA311354411D1FC4BE4B05811FA8B9FC020B67F2A05"
"08-媒体与产品/媒体/wechat_2026-06-07/W73_环境替你选择.md","11070","A321CB7F03EE1DD6B9E982C13A12888A65EED6765348F7518EC821E1A8372A2F"
"08-媒体与产品/媒体/wechat_2026-06-07/W74_四种累.md","11334","B0CF3FE71A0DAAF807417065632D6DC115920221CE05C82C009B3E4D7AD7DF5C"
"08-媒体与产品/媒体/wechat_2026-06-07/W75_连续天数.md","11383","FD9EE24BFB1F0DEF9EF7BB95A68E7A874898CCC497BEE7735BAA598EFEA58A4D"
"08-媒体与产品/媒体/wechat_2026-06-07/W76_自建学习系统.md","10843","9B386205F3818F89301F20FF32B567CE020828C4B15DC9249991805158210EB2"
"08-媒体与产品/媒体/wechat_2026-06-07/W77_想法到产品.md","12074","D927DEC87B607E61B4F7439D26413EAE43E87E28F8778157A44B8BDD0F86579D"
"08-媒体与产品/媒体/wechat_2026-06-07/W78_父母的关心是素材.md","11181","DB127DB94DC0BC46829BDC1E3B5E13C68F03FCE72AE912F01959CA135BF9FE6F"
"08-媒体与产品/媒体/wechat_2026-06-07/W79_拖延神经经济学.md","11298","0F27A410B49F9E9EEE60DF5128A100D0C57111E1A70FA49CFEB65B2501261A0A"
"08-媒体与产品/媒体/wechat_2026-06-07/W8/W8_执行系统设计手册_v3_expanded.md","10523","A721C4243A65BB9406656984AAA272493CC925A04EB275E8BE5E5E1C63C1A324"
"08-媒体与产品/媒体/wechat_2026-06-07/W8/W8_执行系统设计手册_v4_final.md","11908","760134DCD5DA0DE12D26EAFC6C70B909531E6F918E19BEE884D326D160E77BC4"
"08-媒体与产品/媒体/wechat_2026-06-07/W8/W8_执行系统设计手册_v5_final.md","12097","073289DF9EBDE9B55147453BC0072DC67DB8A0054C992DD2EE33CA9BD5FD1AA4"
"08-媒体与产品/媒体/wechat_2026-06-07/W80_22岁试错期权.md","11083","F846CA3D94976DF0E20A4459932B8B3DE510B8545D675B0A9FD0C90B388980CF"
"08-媒体与产品/媒体/wechat_2026-06-07/W81_朋友圈注意力资产.md","12235","5A9CD5A654BB35A4E4145E0038C6B88C131C8ED6B977ECFC37820101294A5E15"
"08-媒体与产品/媒体/wechat_2026-06-07/W82_写作为默认模式.md","11436","1805A425AE4BEAD33BA7A31F1E9B71F3B46094712666C4592E8B8C41844840EA"
"08-媒体与产品/媒体/wechat_2026-06-07/W83_默认模式网络.md","11561","93ECA624574AEFD4977CEE3DF3DC9D42362373D75062A03076432F1B245B7CB1"
"08-媒体与产品/媒体/wechat_2026-06-07/W84_学习系统设计.md","11587","F99786AF169DB945FC29C5C8F7D18E93EC038800D702246C4AD401C17F80E925"
"08-媒体与产品/媒体/wechat_2026-06-07/W85_情绪是数据.md","11063","81AEAB2458BF6E7A9CD9D189C4B424180DDB497081CE8EDEB32B7862F94E9C34"
"08-媒体与产品/媒体/wechat_2026-06-07/W86_重新定义够_优化版.md","6315","445B9D487B47DB89464AFBE31EED045B98A5BC006670EE0CCB684DF6807B2670"
"08-媒体与产品/媒体/wechat_2026-06-07/W86_重新定义够.md","11891","E8D71639B6B542AEAD45A9BDC0B71FC589C1C9F093503966CCE5CBBFCC0C6AC0"
"08-媒体与产品/媒体/wechat_2026-06-07/W87_成瘾反向利用.md","11757","69ECEFD07BCCFF74ED19765B1B3504008A54509178AE33A24BC2F794A2350463"
"08-媒体与产品/媒体/wechat_2026-06-07/W88_亏损的ROI.md","11505","41BFF1ABFDDA0585EB18E6CF15D6261EFF8EEEB84B9DAB149E258A47F01CF51C"
"08-媒体与产品/媒体/wechat_2026-06-07/W89_运行系统的人.md","11497","5ED5D91E8D7F7EFB4B93DB1EA12511510C88498B19F95C0D39F0B55142E17C8A"
"08-媒体与产品/媒体/wechat_2026-06-07/W9/W9_关系是镜子_v3_expanded.md","10273","ED4EF0ACB675DDD6B2FB67A732E8B2C6628535361ECDE5E42B1168DAD4D87243"
"08-媒体与产品/媒体/wechat_2026-06-07/W9/W9_关系是镜子_v4_final.md","11128","690EF549E1DC1450A7C29ED4738A2A3E2DC3C8A6C2BA37E032AFCF71CDF22DBB"
"08-媒体与产品/媒体/wechat_2026-06-07/W90_选一条验证.md","11289","0B8905CDFA62C442B3FBF9AD7126B4D106FDBEB9E2B2C508C4C913D51815D819"
"08-媒体与产品/媒体/wechat_2026-06-07/W91_内外动力.md","11848","2508D50A5833ADD2BCA820292DDE5D2FEE3D726F50B39BD4DF54D34B1288AB82"
"08-媒体与产品/媒体/wechat_2026-06-07/W92_认知重启协议.md","11439","FAA96C7CC39A66F3B83FB59575665724FF78164658025CB9DB884120ACBCAC25"
"08-媒体与产品/媒体/wechat_2026-06-07/W93_打破写作恐惧.md","11490","A8EF24F87F0FB600FE4DFFC43E32842E141D23B090AB03824561DD1BB5ECC07F"
"08-媒体与产品/媒体/wechat_2026-06-07/W94_个人IP不是打造的.md","13171","47F54B2B4E24DB14D5878108438913FA930EB0C0C6FB9B6369D381E2E6CB5C42"
"08-媒体与产品/媒体/wechat_2026-06-07/W95_运行你的人生OS.md","11535","4820C0B7D1C113B97C61B542A34510E60B822AEF92414C3360116C33CC2C0323"
"08-媒体与产品/媒体/wechat_2026-06-07/W96_实验替代规划.md","11587","D7F972DE2EEF09059AC32EB384F0FE18D33E814770F9B2F1A7E4F207C1D9CA08"
"08-媒体与产品/媒体/wechat_2026-06-07/W97_焦虑低电量警报.md","11267","9CA0C64F05EC6396DF4E6EED0E1F7BE01DC19B4E5FD0C40A86AB92C42061B3DE"
"08-媒体与产品/媒体/wechat_2026-06-07/W98_信息转化率.md","12040","ABD74F41A0FF8F2045CC55F49E13365048A1CECD769480639AB8C4B97344B973"
"08-媒体与产品/媒体/wechat_2026-06-07/W99_选题燃料不足.md","11426","972F613F3E9BF353F8B053D41EFC06843A4370DA883B7CB3103A3F31C7F0A2B9"
"08-媒体与产品/媒体/wechat_2026-06-07/W999_v7_CH01_大脑三层旧楼_元认知觉醒.md","6328","7E527680935ACC45BB4C883C90F7A1FC2C4C1B6045CCC7C4321FC414D8288EA7"
"08-媒体与产品/媒体/xiaohongshu/IMAGE_DESIGN_SPEC.md","6061","C0A2105B9691BE76BE48D8C7E17B37DD30AE301A7B44E39832EA04AD5850845C"
"08-媒体与产品/媒体/xiaohongshu/XC1a.md","3827","B37D2D478115BD3A4668789521D52A561F1D5DAB8CFD890E2B107B73FB60DDEA"
"08-媒体与产品/媒体/xiaohongshu/XC1b.md","3583","4B6BE6B3EC11F144E04AB584EE58EC49F1A07B74DF5DC70C24042B3849D54281"
"08-媒体与产品/媒体/xiaohongshu/XC1c.md","3410","24D09C108934CCB1A1E56AFB4023BB224C8450D515788D6D7807DF7AFF88AA6A"
"08-媒体与产品/媒体/xiaohongshu/XC2a.md","5440","78DFC1350DD4F398B774E2EA6A6BF4DB51B176DA4628FAA4518870C4CCB664A4"
"08-媒体与产品/媒体/xiaohongshu/XC2b.md","5206","90A81C4CD7921A4E4317C0152ACDAA7F942DD46D3D1353573916BB8177A8085E"
"08-媒体与产品/媒体/xiaohongshu/XC2c.md","3721","EC4821DC2ED5410ADCDEB624736047F095C3BE40BC5A2D768F69A96ED563BDD7"
"08-媒体与产品/媒体/xiaohongshu/XC3a.md","4574","F9B81580879C7305AD37B9C0E0B351388FB17A4F992AD9C1E1EE9C292DDC4302"
"08-媒体与产品/媒体/xiaohongshu/XC3b.md","9361","02ADB2CF25129E76F7CB213B65ED3AAB0837351C18BE532CF6427FD3862B1C4D"
"08-媒体与产品/媒体/xiaohongshu/XC3c.md","4008","6573B2F3826F08A565C3CFCFFB2562FB8C8623C37BA91F19C491A8CA42887DCC"
"08-媒体与产品/媒体/xiaohongshu/XC4a.md","4532","1698164EE93682AD37E8B15D47894CAB9A0A57BCF6465FFE37CF90D484663AFC"
"08-媒体与产品/媒体/xiaohongshu/XC4b.md","4016","A2E7F604E52CC2952AC7213958E2DA477C6FFCAF34E9BAF9360E23B94557A398"
"08-媒体与产品/媒体/xiaohongshu/XC4c.md","3747","568DD2340E0F29E2EADF716A13164DE42ADCD3883CD0D8EE7F11DC51F044B6DF"
"08-媒体与产品/媒体/xiaohongshu/XC5a.md","4533","A95E40CB527A0C55BD45FE9C94A707333248450DAD1FA23745292CA1E07F3B13"
"08-媒体与产品/媒体/xiaohongshu/XC5b.md","4043","0A802CFEB4F395A037C4E621FA7C8A6DF1588042E0D3927D705879A41128A673"
"08-媒体与产品/媒体/xiaohongshu/XC5c.md","3517","4857EBEE08996F2B848A2717B3AD358E0B767BB229F60A6538B01D68FFEF3FCB"
"08-媒体与产品/媒体/xiaohongshu/XC6a.md","4693","5066DE4F1F80936A12D218DD56F8CD3B9CDB7C0A10959B965F9367134EFE36E5"
"08-媒体与产品/媒体/xiaohongshu/XC6b.md","3552","6795953167781B3B8E848C7639DD2C87E83E2E36391EE6EF4592E9D369461353"
"08-媒体与产品/媒体/xiaohongshu/XC6c.md","3724","2479E1B1681E4D6E3A3ED409062BA3DFD9EE0108C54858E21D99FBD38499DF68"
"08-媒体与产品/媒体/xiaohongshu/XC7a.md","4478","E06DE8AECD901F6558717F383033FD1AEC5104E8DCE1D3648D236B345CC8C4F4"
"08-媒体与产品/媒体/xiaohongshu/XC7b.md","4119","BCE821E14726D3048912DC4ABC9748443ABBF7011E26A1728537E38D3DC232E9"
"08-媒体与产品/媒体/xiaohongshu/XC7c.md","12068","945FF78D8866C314CCE0310C047D489DA6CE7BDCA0FF45CAEF70EC83709DF71B"
