"old_path","provisional_class","decision"
".dbs/assembly/douyin/_gen_fix2.py","probable-temporary-or-generated","pending"
".dbs/assembly/douyin/_gen_full.py","probable-temporary-or-generated","pending"
".dbs/assembly/douyin/_gen_helper.py","probable-temporary-or-generated","pending"
".dbs/assembly/douyin/_t3.md","manual-review-required","pending"
".dbs/assembly/douyin/_test.md","probable-temporary-or-generated","pending"
".dbs/assembly/douyin/_test2.md","probable-temporary-or-generated","pending"
".dbs/assembly/douyin/_test_utf8.txt","probable-temporary-or-generated","pending"
".dbs/assembly/douyin/_tmp_day15.md","probable-temporary-or-generated","pending"
".dbs/assembly/douyin/_tmp_day16.md","probable-temporary-or-generated","pending"
".dbs/assembly/douyin/_tmp_day17.md","probable-temporary-or-generated","pending"
".dbs/assembly/douyin/_tmp_day18.md","probable-temporary-or-generated","pending"
".dbs/assembly/douyin/_tmp_day19.md","probable-temporary-or-generated","pending"
".dbs/assembly/douyin/_tmp_day20.md","probable-temporary-or-generated","pending"
".dbs/assembly/douyin/_tmp_day21.md","probable-temporary-or-generated","pending"
".dbs/assembly/douyin/_tmp_day22.md","probable-temporary-or-generated","pending"
".dbs/assembly/douyin/_tmp_day23.md","probable-temporary-or-generated","pending"
".dbs/assembly/douyin/_tmp_day24.md","probable-temporary-or-generated","pending"
".dbs/assembly/douyin/_tmp_day25.md","probable-temporary-or-generated","pending"
".dbs/assembly/douyin/_tmp_day26.md","probable-temporary-or-generated","pending"
".dbs/assembly/douyin/_tmp_day27.md","probable-temporary-or-generated","pending"
".dbs/assembly/douyin/_tmp_day28.md","probable-temporary-or-generated","pending"
".dbs/assembly/douyin/_tmp_day29.md","probable-temporary-or-generated","pending"
".dbs/assembly/douyin/_tmp_day30.md","probable-temporary-or-generated","pending"
"01-内容生产/dontbesilent 聊赚钱（每天更新）/支持定制，你想要什么样的资料告诉我，我给你完整的逐字稿/定制.txt","manual-review-required","pending"
"01-内容生产/内容体系/03-处理状态/人工去重候选.csv","manual-review-required","pending"
"01-内容生产/内容体系/03-处理状态/关系索引.csv","manual-review-required","pending"
"01-内容生产/内容体系/03-处理状态/去重与冲突审计.csv","manual-review-required","pending"
"01-内容生产/内容体系/03-处理状态/去重候选索引.csv","manual-review-required","pending"
"01-内容生产/内容体系/03-处理状态/来源注册表.csv","manual-review-required","pending"
"01-内容生产/姜胡说（每天更新）/支持定制，你想要什么样的资料告诉我，我给你完整的逐字稿/定制.txt","manual-review-required","pending"
"01-内容生产/进行中/健康巅峰_v2_反隐喻.md","manual-review-required","pending"
"01-内容生产/进行中/健康巅峰_操作系统.md","manual-review-required","pending"
"01-内容生产/进行中/宇宙底层机制-守恒/tmp_combined.md","probable-temporary-or-generated","pending"
"01-知识项目/content-creation/knowledge-cards/card-元认知.md","manual-review-required","pending"
"01-知识项目/content-creation/knowledge-cards/card-复利.md","manual-review-required","pending"
"01-知识项目/content-creation/knowledge-cards/card-延迟满足.md","manual-review-required","pending"
"01-知识项目/content-creation/knowledge-cards/card-心智带宽.md","manual-review-required","pending"
"01-知识项目/content-creation/knowledge-cards/card-第一性原理.md","manual-review-required","pending"
"01-知识项目/content-creation/knowledge-cards/card-系统思维.md","manual-review-required","pending"
"01-知识项目/content-creation/knowledge-cards/card-认知偏差.md","manual-review-required","pending"
"02-工作区/飞书-协作配置.md","manual-review-required","pending"
"02-工作区/飞书门面配置.md","manual-review-required","pending"
"03-资源库/weread/_BOOK_SUMMARY.md","manual-review-required","pending"
"03-资源库/weread/top_bookmarks.json","manual-review-required","pending"
"03-资源库/素材库/deep-research-知行合一.md","manual-review-required","pending"
"03-资源库/素材库/人生操作系统-00-序言.md","manual-review-required","pending"
"03-资源库/素材库/人生操作系统-01-元系统.md","manual-review-required","pending"
"03-资源库/素材库/人生操作系统-02-健康.md","manual-review-required","pending"
"03-资源库/素材库/人生操作系统-03-认知.md","manual-review-required","pending"
"03-资源库/素材库/人生操作系统-04-时间能量.md","manual-review-required","pending"
"03-资源库/素材库/人生操作系统-05-财富.md","manual-review-required","pending"
"03-资源库/素材库/人生操作系统-06-创造.md","manual-review-required","pending"
"03-资源库/素材库/人生操作系统-07-学习.md","manual-review-required","pending"
"03-资源库/素材库/人生操作系统-08-决策.md","manual-review-required","pending"
"03-资源库/素材库/人生操作系统-09-AI个体增长.md","manual-review-required","pending"
"03-资源库/素材库/人生操作系统-10-关系.md","manual-review-required","pending"
"03-资源库/素材库/人生操作系统-11-意义.md","manual-review-required","pending"
"03-资源库/素材库/人生操作系统-12-系统闭环.md","manual-review-required","pending"
"03-资源库/素材库/人生操作系统-13-后记.md","manual-review-required","pending"
"03-资源库/素材库/人生操作系统-v2-00-序言.md","manual-review-required","pending"
"03-资源库/素材库/人生操作系统-v2-01-元系统.md","manual-review-required","pending"
"03-资源库/素材库/人生操作系统-v2-02-健康.md","manual-review-required","pending"
"03-资源库/素材库/人生操作系统-v2-03-认知.md","manual-review-required","pending"
"03-资源库/素材库/人生操作系统-v2-04-时间能量.md","manual-review-required","pending"
"03-资源库/素材库/人生操作系统-v2-05-财富.md","manual-review-required","pending"
"03-资源库/素材库/人生操作系统-v2-06-创造.md","manual-review-required","pending"
"03-资源库/素材库/人生操作系统-v2-07-学习.md","manual-review-required","pending"
"03-资源库/素材库/人生操作系统-v2-08-决策.md","manual-review-required","pending"
"03-资源库/素材库/人生操作系统-v2-09-AI个体增长.md","manual-review-required","pending"
"03-资源库/素材库/人生操作系统-v2-10-关系.md","manual-review-required","pending"
"03-资源库/素材库/人生操作系统-v2-11-意义.md","manual-review-required","pending"
"03-资源库/素材库/人生操作系统-v2-12-系统闭环.md","manual-review-required","pending"
"03-资源库/素材库/人生操作系统-v2-13-后记.md","manual-review-required","pending"
"03-资源库/飞书门面配置.md","manual-review-required","pending"
"2026-07-04.md","manual-review-required","pending"
"_OPTIMIZATION_REPORT.md","manual-review-required","pending"
"_gen.py","probable-temporary-or-generated","pending"
"_logs/2026-07-04.md","probable-disposable-or-log","pending"
"_meta/b64_part1.txt","manual-review-required","pending"
"_meta/g2_debug.txt","manual-review-required","pending"
"_meta/gen_b1.py","probable-temporary-or-generated","pending"
"_meta/insert.py","manual-review-required","pending"
"_meta/insert_step1.py","manual-review-required","pending"
"_meta/run_insert.py","manual-review-required","pending"
"_meta/skill_gate_scan.csv","manual-review-required","pending"
"_meta/tmp_patch1.diff","probable-temporary-or-generated","pending"
"_meta/weread_fresh_highlights.md","manual-review-required","pending"
"_meta/weread_key_highlights.md","manual-review-required","pending"
"_temp_write.ps1","probable-temporary-or-generated","pending"
"_test_write.md","probable-temporary-or-generated","pending"
"_tmp_write_v2.py","probable-temporary-or-generated","pending"
"gen_ref_v2.py","probable-temporary-or-generated","pending"
"media/wechat_2026-06-07/W34/W34_v1.txt","manual-review-required","pending"
"untitled-note-1783251274.md","manual-review-required","pending"
"未命名 1.base","orphan-obsidian-view","pending"
"未命名 1.canvas","orphan-obsidian-view","pending"
"未命名 2.base","orphan-obsidian-view","pending"
"未命名 2.canvas","orphan-obsidian-view","pending"
"未命名 3.canvas","orphan-obsidian-view","pending"
"未命名 4.canvas","orphan-obsidian-view","pending"
"未命名.base","probable-disposable-or-log","pending"
"未命名.canvas","probable-disposable-or-log","pending"
"生命之书.md","manual-review-required","pending"
"迁移/Questions（问题库） f8a03c54805d83308a65811defa1dd4e.csv.md","manual-review-required","pending"
