"script","extension","bytes","last_write","status","authority","stale_path_hits","decision"
"add_stanley_xref.py",".py","2016","2026-07-15 01:46:17","review-required","","0","pending"
"ai_taste_diag.py",".py","2339","2026-07-15 01:46:17","review-required","","0","pending"
"alchemist_audit.py",".py","4355","2026-07-15 01:46:17","review-required","","0","pending"
"analyze_vault_v3.ps1",".ps1","2517","2026-06-09 23:40:43","legacy-candidate","","0","pending"
"check_brand.py",".py","759","2026-07-15 01:46:17","review-required","","0","pending"
"check_missing.py",".py","494","2026-07-15 01:46:17","review-required","","0","pending"
"clean_token.py",".py","581","2026-06-11 21:36:38","review-required","","0","pending"
"content_guard_v7.py",".py","4643","2026-07-15 01:46:17","review-required","","0","pending"
"content_quality_audit.py",".py","3441","2026-07-15 01:46:17","review-required","","0","pending"
"create_shortcuts.ps1",".ps1","1644","2026-06-21 22:21:26","review-required","","0","pending"
"dbs_diagnosis.py",".py","3273","2026-07-15 01:46:17","review-required","","0","pending"
"enhance_t8_cards.py",".py","1891","2026-07-15 01:46:17","review-required","","0","pending"
"enhance_w_series.py",".py","2005","2026-07-15 01:46:17","review-required","","0","pending"
"feishu_sync.py",".py","5555","2026-07-15 01:46:17","blocked-sensitive","","0","pending"
"generate_report.ps1",".ps1","4605","2026-07-15 01:46:17","review-required","","0","pending"
"illustration_plan_v2.py",".py","2451","2026-07-15 01:46:17","review-required","","0","pending"
"illustration_plan.py",".py","2739","2026-07-15 01:46:17","review-required","","0","pending"
"legacy-meta/batch_detemplate.ps1",".ps1","7243","2026-07-15 01:46:17","legacy-existing","","0","keep-legacy"
"legacy-meta/blocked-frozen-book-writers/arch_diag_v2.py",".py","3796","2026-07-15 01:46:17","blocked-frozen-writer","","0","quarantined-read-only-policy"
"legacy-meta/blocked-frozen-book-writers/architecture_diagram.py",".py","4491","2026-07-15 01:46:17","blocked-frozen-writer","","0","quarantined-read-only-policy"
"legacy-meta/blocked-frozen-book-writers/batch_evidence_fix.py",".py","5363","2026-07-15 01:46:17","blocked-frozen-writer","","0","quarantined-read-only-policy"
"legacy-meta/blocked-frozen-book-writers/clean_manuscript.py",".py","7855","2026-07-15 01:46:17","blocked-frozen-writer","","0","quarantined-read-only-policy"
"legacy-meta/blocked-frozen-book-writers/consolidate_references.py",".py","7921","2026-07-15 01:46:17","blocked-frozen-writer","","0","quarantined-read-only-policy"
"legacy-meta/blocked-frozen-book-writers/content_strategy.py",".py","2721","2026-07-15 01:46:17","blocked-frozen-writer","","0","quarantined-read-only-policy"
"legacy-meta/blocked-frozen-book-writers/evidence_audit.py",".py","5308","2026-07-15 01:46:17","blocked-frozen-writer","","0","quarantined-read-only-policy"
"legacy-meta/blocked-frozen-book-writers/evidence_recheck.py",".py","1576","2026-07-15 01:46:17","blocked-frozen-writer","","0","quarantined-read-only-policy"
"legacy-meta/blocked-frozen-book-writers/gen_slides.py",".py","6981","2026-07-15 01:46:17","blocked-frozen-writer","","0","quarantined-read-only-policy"
"legacy-meta/blocked-frozen-book-writers/health_check.py",".py","5091","2026-07-15 01:46:17","blocked-frozen-writer","","0","quarantined-read-only-policy"
"legacy-meta/blocked-frozen-book-writers/master_index.py",".py","4518","2026-07-15 01:46:17","blocked-frozen-writer","","0","quarantined-read-only-policy"
"legacy-meta/blocked-frozen-book-writers/pre_repair_snapshot.py",".py","5054","2026-07-15 01:46:17","blocked-frozen-writer","","0","quarantined-read-only-policy"
"legacy-meta/blocked-frozen-book-writers/rebuild_practice.py",".py","3854","2026-07-15 01:46:17","blocked-frozen-writer","","0","quarantined-read-only-policy"
"legacy-meta/blocked-frozen-book-writers/reformat_book.py",".py","5172","2026-07-15 01:46:17","blocked-frozen-writer","","0","quarantined-read-only-policy"
"legacy-meta/blocked-frozen-book-writers/split_theory_practice.py",".py","6797","2026-07-15 01:46:17","blocked-frozen-writer","","0","quarantined-read-only-policy"
"legacy-meta/blocked-frozen-book-writers/wewrite_checklist.py",".py","3377","2026-07-15 01:46:17","blocked-frozen-writer","","0","quarantined-read-only-policy"
"legacy-meta/convert_4_articles.ps1",".ps1","6517","2026-07-15 01:46:17","legacy-existing","","0","keep-legacy"
"legacy-meta/convert_articles.py",".py","5173","2026-07-15 01:46:17","legacy-existing","","0","keep-legacy"
"legacy-meta/convert_html.py",".py","5019","2026-07-15 01:46:17","legacy-existing","","0","keep-legacy"
"legacy-meta/extract_all.py",".py","2759","2026-07-15 01:46:17","legacy-existing","","0","keep-legacy"
"legacy-meta/extract_ch2.py",".py","1522","2026-07-15 01:46:17","legacy-existing","","0","keep-legacy"
"legacy-meta/extract_dbs.py",".py","1988","2026-07-15 01:46:17","legacy-existing","","0","keep-legacy"
"legacy-meta/generate_dbs_pdf.py",".py","6176","2026-07-15 18:07:12","legacy-existing","","0","keep-legacy"
"legacy-meta/generate_jhs_pdf.py",".py","6005","2026-07-15 18:07:12","legacy-existing","","0","keep-legacy"
"legacy-meta/generate_pdf.py",".py","6614","2026-07-15 01:46:17","legacy-existing","","0","keep-legacy"
"legacy-meta/one-off-2026-07-15/_fix_lists.py",".py","3308","2026-07-15 01:46:17","legacy-existing","","0","keep-legacy"
"legacy-meta/one-off-2026-07-15/_scan_faith.py",".py","2860","2026-07-15 01:46:17","legacy-existing","","0","keep-legacy"
"legacy-meta/one-off-2026-07-15/analyze_vault_v2.ps1",".ps1","4085","2026-06-09 23:39:36","legacy-existing","","0","keep-legacy"
"legacy-meta/one-off-2026-07-15/analyze_vault.ps1",".ps1","5261","2026-07-15 01:46:17","legacy-existing","","0","keep-legacy"
"legacy-meta/one-off-2026-07-15/apply_renzhijuexing_style.py",".py","8092","2026-07-15 01:46:17","legacy-existing","","0","keep-legacy"
"legacy-meta/one-off-2026-07-15/batch_fix_g2.py",".py","2471","2026-07-15 01:46:17","legacy-existing","","0","keep-legacy"
"legacy-meta/one-off-2026-07-15/batch_fix_gates.py",".py","3413","2026-07-15 01:46:17","legacy-existing","","0","keep-legacy"
"legacy-meta/one-off-2026-07-15/batch_fix_v2.py",".py","2819","2026-07-15 01:46:17","legacy-existing","","0","keep-legacy"
"legacy-meta/one-off-2026-07-15/cleanup_entropy.ps1",".ps1","3132","2026-07-15 01:54:08","legacy-existing","","0","keep-legacy"
"legacy-meta/one-off-2026-07-15/cleanup_g2.py",".py","2336","2026-06-12 02:20:37","legacy-existing","","0","keep-legacy"
"legacy-meta/one-off-2026-07-15/debug_g2.py",".py","882","2026-07-15 01:46:17","legacy-existing","","0","keep-legacy"
"legacy-meta/one-off-2026-07-15/enrich_batch2.py",".py","2834","2026-07-15 01:46:17","legacy-existing","","0","keep-legacy"
"legacy-meta/one-off-2026-07-15/enrich_ch03.py",".py","1670","2026-07-15 01:46:17","legacy-existing","","0","keep-legacy"
"legacy-meta/one-off-2026-07-15/enrich_wechat.py",".py","3020","2026-06-11 21:36:44","legacy-existing","","0","keep-legacy"
"legacy-meta/one-off-2026-07-15/final_cleanup.ps1",".ps1","1056","2026-07-15 01:46:17","legacy-existing","","0","keep-legacy"
"legacy-meta/one-off-2026-07-15/final_spot_check.py",".py","2074","2026-06-12 02:21:28","legacy-existing","","0","keep-legacy"
"legacy-meta/one-off-2026-07-15/final_summary.py",".py","1855","2026-06-11 21:36:44","legacy-existing","","0","keep-legacy"
"legacy-meta/one-off-2026-07-15/find_dups.py",".py","1169","2026-06-12 02:20:28","legacy-existing","","0","keep-legacy"
"legacy-meta/one-off-2026-07-15/find_last2.py",".py","272","2026-07-15 01:46:17","legacy-existing","","0","keep-legacy"
"legacy-meta/one-off-2026-07-15/fix_banned_cards.py",".py","2204","2026-06-11 21:36:44","legacy-existing","","0","keep-legacy"
"legacy-meta/one-off-2026-07-15/fix_ch02_evidence.py",".py","4803","2026-07-15 01:46:17","legacy-existing","","0","keep-legacy"
"legacy-meta/one-off-2026-07-15/fix_ch05_evidence.py",".py","6286","2026-07-15 01:46:17","legacy-existing","","0","keep-legacy"
"legacy-meta/one-off-2026-07-15/fix_g5.py",".py","1240","2026-06-12 02:21:10","legacy-existing","","0","keep-legacy"
"legacy-meta/one-off-2026-07-15/fix_remaining_g2.py",".py","3191","2026-07-15 01:46:17","legacy-existing","","0","keep-legacy"
"legacy-meta/one-off-2026-07-15/fix_stragglers.py",".py","2405","2026-07-15 01:46:17","legacy-existing","","0","keep-legacy"
"legacy-meta/one-off-2026-07-15/fix_thin_d9.py",".py","2544","2026-06-12 02:27:17","legacy-existing","","0","keep-legacy"
"legacy-meta/one-off-2026-07-15/gen_wechat_234.py",".py","12808","2026-07-15 01:46:17","legacy-existing","","0","keep-legacy"
"legacy-meta/one-off-2026-07-15/gen_wechat_5678.py",".py","10170","2026-07-15 01:46:17","legacy-existing","","0","keep-legacy"
"legacy-meta/one-off-2026-07-15/gen_wechat_ch01.py",".py","7307","2026-07-15 01:46:17","legacy-existing","","0","keep-legacy"
"legacy-meta/one-off-2026-07-15/repair_dedup_damage.py",".py","3105","2026-07-15 01:46:17","legacy-existing","","0","keep-legacy"
"legacy-meta/one-off-2026-07-15/scan_low_quality.ps1",".ps1","3266","2026-07-15 01:46:17","legacy-existing","","0","keep-legacy"
"legacy-meta/one-off-2026-07-15/scan_skills_v2.py",".py","3648","2026-07-15 01:46:17","legacy-existing","","0","keep-legacy"
"legacy-meta/one-off-2026-07-15/scan_skills.py",".py","3692","2026-07-15 01:46:17","legacy-existing","","0","keep-legacy"
"legacy-meta/one-off-2026-07-15/scan_strict.py",".py","3970","2026-07-15 01:46:17","legacy-existing","","0","keep-legacy"
"legacy-meta/one-off-2026-07-15/spot_check_v2.py",".py","1934","2026-06-12 02:20:21","legacy-existing","","0","keep-legacy"
"legacy-meta/one-off-2026-07-15/spot_check.py",".py","4656","2026-07-15 01:46:17","legacy-existing","","0","keep-legacy"
"legacy-meta/one-off-2026-07-15/traffic_fix_r1.py",".py","3524","2026-06-11 21:36:32","legacy-existing","","0","keep-legacy"
"legacy-meta/one-off-2026-07-15/traffic_fix_r3.py",".py","3172","2026-07-15 01:46:17","legacy-existing","","0","keep-legacy"
"legacy-meta/one-off-2026-07-15/traffic_r2_eval.py",".py","1792","2026-06-11 21:36:32","legacy-existing","","0","keep-legacy"
"legacy-meta/one-off-2026-07-15/traffic_r2b_eval.py",".py","2360","2026-06-11 21:36:32","legacy-existing","","0","keep-legacy"
"legacy-meta/one-off-2026-07-15/traffic_review_r1.py",".py","5742","2026-06-11 21:36:32","legacy-existing","","0","keep-legacy"
"legacy-meta/one-off-2026-07-15/weread_batch2.py",".py","2056","2026-07-15 01:46:17","blocked-sensitive","","0","pending-credential-rotation"
"legacy-meta/one-off-2026-07-15/weread_batch3.py",".py","2003","2026-07-15 01:46:17","blocked-sensitive","","0","pending-credential-rotation"
"legacy-meta/one-off-2026-07-15/weread_ev_v2.py",".py","2164","2026-07-15 01:46:17","legacy-existing","","0","keep-legacy"
"legacy-meta/one-off-2026-07-15/weread_evidence_update.py",".py","2529","2026-07-15 01:54:08","legacy-existing","","0","keep-legacy"
"legacy-meta/one-off-2026-07-15/weread_extract_top.py",".py","2438","2026-07-15 01:46:17","blocked-sensitive","","0","pending-credential-rotation"
"legacy-meta/one-off-2026-07-15/weread_extract_v2.py",".py","2574","2026-07-15 01:46:17","blocked-sensitive","","0","pending-credential-rotation"
"legacy-meta/one-off-2026-07-15/weread_highlights.py",".py","1136","2026-06-11 21:36:32","blocked-sensitive","","0","pending-credential-rotation"
"legacy-meta/one-off-2026-07-15/weread_map_to_v7.py",".py","2613","2026-07-15 01:46:17","legacy-existing","","0","keep-legacy"
"legacy-meta/one-off-2026-07-15/weread_map_v2.py",".py","2012","2026-07-15 01:46:17","legacy-existing","","0","keep-legacy"
"legacy-meta/one-off-2026-07-15/weread_test.py",".py","874","2026-06-11 21:36:32","blocked-sensitive","","0","pending-credential-rotation"
"map-units-to-projects.ps1",".ps1","1151","2026-06-12 23:51:12","review-required","","0","pending"
"media_quality_scan.py",".py","3113","2026-06-12 02:38:05","review-required","","0","pending"
"migrate_top_level.ps1",".ps1","4313","2026-07-15 01:50:51","legacy-stale-paths","","18","pending"
"monthly_log_summary.py",".py","5723","2026-07-15 18:07:12","active","99-系统/日志/LOG_POLICY.md monthly maintenance","0","keep"
"qa_recheck.py",".py","2232","2026-07-15 01:46:17","review-required","","0","pending"
"rebuild_home.ps1",".ps1","2950","2026-07-15 01:48:03","legacy-candidate","","0","pending"
"rebuild_mocs.ps1",".ps1","4851","2026-07-15 18:23:20","active","HOME.md weekly maintenance","0","keep"
"repair_compound_path_replacements.ps1",".ps1","1397","2026-07-15 01:47:51","legacy-stale-paths","","4","pending"
"test_feishu.py",".py","1572","2026-07-15 01:46:17","blocked-sensitive","","0","pending"
"utility_audit.py",".py","2810","2026-06-12 02:27:05","review-required","","0","pending"
"wechat_audit.py",".py","1992","2026-07-15 01:46:17","review-required","","0","pending"
