"buffer","file","owner","last_write","age_days","status","disposition","promote_to","review_by"
"01-项目/00-缓冲区","01-项目/00-缓冲区/README.md","00-缓冲区","2026-07-15 18:08:13","0","governance-file","keep","","2026-08-14"
"01-项目/知行转化研究/00-缓冲区","01-项目/知行转化研究/00-缓冲区/02-neighbor-theory-audit.md","知行转化研究","2026-07-12 15:26:10","3","current-review","pending","","2026-08-14"
"01-项目/知行转化研究/00-缓冲区","01-项目/知行转化研究/00-缓冲区/03-local-material-audit.md","知行转化研究","2026-07-15 18:07:10","0","current-review","pending","","2026-08-14"
"01-项目/知行转化研究/00-缓冲区","01-项目/知行转化研究/00-缓冲区/audit/00-preflight-and-baseline.md","知行转化研究","2026-07-15 01:46:15","0","current-review","pending","","2026-08-14"
"01-项目/知行转化研究/00-缓冲区","01-项目/知行转化研究/00-缓冲区/audit/01-citation-audit.md","知行转化研究","2026-07-13 12:32:34","2","current-review","pending","","2026-08-14"
"01-项目/知行转化研究/00-缓冲区","01-项目/知行转化研究/00-缓冲区/audit/02-originality-audit.md","知行转化研究","2026-07-12 16:18:57","3","current-review","pending","","2026-08-14"
"01-项目/知行转化研究/00-缓冲区","01-项目/知行转化研究/00-缓冲区/audit/03-anti-ai-surgery.md","知行转化研究","2026-07-12 15:57:01","3","current-review","pending","","2026-08-14"
"01-项目/知行转化研究/00-缓冲区","01-项目/知行转化研究/00-缓冲区/audit/04-runtime-and-acceptance.md","知行转化研究","2026-07-15 01:46:15","0","current-review","pending","","2026-08-14"
"01-项目/知行转化研究/00-缓冲区","01-项目/知行转化研究/00-缓冲区/audit/05-content-guard-and-diff-review.md","知行转化研究","2026-07-15 01:46:15","0","current-review","pending","","2026-08-14"
"01-项目/知行转化研究/00-缓冲区","01-项目/知行转化研究/00-缓冲区/audit/06-compile-and-verify.md","知行转化研究","2026-07-15 19:04:26","0","current-review","pending","","2026-08-14"
"01-项目/知行转化研究/00-缓冲区","01-项目/知行转化研究/00-缓冲区/audit/browser-smoke.mjs","知行转化研究","2026-07-14 01:18:31","1","current-review","pending","","2026-08-14"
"01-项目/知行转化研究/00-缓冲区","01-项目/知行转化研究/00-缓冲区/audit/cross-app-integration.test.mjs","知行转化研究","2026-07-12 16:14:53","3","current-review","pending","","2026-08-14"
"01-项目/知行转化研究/00-缓冲区","01-项目/知行转化研究/00-缓冲区/audit/diagnostic-result-desktop.png","知行转化研究","2026-07-14 23:56:30","1","current-review","pending","","2026-08-14"
"01-项目/知行转化研究/00-缓冲区","01-项目/知行转化研究/00-缓冲区/audit/diagnostic-result-mobile.png","知行转化研究","2026-07-14 23:56:30","1","current-review","pending","","2026-08-14"
"01-项目/知行转化研究/00-缓冲区","01-项目/知行转化研究/00-缓冲区/audit/product-result-desktop.png","知行转化研究","2026-07-14 23:56:31","1","current-review","pending","","2026-08-14"
"01-项目/知行转化研究/00-缓冲区","01-项目/知行转化研究/00-缓冲区/audit/product-result-mobile.png","知行转化研究","2026-07-14 23:56:31","1","current-review","pending","","2026-08-14"
"01-项目/知行转化研究/00-缓冲区","01-项目/知行转化研究/00-缓冲区/audit/verify-project.ps1","知行转化研究","2026-07-13 12:48:40","2","current-review","pending","","2026-08-14"
"01-项目/知行转化研究/00-缓冲区","01-项目/知行转化研究/00-缓冲区/prototype/app.js","知行转化研究","2026-07-12 16:12:38","3","current-review","pending","","2026-08-14"
"01-项目/知行转化研究/00-缓冲区","01-项目/知行转化研究/00-缓冲区/prototype/index.html","知行转化研究","2026-07-12 17:22:17","3","current-review","pending","","2026-08-14"
"01-项目/知行转化研究/00-缓冲区","01-项目/知行转化研究/00-缓冲区/prototype/logic.js","知行转化研究","2026-07-12 16:12:38","3","current-review","pending","","2026-08-14"
"01-项目/知行转化研究/00-缓冲区","01-项目/知行转化研究/00-缓冲区/prototype/README.md","知行转化研究","2026-07-15 15:03:58","0","governance-file","keep","","2026-08-14"
"01-项目/知行转化研究/00-缓冲区","01-项目/知行转化研究/00-缓冲区/prototype/styles.css","知行转化研究","2026-07-12 16:07:08","3","current-review","pending","","2026-08-14"
"01-项目/知行转化研究/00-缓冲区","01-项目/知行转化研究/00-缓冲区/prototype/tests.mjs","知行转化研究","2026-07-12 16:12:38","3","current-review","pending","","2026-08-14"
"01-项目/books-knowing-doing/00-缓冲区","01-项目/books-knowing-doing/00-缓冲区/ARTICLE_DRAFT.md","books-knowing-doing","2026-07-15 01:46:14","0","current-review","pending","","2026-08-14"
"01-项目/books-knowing-doing/00-缓冲区","01-项目/books-knowing-doing/00-缓冲区/CITATION_AUDIT.md","books-knowing-doing","2026-07-12 17:27:23","3","current-review","pending","","2026-08-14"
"01-项目/books-knowing-doing/00-缓冲区","01-项目/books-knowing-doing/00-缓冲区/README.md","books-knowing-doing","2026-07-15 18:08:13","0","governance-file","keep","","2026-08-14"
"01-项目/books-knowing-doing/00-缓冲区","01-项目/books-knowing-doing/00-缓冲区/SEARCH_LOG.md","books-knowing-doing","2026-07-15 01:46:14","0","current-review","pending","","2026-08-14"
"01-项目/game-opportunity-lab/00-缓冲区","01-项目/game-opportunity-lab/00-缓冲区/开发过程/prototypes/prototype-a-hushline/index.html","game-opportunity-lab","2026-07-12 07:24:06","3","current-review","pending","","2026-08-14"
"01-项目/game-opportunity-lab/00-缓冲区","01-项目/game-opportunity-lab/00-缓冲区/开发过程/prototypes/prototype-a-hushline/prototype.js","game-opportunity-lab","2026-07-12 07:31:26","3","current-review","pending","","2026-08-14"
"01-项目/game-opportunity-lab/00-缓冲区","01-项目/game-opportunity-lab/00-缓冲区/开发过程/prototypes/prototype-a-hushline/README_PROTOTYPE_A.md","game-opportunity-lab","2026-07-12 07:24:06","3","current-review","pending","","2026-08-14"
"01-项目/game-opportunity-lab/00-缓冲区","01-项目/game-opportunity-lab/00-缓冲区/开发过程/prototypes/prototype-a-hushline/style.css","game-opportunity-lab","2026-07-12 07:24:06","3","current-review","pending","","2026-08-14"
"01-项目/game-opportunity-lab/00-缓冲区","01-项目/game-opportunity-lab/00-缓冲区/开发过程/prototypes/prototype-b-murmur/game.js","game-opportunity-lab","2026-07-12 07:31:05","3","current-review","pending","","2026-08-14"
"01-项目/game-opportunity-lab/00-缓冲区","01-项目/game-opportunity-lab/00-缓冲区/开发过程/prototypes/prototype-b-murmur/index.html","game-opportunity-lab","2026-07-12 07:31:05","3","current-review","pending","","2026-08-14"
"01-项目/game-opportunity-lab/00-缓冲区","01-项目/game-opportunity-lab/00-缓冲区/开发过程/prototypes/prototype-b-murmur/README_PROTOTYPE_B.md","game-opportunity-lab","2026-07-12 07:31:05","3","current-review","pending","","2026-08-14"
"01-项目/game-opportunity-lab/00-缓冲区","01-项目/game-opportunity-lab/00-缓冲区/开发过程/prototypes/prototype-b-murmur/style.css","game-opportunity-lab","2026-07-12 07:31:05","3","current-review","pending","","2026-08-14"
"01-项目/game-opportunity-lab/00-缓冲区","01-项目/game-opportunity-lab/00-缓冲区/开发过程/screenshots/final-game-desktop.png","game-opportunity-lab","2026-07-15 00:08:28","0","current-review","pending","","2026-08-14"
"01-项目/game-opportunity-lab/00-缓冲区","01-项目/game-opportunity-lab/00-缓冲区/开发过程/screenshots/final-game-first-run.png","game-opportunity-lab","2026-07-14 23:55:29","1","current-review","pending","","2026-08-14"
"01-项目/game-opportunity-lab/00-缓冲区","01-项目/game-opportunity-lab/00-缓冲区/开发过程/screenshots/final-game-mobile-first-run.png","game-opportunity-lab","2026-07-15 00:25:26","0","current-review","pending","","2026-08-14"
"01-项目/game-opportunity-lab/00-缓冲区","01-项目/game-opportunity-lab/00-缓冲区/开发过程/screenshots/final-game-mobile.png","game-opportunity-lab","2026-07-12 16:10:45","3","current-review","pending","","2026-08-14"
"01-项目/game-opportunity-lab/00-缓冲区","01-项目/game-opportunity-lab/00-缓冲区/开发过程/screenshots/final-win-desktop.png","game-opportunity-lab","2026-07-15 00:23:46","0","current-review","pending","","2026-08-14"
"01-项目/game-opportunity-lab/00-缓冲区","01-项目/game-opportunity-lab/00-缓冲区/开发过程/screenshots/final-win-mobile.png","game-opportunity-lab","2026-07-12 16:10:46","3","current-review","pending","","2026-08-14"
"01-项目/game-opportunity-lab/00-缓冲区","01-项目/game-opportunity-lab/00-缓冲区/开发过程/screenshots/prototype-a-initial.png","game-opportunity-lab","2026-07-12 07:31:48","3","current-review","pending","","2026-08-14"
"01-项目/game-opportunity-lab/00-缓冲区","01-项目/game-opportunity-lab/00-缓冲区/开发过程/screenshots/prototype-a-route-result.png","game-opportunity-lab","2026-07-12 07:48:30","3","current-review","pending","","2026-08-14"
"01-项目/game-opportunity-lab/00-缓冲区","01-项目/game-opportunity-lab/00-缓冲区/开发过程/screenshots/prototype-b-initial.png","game-opportunity-lab","2026-07-12 07:43:01","3","current-review","pending","","2026-08-14"
"01-项目/game-opportunity-lab/00-缓冲区","01-项目/game-opportunity-lab/00-缓冲区/开发过程/screenshots/prototype-b-mobile.png","game-opportunity-lab","2026-07-12 07:43:01","3","current-review","pending","","2026-08-14"
"01-项目/game-opportunity-lab/00-缓冲区","01-项目/game-opportunity-lab/00-缓冲区/开发过程/screenshots/prototype-b-win.png","game-opportunity-lab","2026-07-12 07:44:35","3","current-review","pending","","2026-08-14"
"01-项目/game-opportunity-lab/00-缓冲区","01-项目/game-opportunity-lab/00-缓冲区/开发过程/screenshots/prototype-b-wind-fail.png","game-opportunity-lab","2026-07-12 07:44:52","3","current-review","pending","","2026-08-14"
"01-项目/game-opportunity-lab/00-缓冲区","01-项目/game-opportunity-lab/00-缓冲区/开发过程/screenshots/qa-browser-desktop-current.png","game-opportunity-lab","2026-07-12 15:37:51","3","current-review","pending","","2026-08-14"
"01-项目/game-opportunity-lab/00-缓冲区","01-项目/game-opportunity-lab/00-缓冲区/开发过程/screenshots/qa-browser-mobile-current.png","game-opportunity-lab","2026-07-12 15:37:59","3","current-review","pending","","2026-08-14"
"01-项目/game-opportunity-lab/00-缓冲区","01-项目/game-opportunity-lab/00-缓冲区/开发过程/screenshots/qa-browser-mobile-forecast.png","game-opportunity-lab","2026-07-12 15:39:09","3","current-review","pending","","2026-08-14"
"01-项目/game-opportunity-lab/00-缓冲区","01-项目/game-opportunity-lab/00-缓冲区/开发过程/screenshots/qa-browser-mobile-pause.png","game-opportunity-lab","2026-07-12 15:39:10","3","current-review","pending","","2026-08-14"
"01-项目/game-opportunity-lab/00-缓冲区","01-项目/game-opportunity-lab/00-缓冲区/开发过程/screenshots/qa-final-ui-desktop-forecast.png","game-opportunity-lab","2026-07-12 16:03:46","3","current-review","pending","","2026-08-14"
"01-项目/game-opportunity-lab/00-缓冲区","01-项目/game-opportunity-lab/00-缓冲区/开发过程/screenshots/qa-final-ui-desktop-help.png","game-opportunity-lab","2026-07-12 16:03:46","3","current-review","pending","","2026-08-14"
"01-项目/game-opportunity-lab/00-缓冲区","01-项目/game-opportunity-lab/00-缓冲区/开发过程/screenshots/qa-final-ui-desktop-menu.png","game-opportunity-lab","2026-07-12 16:03:45","3","current-review","pending","","2026-08-14"
"01-项目/game-opportunity-lab/00-缓冲区","01-项目/game-opportunity-lab/00-缓冲区/开发过程/screenshots/qa-final-ui-desktop-win.png","game-opportunity-lab","2026-07-12 16:03:48","3","current-review","pending","","2026-08-14"
"01-项目/game-opportunity-lab/00-缓冲区","01-项目/game-opportunity-lab/00-缓冲区/开发过程/screenshots/qa-final-ui-mobile-forecast.png","game-opportunity-lab","2026-07-12 16:03:50","3","current-review","pending","","2026-08-14"
"01-项目/game-opportunity-lab/00-缓冲区","01-项目/game-opportunity-lab/00-缓冲区/开发过程/screenshots/qa-final-ui-mobile-help.png","game-opportunity-lab","2026-07-12 16:03:50","3","current-review","pending","","2026-08-14"
"01-项目/game-opportunity-lab/00-缓冲区","01-项目/game-opportunity-lab/00-缓冲区/开发过程/screenshots/qa-final-ui-mobile-menu.png","game-opportunity-lab","2026-07-12 16:07:07","3","current-review","pending","","2026-08-14"
"01-项目/game-opportunity-lab/00-缓冲区","01-项目/game-opportunity-lab/00-缓冲区/开发过程/screenshots/qa-final-ui-mobile-win.png","game-opportunity-lab","2026-07-12 16:03:52","3","current-review","pending","","2026-08-14"
"01-项目/game-opportunity-lab/00-缓冲区","01-项目/game-opportunity-lab/00-缓冲区/开发过程/screenshots/qa-mobile-stage-clear-blocked.png","game-opportunity-lab","2026-07-15 00:27:41","0","current-review","pending","","2026-08-14"
"01-项目/game-opportunity-lab/00-缓冲区","01-项目/game-opportunity-lab/00-缓冲区/开发过程/screenshots/qa-proof-divergence-desktop.png","game-opportunity-lab","2026-07-15 00:06:59","0","current-review","pending","","2026-08-14"
"01-项目/game-opportunity-lab/00-缓冲区","01-项目/game-opportunity-lab/00-缓冲区/开发过程/screenshots/qa-proof-repetition-desktop.png","game-opportunity-lab","2026-07-15 00:08:25","0","current-review","pending","","2026-08-14"
"01-项目/game-opportunity-lab/00-缓冲区","01-项目/game-opportunity-lab/00-缓冲区/开发过程/screenshots/qa-winning-campaign-failure.png","game-opportunity-lab","2026-07-12 15:44:07","3","current-review","pending","","2026-08-14"
"01-项目/game-opportunity-lab/00-缓冲区","01-项目/game-opportunity-lab/00-缓冲区/开发过程/screenshots/qa-winning-campaign-final-mobile-actions.png","game-opportunity-lab","2026-07-12 15:55:21","3","current-review","pending","","2026-08-14"
"01-项目/game-opportunity-lab/00-缓冲区","01-项目/game-opportunity-lab/00-缓冲区/开发过程/screenshots/qa-winning-campaign-final-mobile.png","game-opportunity-lab","2026-07-12 15:55:21","3","current-review","pending","","2026-08-14"
"01-项目/game-opportunity-lab/00-缓冲区","01-项目/game-opportunity-lab/00-缓冲区/开发过程/screenshots/qa-winning-campaign-final.png","game-opportunity-lab","2026-07-12 15:53:14","3","current-review","pending","","2026-08-14"
"01-项目/game-opportunity-lab/00-缓冲区","01-项目/game-opportunity-lab/00-缓冲区/开发过程/screenshots/qa-winning-chamber-1-clear.png","game-opportunity-lab","2026-07-12 15:53:03","3","current-review","pending","","2026-08-14"
"01-项目/game-opportunity-lab/00-缓冲区","01-项目/game-opportunity-lab/00-缓冲区/开发过程/screenshots/qa-winning-chamber-2-clear.png","game-opportunity-lab","2026-07-12 15:53:08","3","current-review","pending","","2026-08-14"
"01-项目/game-opportunity-lab/00-缓冲区","01-项目/game-opportunity-lab/00-缓冲区/开发过程/screenshots/qa-winning-chamber-2-start.png","game-opportunity-lab","2026-07-12 15:53:04","3","current-review","pending","","2026-08-14"
"01-项目/game-opportunity-lab/00-缓冲区","01-项目/game-opportunity-lab/00-缓冲区/开发过程/screenshots/qa-winning-chamber-3-start.png","game-opportunity-lab","2026-07-12 15:53:09","3","current-review","pending","","2026-08-14"
"01-项目/game-opportunity-lab/00-缓冲区","01-项目/game-opportunity-lab/00-缓冲区/开发过程/screenshots/qa-winning-stage-1-clear.png","game-opportunity-lab","2026-07-12 15:44:03","3","current-review","pending","","2026-08-14"
"01-项目/game-opportunity-lab/00-缓冲区","01-项目/game-opportunity-lab/00-缓冲区/开发过程/simulation/run.mjs","game-opportunity-lab","2026-07-14 00:30:27","1","current-review","pending","","2026-08-14"
"01-项目/game-opportunity-lab/00-缓冲区","01-项目/game-opportunity-lab/00-缓冲区/开发过程/simulation/solver.mjs","game-opportunity-lab","2026-07-14 00:34:42","1","current-review","pending","","2026-08-14"
"01-项目/game-opportunity-lab/00-缓冲区","01-项目/game-opportunity-lab/00-缓冲区/README.md","game-opportunity-lab","2026-07-15 18:08:13","0","governance-file","keep","","2026-08-14"
"01-项目/game-opportunity-lab/00-缓冲区","01-项目/game-opportunity-lab/00-缓冲区/tmp-power-probe/final-game/src/engine.js","game-opportunity-lab","2026-07-12 17:32:49","3","current-review","pending","","2026-08-14"
"01-项目/game-opportunity-lab/00-缓冲区","01-项目/game-opportunity-lab/00-缓冲区/tmp-power-probe/simulation/run.mjs","game-opportunity-lab","2026-07-12 15:45:10","3","current-review","pending","","2026-08-14"
"01-项目/game-opportunity-lab/00-缓冲区","01-项目/game-opportunity-lab/00-缓冲区/tmp-power-probe/simulation/solver.mjs","game-opportunity-lab","2026-07-12 15:40:55","3","current-review","pending","","2026-08-14"
"01-项目/possibility-debt/00-缓冲区","01-项目/possibility-debt/00-缓冲区/artifacts/browser-playtests-v0.json","possibility-debt","2026-07-12 16:10:40","3","current-review","pending","","2026-08-14"
"01-项目/possibility-debt/00-缓冲区","01-项目/possibility-debt/00-缓冲区/artifacts/browser-playtests-v1.json","possibility-debt","2026-07-13 12:33:43","2","current-review","pending","","2026-08-14"
"01-项目/possibility-debt/00-缓冲区","01-项目/possibility-debt/00-缓冲区/artifacts/e2e/tutorial-cycle-2.png","possibility-debt","2026-07-13 12:49:46","2","current-review","pending","","2026-08-14"
"01-项目/possibility-debt/00-缓冲区","01-项目/possibility-debt/00-缓冲区/artifacts/smoke-desktop.png","possibility-debt","2026-07-12 15:58:45","3","current-review","pending","","2026-08-14"
"01-项目/possibility-debt/00-缓冲区","01-项目/possibility-debt/00-缓冲区/MECHANISM_CANDIDATES.md","possibility-debt","2026-07-12 15:10:00","3","current-review","pending","","2026-08-14"
"01-项目/possibility-debt/00-缓冲区","01-项目/possibility-debt/00-缓冲区/PLAYTEST_LOG.md","possibility-debt","2026-07-13 12:35:32","2","current-review","pending","","2026-08-14"
"01-项目/possibility-debt/00-缓冲区","01-项目/possibility-debt/00-缓冲区/README.md","possibility-debt","2026-07-15 18:08:13","0","governance-file","keep","","2026-08-14"
"01-项目/possibility-debt/00-缓冲区","01-项目/possibility-debt/00-缓冲区/SCREENSHOTS/after-install-pulse-desktop-1440x900.png","possibility-debt","2026-07-13 12:50:24","2","current-review","pending","","2026-08-14"
"01-项目/possibility-debt/00-缓冲区","01-项目/possibility-debt/00-缓冲区/SCREENSHOTS/initial-desktop-1440x900.png","possibility-debt","2026-07-13 12:50:18","2","current-review","pending","","2026-08-14"
"01-项目/possibility-debt/00-缓冲区","01-项目/possibility-debt/00-缓冲区/SCREENSHOTS/initial-mobile-390x844.png","possibility-debt","2026-07-13 12:50:22","2","current-review","pending","","2026-08-14"
"01-项目/possibility-debt/00-缓冲区","01-项目/possibility-debt/00-缓冲区/SCREENSHOTS/v0-collector-end.png","possibility-debt","2026-07-12 16:10:00","3","current-review","pending","","2026-08-14"
"01-项目/possibility-debt/00-缓冲区","01-项目/possibility-debt/00-缓冲区/SCREENSHOTS/v0-conservative-end.png","possibility-debt","2026-07-12 16:10:11","3","current-review","pending","","2026-08-14"
"01-项目/possibility-debt/00-缓冲区","01-项目/possibility-debt/00-缓冲区/SCREENSHOTS/v0-explorer-end.png","possibility-debt","2026-07-12 16:10:24","3","current-review","pending","","2026-08-14"
"01-项目/possibility-debt/00-缓冲区","01-项目/possibility-debt/00-缓冲区/SCREENSHOTS/v0-focus-end.png","possibility-debt","2026-07-12 16:10:06","3","current-review","pending","","2026-08-14"
"01-项目/possibility-debt/00-缓冲区","01-项目/possibility-debt/00-缓冲区/SCREENSHOTS/v0-learned-best-end.png","possibility-debt","2026-07-12 16:10:40","3","current-review","pending","","2026-08-14"
"01-项目/possibility-debt/00-缓冲区","01-项目/possibility-debt/00-缓冲区/SCREENSHOTS/v1-collector-end.png","possibility-debt","2026-07-13 12:33:17","2","current-review","pending","","2026-08-14"
"01-项目/possibility-debt/00-缓冲区","01-项目/possibility-debt/00-缓冲区/SCREENSHOTS/v1-conservative-end.png","possibility-debt","2026-07-13 12:33:26","2","current-review","pending","","2026-08-14"
"01-项目/possibility-debt/00-缓冲区","01-项目/possibility-debt/00-缓冲区/SCREENSHOTS/v1-explorer-end.png","possibility-debt","2026-07-13 12:33:34","2","current-review","pending","","2026-08-14"
"01-项目/possibility-debt/00-缓冲区","01-项目/possibility-debt/00-缓冲区/SCREENSHOTS/v1-focus-end.png","possibility-debt","2026-07-13 12:33:21","2","current-review","pending","","2026-08-14"
"01-项目/possibility-debt/00-缓冲区","01-项目/possibility-debt/00-缓冲区/SCREENSHOTS/v1-learned-best-end.png","possibility-debt","2026-07-13 12:33:43","2","current-review","pending","","2026-08-14"
"01-项目/possibility-debt/00-缓冲区","01-项目/possibility-debt/00-缓冲区/SCREENSHOTS/visual-report.json","possibility-debt","2026-07-13 12:50:25","2","current-review","pending","","2026-08-14"
"01-项目/possibility-debt/00-缓冲区","01-项目/possibility-debt/00-缓冲区/simulation-logs/game-v0-adaptive.json","possibility-debt","2026-07-12 17:19:39","3","current-review","pending","","2026-08-14"
"01-项目/possibility-debt/00-缓冲区","01-项目/possibility-debt/00-缓冲区/simulation-logs/game-v0-collector.json","possibility-debt","2026-07-12 17:19:39","3","current-review","pending","","2026-08-14"
"01-项目/possibility-debt/00-缓冲区","01-项目/possibility-debt/00-缓冲区/simulation-logs/game-v0-conservative.json","possibility-debt","2026-07-12 17:19:39","3","current-review","pending","","2026-08-14"
"01-项目/possibility-debt/00-缓冲区","01-项目/possibility-debt/00-缓冲区/simulation-logs/game-v0-focus.json","possibility-debt","2026-07-12 17:19:39","3","current-review","pending","","2026-08-14"
"01-项目/possibility-debt/00-缓冲区","01-项目/possibility-debt/00-缓冲区/simulation-logs/game-v0-random.json","possibility-debt","2026-07-12 17:19:39","3","current-review","pending","","2026-08-14"
"01-项目/possibility-debt/00-缓冲区","01-项目/possibility-debt/00-缓冲区/simulation-logs/game-v0-switcher.json","possibility-debt","2026-07-12 17:19:39","3","current-review","pending","","2026-08-14"
"01-项目/possibility-debt/00-缓冲区","01-项目/possibility-debt/00-缓冲区/simulation-logs/game-v1-adaptive.json","possibility-debt","2026-07-13 12:30:07","2","current-review","pending","","2026-08-14"
"01-项目/possibility-debt/00-缓冲区","01-项目/possibility-debt/00-缓冲区/simulation-logs/game-v1-collector.json","possibility-debt","2026-07-13 12:30:07","2","current-review","pending","","2026-08-14"
"01-项目/possibility-debt/00-缓冲区","01-项目/possibility-debt/00-缓冲区/simulation-logs/game-v1-conservative.json","possibility-debt","2026-07-13 12:30:07","2","current-review","pending","","2026-08-14"
"01-项目/possibility-debt/00-缓冲区","01-项目/possibility-debt/00-缓冲区/simulation-logs/game-v1-focus.json","possibility-debt","2026-07-13 12:30:07","2","current-review","pending","","2026-08-14"
"01-项目/possibility-debt/00-缓冲区","01-项目/possibility-debt/00-缓冲区/simulation-logs/game-v1-random.json","possibility-debt","2026-07-13 12:30:07","2","current-review","pending","","2026-08-14"
"01-项目/possibility-debt/00-缓冲区","01-项目/possibility-debt/00-缓冲区/simulation-logs/game-v1-switcher.json","possibility-debt","2026-07-13 12:30:07","2","current-review","pending","","2026-08-14"
"01-项目/possibility-debt/00-缓冲区","01-项目/possibility-debt/00-缓冲区/simulation-logs/v0-loom-adaptive-sample.json","possibility-debt","2026-07-12 15:26:09","3","current-review","pending","","2026-08-14"
"01-项目/possibility-debt/00-缓冲区","01-项目/possibility-debt/00-缓冲区/simulation-logs/v0-loom-collector-sample.json","possibility-debt","2026-07-12 15:26:09","3","current-review","pending","","2026-08-14"
"01-项目/possibility-debt/00-缓冲区","01-项目/possibility-debt/00-缓冲区/simulation-logs/v0-loom-conservative-sample.json","possibility-debt","2026-07-12 15:26:09","3","current-review","pending","","2026-08-14"
"01-项目/possibility-debt/00-缓冲区","01-项目/possibility-debt/00-缓冲区/simulation-logs/v0-loom-focus-sample.json","possibility-debt","2026-07-12 15:26:09","3","current-review","pending","","2026-08-14"
"01-项目/possibility-debt/00-缓冲区","01-项目/possibility-debt/00-缓冲区/simulation-logs/v0-loom-random-sample.json","possibility-debt","2026-07-12 15:26:09","3","current-review","pending","","2026-08-14"
"01-项目/possibility-debt/00-缓冲区","01-项目/possibility-debt/00-缓冲区/simulation-logs/v0-loom-switcher-sample.json","possibility-debt","2026-07-12 15:26:09","3","current-review","pending","","2026-08-14"
"01-项目/possibility-debt/00-缓冲区","01-项目/possibility-debt/00-缓冲区/simulation-logs/v0-workshop-adaptive-sample.json","possibility-debt","2026-07-12 15:26:09","3","current-review","pending","","2026-08-14"
"01-项目/possibility-debt/00-缓冲区","01-项目/possibility-debt/00-缓冲区/simulation-logs/v0-workshop-collector-sample.json","possibility-debt","2026-07-12 15:26:09","3","current-review","pending","","2026-08-14"
"01-项目/possibility-debt/00-缓冲区","01-项目/possibility-debt/00-缓冲区/simulation-logs/v0-workshop-conservative-sample.json","possibility-debt","2026-07-12 15:26:09","3","current-review","pending","","2026-08-14"
"01-项目/possibility-debt/00-缓冲区","01-项目/possibility-debt/00-缓冲区/simulation-logs/v0-workshop-random-sample.json","possibility-debt","2026-07-12 15:26:09","3","current-review","pending","","2026-08-14"
"01-项目/possibility-debt/00-缓冲区","01-项目/possibility-debt/00-缓冲区/simulation-logs/v0-workshop-switcher-sample.json","possibility-debt","2026-07-12 15:26:09","3","current-review","pending","","2026-08-14"
"01-项目/possibility-debt/00-缓冲区","01-项目/possibility-debt/00-缓冲区/simulation-logs/v1-loom-adaptive-sample.json","possibility-debt","2026-07-12 15:26:35","3","current-review","pending","","2026-08-14"
"01-项目/possibility-debt/00-缓冲区","01-项目/possibility-debt/00-缓冲区/simulation-logs/v1-loom-collector-sample.json","possibility-debt","2026-07-12 15:26:35","3","current-review","pending","","2026-08-14"
"01-项目/possibility-debt/00-缓冲区","01-项目/possibility-debt/00-缓冲区/simulation-logs/v1-loom-conservative-sample.json","possibility-debt","2026-07-12 15:26:35","3","current-review","pending","","2026-08-14"
"01-项目/possibility-debt/00-缓冲区","01-项目/possibility-debt/00-缓冲区/simulation-logs/v1-loom-focus-sample.json","possibility-debt","2026-07-12 15:26:35","3","current-review","pending","","2026-08-14"
"01-项目/possibility-debt/00-缓冲区","01-项目/possibility-debt/00-缓冲区/simulation-logs/v1-loom-random-sample.json","possibility-debt","2026-07-12 15:26:35","3","current-review","pending","","2026-08-14"
"01-项目/possibility-debt/00-缓冲区","01-项目/possibility-debt/00-缓冲区/simulation-logs/v1-loom-switcher-sample.json","possibility-debt","2026-07-12 15:26:35","3","current-review","pending","","2026-08-14"
"01-项目/possibility-debt/00-缓冲区","01-项目/possibility-debt/00-缓冲区/simulation-logs/v1-workshop-adaptive-sample.json","possibility-debt","2026-07-12 15:26:35","3","current-review","pending","","2026-08-14"
"01-项目/possibility-debt/00-缓冲区","01-项目/possibility-debt/00-缓冲区/simulation-logs/v1-workshop-collector-sample.json","possibility-debt","2026-07-12 15:26:35","3","current-review","pending","","2026-08-14"
"01-项目/possibility-debt/00-缓冲区","01-项目/possibility-debt/00-缓冲区/simulation-logs/v1-workshop-conservative-sample.json","possibility-debt","2026-07-12 15:26:35","3","current-review","pending","","2026-08-14"
"01-项目/possibility-debt/00-缓冲区","01-项目/possibility-debt/00-缓冲区/simulation-logs/v1-workshop-focus-sample.json","possibility-debt","2026-07-12 15:26:35","3","current-review","pending","","2026-08-14"
"01-项目/possibility-debt/00-缓冲区","01-项目/possibility-debt/00-缓冲区/simulation-logs/v1-workshop-random-sample.json","possibility-debt","2026-07-12 15:26:35","3","current-review","pending","","2026-08-14"
"01-项目/possibility-debt/00-缓冲区","01-项目/possibility-debt/00-缓冲区/simulation-logs/v1-workshop-switcher-sample.json","possibility-debt","2026-07-12 15:26:35","3","current-review","pending","","2026-08-14"
"01-项目/possibility-debt/00-缓冲区","01-项目/possibility-debt/00-缓冲区/simulation-results/candidate-summary-v0.csv","possibility-debt","2026-07-12 15:26:09","3","current-review","pending","","2026-08-14"
"01-项目/possibility-debt/00-缓冲区","01-项目/possibility-debt/00-缓冲区/simulation-results/candidate-summary-v0.json","possibility-debt","2026-07-12 15:26:09","3","current-review","pending","","2026-08-14"
"01-项目/possibility-debt/00-缓冲区","01-项目/possibility-debt/00-缓冲区/simulation-results/game-summary-v0.csv","possibility-debt","2026-07-12 17:19:39","3","current-review","pending","","2026-08-14"
"01-项目/possibility-debt/00-缓冲区","01-项目/possibility-debt/00-缓冲区/simulation-results/game-summary-v0.json","possibility-debt","2026-07-12 17:19:39","3","current-review","pending","","2026-08-14"
"01-项目/possibility-debt/00-缓冲区","01-项目/possibility-debt/00-缓冲区/simulation-results/game-summary-v1.csv","possibility-debt","2026-07-13 12:30:07","2","current-review","pending","","2026-08-14"
"01-项目/possibility-debt/00-缓冲区","01-项目/possibility-debt/00-缓冲区/simulation-results/game-summary-v1.json","possibility-debt","2026-07-13 12:30:07","2","current-review","pending","","2026-08-14"
"03-资源/00-缓冲区","03-资源/00-缓冲区/README.md","待确认","2026-07-15 18:08:13","0","governance-file","keep","","2026-08-14"
"03-资源/创作者素材/dontbesilent-聊赚钱/00-缓冲区","03-资源/创作者素材/dontbesilent-聊赚钱/00-缓冲区/_analysis_2024-2025H1.md","待确认","2026-07-04 23:27:21","11","current-review","pending","","2026-08-14"
"03-资源/创作者素材/dontbesilent-聊赚钱/00-缓冲区","03-资源/创作者素材/dontbesilent-聊赚钱/00-缓冲区/_analysis_2025H2-2026.md","待确认","2026-07-04 23:28:43","11","current-review","pending","","2026-08-14"
"03-资源/创作者素材/dontbesilent-聊赚钱/00-缓冲区","03-资源/创作者素材/dontbesilent-聊赚钱/00-缓冲区/_audit_handbook.md","待确认","2026-07-04 23:33:22","11","current-review","pending","","2026-08-14"
"03-资源/来源台账/00-缓冲区","03-资源/来源台账/00-缓冲区/diffs/F1_humanizer_diff.txt","待确认","2026-07-15 01:46:15","0","current-review","pending","","2026-08-14"
"03-资源/来源台账/00-缓冲区","03-资源/来源台账/00-缓冲区/diffs/F2_humanizer_diff.txt","待确认","2026-07-15 01:46:15","0","current-review","pending","","2026-08-14"
"03-资源/来源台账/00-缓冲区","03-资源/来源台账/00-缓冲区/diffs/F3_humanizer_diff.txt","待确认","2026-07-15 01:46:15","0","current-review","pending","","2026-08-14"
"03-资源/来源台账/00-缓冲区","03-资源/来源台账/00-缓冲区/diffs/JC2a_humanizer_diff.txt","待确认","2026-07-15 01:46:15","0","current-review","pending","","2026-08-14"
"03-资源/来源台账/00-缓冲区","03-资源/来源台账/00-缓冲区/diffs/JC6a_humanizer_diff.txt","待确认","2026-07-15 01:46:15","0","current-review","pending","","2026-08-14"
"03-资源/来源台账/00-缓冲区","03-资源/来源台账/00-缓冲区/diffs/N1_humanizer_diff.txt","待确认","2026-07-15 01:46:15","0","current-review","pending","","2026-08-14"
"03-资源/来源台账/00-缓冲区","03-资源/来源台账/00-缓冲区/diffs/N2_humanizer_diff.txt","待确认","2026-07-15 01:46:15","0","current-review","pending","","2026-08-14"
"03-资源/来源台账/00-缓冲区","03-资源/来源台账/00-缓冲区/diffs/SC1_humanizer_diff.txt","待确认","2026-07-15 01:46:15","0","current-review","pending","","2026-08-14"
"03-资源/来源台账/00-缓冲区","03-资源/来源台账/00-缓冲区/diffs/TC1_humanizer_diff.txt","待确认","2026-07-15 01:46:15","0","current-review","pending","","2026-08-14"
"03-资源/来源台账/00-缓冲区","03-资源/来源台账/00-缓冲区/diffs/TC4_humanizer_diff.txt","待确认","2026-07-15 01:46:15","0","current-review","pending","","2026-08-14"
"03-资源/来源台账/00-缓冲区","03-资源/来源台账/00-缓冲区/diffs/XC1a_humanizer_diff.txt","待确认","2026-07-15 01:46:15","0","current-review","pending","","2026-08-14"
"03-资源/来源台账/00-缓冲区","03-资源/来源台账/00-缓冲区/diffs/XC4b_humanizer_diff.txt","待确认","2026-07-15 01:46:15","0","current-review","pending","","2026-08-14"
"03-资源/来源台账/00-缓冲区","03-资源/来源台账/00-缓冲区/diffs/XC7a_humanizer_diff.txt","待确认","2026-07-15 01:46:15","0","current-review","pending","","2026-08-14"
"03-资源/来源台账/00-缓冲区","03-资源/来源台账/00-缓冲区/diffs/Z1_humanizer_diff.txt","待确认","2026-07-15 01:46:15","0","current-review","pending","","2026-08-14"
"03-资源/来源台账/00-缓冲区","03-资源/来源台账/00-缓冲区/diffs/Z2_humanizer_diff.txt","待确认","2026-07-15 01:46:15","0","current-review","pending","","2026-08-14"
"03-资源/来源台账/00-缓冲区","03-资源/来源台账/00-缓冲区/diffs/Z3_humanizer_diff.txt","待确认","2026-07-15 01:46:15","0","current-review","pending","","2026-08-14"
"03-资源/来源台账/00-缓冲区","03-资源/来源台账/00-缓冲区/diffs/Z4_humanizer_diff.txt","待确认","2026-07-15 01:46:15","0","current-review","pending","","2026-08-14"
"03-资源/来源台账/00-缓冲区","03-资源/来源台账/00-缓冲区/diffs/Z5_humanizer_diff.txt","待确认","2026-07-15 01:46:15","0","current-review","pending","","2026-08-14"
"03-资源/来源台账/00-缓冲区","03-资源/来源台账/00-缓冲区/diffs/Z6_humanizer_diff.txt","待确认","2026-07-15 01:46:15","0","current-review","pending","","2026-08-14"
"03-资源/来源台账/00-缓冲区","03-资源/来源台账/00-缓冲区/diffs/Z7_humanizer_diff.txt","待确认","2026-07-15 01:46:15","0","current-review","pending","","2026-08-14"
"03-资源/来源台账/00-缓冲区","03-资源/来源台账/00-缓冲区/WEREAD_VERIFICATION_REPORT.md","待确认","2026-06-06 17:18:13","39","expired-review","pending","","2026-07-22"
"04-知识/00-缓冲区","04-知识/00-缓冲区/卡片摘录/C1-1_多巴胺基线崩塌与修复_excerpt.txt","待确认","2026-06-06 17:18:13","39","expired-review","pending","","2026-07-22"
"04-知识/00-缓冲区","04-知识/00-缓冲区/卡片摘录/C1-3_昼夜节律重建_excerpt.txt","待确认","2026-06-06 17:18:13","39","expired-review","pending","","2026-07-22"
"04-知识/00-缓冲区","04-知识/00-缓冲区/卡片摘录/C2-3_六格复盘_excerpt.txt","待确认","2026-06-06 17:18:13","39","expired-review","pending","","2026-07-22"
"04-知识/00-缓冲区","04-知识/00-缓冲区/卡片摘录/C4-4_注意力是第一资产_excerpt.txt","待确认","2026-06-06 17:18:13","39","expired-review","pending","","2026-07-22"
"04-知识/00-缓冲区","04-知识/00-缓冲区/卡片摘录/C7-1_第一性原理_excerpt.txt","待确认","2026-06-06 17:18:13","39","expired-review","pending","","2026-07-22"
"04-知识/00-缓冲区","04-知识/00-缓冲区/README.md","待确认","2026-07-15 18:08:13","0","governance-file","keep","","2026-08-14"
"05-内容生产/00-缓冲区","05-内容生产/00-缓冲区/README.md","待确认","2026-07-15 18:08:13","0","governance-file","keep","","2026-08-14"
"05-内容生产/方法论手册/00-缓冲区","05-内容生产/方法论手册/00-缓冲区/DBS自媒体方法论终极学习手册_v3.0.md","待确认","2026-07-06 00:28:25","9","current-review","pending","","2026-08-14"
"05-内容生产/方法论手册/00-缓冲区","05-内容生产/方法论手册/00-缓冲区/README.md","待确认","2026-07-15 19:34:36","0","governance-file","keep","","2026-08-14"
"05-内容生产/进行中/00-缓冲区","05-内容生产/进行中/00-缓冲区/内容生产操作系统_v1.md","待确认","2026-07-15 18:07:11","0","current-review","pending","","2026-08-14"
"05-内容生产/进行中/00-缓冲区","05-内容生产/进行中/00-缓冲区/hyperframes/Day1_亏5300_HyperFrames就绪.md","待确认","2026-07-02 00:18:54","13","current-review","pending","","2026-08-14"
"05-内容生产/进行中/00-缓冲区","05-内容生产/进行中/00-缓冲区/hyperframes/Day2_Day7_快速参考.md","待确认","2026-07-02 00:18:54","13","current-review","pending","","2026-08-14"
"05-内容生产/进行中/00-缓冲区","05-内容生产/进行中/00-缓冲区/README.md","待确认","2026-07-15 18:08:13","0","governance-file","keep","","2026-08-14"
"05-内容生产/内容体系/00-缓冲区","05-内容生产/内容体系/00-缓冲区/legacy-content-creation/book-decons/拆书-大明王朝1566.md","待确认","2026-06-13 00:08:36","32","expired-review","pending","","2026-07-22"
"05-内容生产/内容体系/00-缓冲区","05-内容生产/内容体系/00-缓冲区/legacy-content-creation/book-decons/拆书-富爸爸穷爸爸.md","待确认","2026-06-13 00:08:36","32","expired-review","pending","","2026-07-22"
"05-内容生产/内容体系/00-缓冲区","05-内容生产/内容体系/00-缓冲区/legacy-content-creation/book-decons/拆书-每周工作4小时.md","待确认","2026-06-13 00:08:36","32","expired-review","pending","","2026-07-22"
"05-内容生产/内容体系/00-缓冲区","05-内容生产/内容体系/00-缓冲区/legacy-content-creation/book-decons/拆书-认知觉醒.md","待确认","2026-06-13 00:08:36","32","expired-review","pending","","2026-07-22"
"05-内容生产/内容体系/00-缓冲区","05-内容生产/内容体系/00-缓冲区/legacy-content-creation/book-decons/拆书-少有人走的路.md","待确认","2026-06-11 22:54:50","34","expired-review","pending","","2026-07-22"
"05-内容生产/内容体系/00-缓冲区","05-内容生产/内容体系/00-缓冲区/legacy-content-creation/cognition/长文02-三重大脑与元认知.md","待确认","2026-06-13 17:17:50","32","expired-review","pending","","2026-07-22"
"05-内容生产/内容体系/00-缓冲区","05-内容生产/内容体系/00-缓冲区/legacy-content-creation/cognition/长文12-第一性原理思考入门.md","待确认","2026-06-13 17:18:19","32","expired-review","pending","","2026-07-22"
"05-内容生产/内容体系/00-缓冲区","05-内容生产/内容体系/00-缓冲区/legacy-content-creation/cognition/长文15-复利思维在生活中的迁移应用.md","待确认","2026-06-13 17:18:34","32","expired-review","pending","","2026-07-22"
"05-内容生产/内容体系/00-缓冲区","05-内容生产/内容体系/00-缓冲区/legacy-content-creation/cognition/长文24-元认知训练的21天计划.md","待确认","2026-06-13 17:18:48","32","expired-review","pending","","2026-07-22"
"05-内容生产/内容体系/00-缓冲区","05-内容生产/内容体系/00-缓冲区/legacy-content-creation/cognition/长文28-认知驱动_vs_输入驱动.md","待确认","2026-06-13 17:18:59","32","expired-review","pending","","2026-07-22"
"05-内容生产/内容体系/00-缓冲区","05-内容生产/内容体系/00-缓冲区/legacy-content-creation/cognition/长文32-马斯克五步算法的通用应用.md","待确认","2026-06-13 17:19:11","32","expired-review","pending","","2026-07-22"
"05-内容生产/内容体系/00-缓冲区","05-内容生产/内容体系/00-缓冲区/legacy-content-creation/cognition/长文37-复利效应在习惯养成中的应用.md","待确认","2026-06-13 17:19:22","32","expired-review","pending","","2026-07-22"
"05-内容生产/内容体系/00-缓冲区","05-内容生产/内容体系/00-缓冲区/legacy-content-creation/cognition/长文42-注意力的经济学.md","待确认","2026-06-13 17:19:33","32","expired-review","pending","","2026-07-22"
"05-内容生产/内容体系/00-缓冲区","05-内容生产/内容体系/00-缓冲区/legacy-content-creation/cognition/长文45-元认知_AI时代的终极竞争力.md","待确认","2026-06-13 17:19:44","32","expired-review","pending","","2026-07-22"
"05-内容生产/内容体系/00-缓冲区","05-内容生产/内容体系/00-缓冲区/legacy-content-creation/cognition/长文46-焦虑的进化心理学解释.md","待确认","2026-06-13 17:19:57","32","expired-review","pending","","2026-07-22"
"05-内容生产/内容体系/00-缓冲区","05-内容生产/内容体系/00-缓冲区/legacy-content-creation/cognition/长文76-复利思维的认知前设.md","待确认","2026-06-13 17:20:16","32","expired-review","pending","","2026-07-22"
"05-内容生产/内容体系/00-缓冲区","05-内容生产/内容体系/00-缓冲区/legacy-content-creation/cognition/长文77-第一性原理的日常用法.md","待确认","2026-06-13 17:20:28","32","expired-review","pending","","2026-07-22"
"05-内容生产/内容体系/00-缓冲区","05-内容生产/内容体系/00-缓冲区/legacy-content-creation/cognition/长文78-学习不是为了记住.md","待确认","2026-06-13 17:20:38","32","expired-review","pending","","2026-07-22"
"05-内容生产/内容体系/00-缓冲区","05-内容生产/内容体系/00-缓冲区/legacy-content-creation/cognition/长文79-创造者vs消费者.md","待确认","2026-06-13 17:20:48","32","expired-review","pending","","2026-07-22"
"05-内容生产/内容体系/00-缓冲区","05-内容生产/内容体系/00-缓冲区/legacy-content-creation/cognition/长文83-系统诊断：当知识和行动脱节.md","待确认","2026-06-13 17:21:06","32","expired-review","pending","","2026-07-22"
"05-内容生产/内容体系/00-缓冲区","05-内容生产/内容体系/00-缓冲区/legacy-content-creation/cognition/长文84-复利行动方案：从读到做.md","待确认","2026-06-13 17:21:17","32","expired-review","pending","","2026-07-22"
"05-内容生产/内容体系/00-缓冲区","05-内容生产/内容体系/00-缓冲区/legacy-content-creation/cognition/长文88-现实反馈复利协议：从成瘾止痛切回执行底盘.md","待确认","2026-06-13 17:21:26","32","expired-review","pending","","2026-07-22"
"05-内容生产/内容体系/00-缓冲区","05-内容生产/内容体系/00-缓冲区/legacy-content-creation/cognition/长文89-纳瓦尔财富物理学：杠杆专长和复利.md","待确认","2026-06-13 17:21:36","32","expired-review","pending","","2026-07-22"
"05-内容生产/内容体系/00-缓冲区","05-内容生产/内容体系/00-缓冲区/legacy-content-creation/cognition/长文90-位置稀缺性与无效努力.md","待确认","2026-06-13 17:21:47","32","expired-review","pending","","2026-07-22"
"05-内容生产/内容体系/00-缓冲区","05-内容生产/内容体系/00-缓冲区/legacy-content-creation/cognition/长文91-塔勒布的反脆弱日常化.md","待确认","2026-06-13 17:21:58","32","expired-review","pending","","2026-07-22"
"05-内容生产/内容体系/00-缓冲区","05-内容生产/内容体系/00-缓冲区/legacy-content-creation/cognition/长文92-马斯克五步算法：删减比增加难100倍.md","待确认","2026-06-13 17:22:08","32","expired-review","pending","","2026-07-22"
"05-内容生产/内容体系/00-缓冲区","05-内容生产/内容体系/00-缓冲区/legacy-content-creation/cognition/长文98-乔布斯的现实扭曲力场.md","待确认","2026-06-13 17:22:21","32","expired-review","pending","","2026-07-22"
"05-内容生产/内容体系/00-缓冲区","05-内容生产/内容体系/00-缓冲区/legacy-content-creation/concept-anatomy/第一性原理__concept-anatomy.md","待确认","2026-06-13 00:08:36","32","expired-review","pending","","2026-07-22"
"05-内容生产/内容体系/00-缓冲区","05-内容生产/内容体系/00-缓冲区/legacy-content-creation/concept-anatomy/复利__concept-anatomy.md","待确认","2026-06-13 00:08:36","32","expired-review","pending","","2026-07-22"
"05-内容生产/内容体系/00-缓冲区","05-内容生产/内容体系/00-缓冲区/legacy-content-creation/concept-anatomy/认知偏差__concept-anatomy.md","待确认","2026-06-13 00:08:36","32","expired-review","pending","","2026-07-22"
"05-内容生产/内容体系/00-缓冲区","05-内容生产/内容体系/00-缓冲区/legacy-content-creation/concept-anatomy/系统思维__concept-anatomy.md","待确认","2026-06-13 00:08:36","32","expired-review","pending","","2026-07-22"
"05-内容生产/内容体系/00-缓冲区","05-内容生产/内容体系/00-缓冲区/legacy-content-creation/concept-anatomy/心智带宽__concept-anatomy.md","待确认","2026-06-13 00:08:36","32","expired-review","pending","","2026-07-22"
"05-内容生产/内容体系/00-缓冲区","05-内容生产/内容体系/00-缓冲区/legacy-content-creation/concept-anatomy/延迟满足__concept-anatomy.md","待确认","2026-06-13 00:08:36","32","expired-review","pending","","2026-07-22"
"05-内容生产/内容体系/00-缓冲区","05-内容生产/内容体系/00-缓冲区/legacy-content-creation/concept-anatomy/元认知__concept-anatomy.md","待确认","2026-06-13 00:08:36","32","expired-review","pending","","2026-07-22"
"05-内容生产/内容体系/00-缓冲区","05-内容生产/内容体系/00-缓冲区/legacy-content-creation/dankoe-methodology/DK01-10条思想原则.md","待确认","2026-06-05 15:51:24","40","expired-review","pending","","2026-07-22"
"05-内容生产/内容体系/00-缓冲区","05-内容生产/内容体系/00-缓冲区/legacy-content-creation/dankoe-methodology/DK02-从旧系统退出：6个哲学重建.md","待确认","2026-06-05 15:52:06","40","expired-review","pending","","2026-07-22"
"05-内容生产/内容体系/00-缓冲区","05-内容生产/内容体系/00-缓冲区/legacy-content-creation/dankoe-methodology/DK03-创作者闭环：每日系统.md","待确认","2026-06-05 15:52:06","40","expired-review","pending","","2026-07-22"
"05-内容生产/内容体系/00-缓冲区","05-内容生产/内容体系/00-缓冲区/legacy-content-creation/dankoe-methodology/DK04-90天思想实践计划.md","待确认","2026-06-05 15:52:06","40","expired-review","pending","","2026-07-22"
"05-内容生产/内容体系/00-缓冲区","05-内容生产/内容体系/00-缓冲区/legacy-content-creation/dankoe-methodology/DK05-2026关键更新·AI一人企业新范式.md","待确认","2026-06-06 21:38:49","39","expired-review","pending","","2026-07-22"
"05-内容生产/内容体系/00-缓冲区","05-内容生产/内容体系/00-缓冲区/legacy-content-creation/dbs-chatroom-复利.md","待确认","2026-06-13 00:08:36","32","expired-review","pending","","2026-07-22"
"05-内容生产/内容体系/00-缓冲区","05-内容生产/内容体系/00-缓冲区/legacy-content-creation/decision-system/01_事实.md","待确认","2026-06-13 00:08:36","32","expired-review","pending","","2026-07-22"
"05-内容生产/内容体系/00-缓冲区","05-内容生产/内容体系/00-缓冲区/legacy-content-creation/decision-system/02_商业模式诊断.md","待确认","2026-06-13 00:08:36","32","expired-review","pending","","2026-07-22"
"05-内容生产/内容体系/00-缓冲区","05-内容生产/内容体系/00-缓冲区/legacy-content-creation/GOAL_ACTION_ALIGNMENT.md","待确认","2026-06-13 00:08:36","32","expired-review","pending","","2026-07-22"
"05-内容生产/内容体系/00-缓冲区","05-内容生产/内容体系/00-缓冲区/legacy-content-creation/health/公众号-生命之书v1.md","待确认","2026-06-21 23:56:52","24","aging-review","pending","","2026-07-29"
"05-内容生产/内容体系/00-缓冲区","05-内容生产/内容体系/00-缓冲区/legacy-content-creation/health/长文01-重新理解多巴胺.md","待确认","2026-06-13 17:26:51","32","expired-review","pending","","2026-07-22"
"05-内容生产/内容体系/00-缓冲区","05-内容生产/内容体系/00-缓冲区/legacy-content-creation/health/长文04-中医系统论.md","待确认","2026-06-13 17:27:09","32","expired-review","pending","","2026-07-22"
"05-内容生产/内容体系/00-缓冲区","05-内容生产/内容体系/00-缓冲区/legacy-content-creation/health/长文101-高维人类运维协议：把身体当成生产系统来管理.md","待确认","2026-06-13 17:27:21","32","expired-review","pending","","2026-07-22"
"05-内容生产/内容体系/00-缓冲区","05-内容生产/内容体系/00-缓冲区/legacy-content-creation/health/长文13-中医系统论与现代科学的对话.md","待确认","2026-06-13 17:27:35","32","expired-review","pending","","2026-07-22"
"05-内容生产/内容体系/00-缓冲区","05-内容生产/内容体系/00-缓冲区/legacy-content-creation/health/长文16-糖瘾的双重劫持.md","待确认","2026-06-13 17:27:51","32","expired-review","pending","","2026-07-22"
"05-内容生产/内容体系/00-缓冲区","05-内容生产/内容体系/00-缓冲区/legacy-content-creation/health/长文18-成瘾者的身份重建.md","待确认","2026-06-13 17:28:03","32","expired-review","pending","","2026-07-22"
"05-内容生产/内容体系/00-缓冲区","05-内容生产/内容体系/00-缓冲区/legacy-content-creation/health/长文22-低碳水饮食的30天实验指南.md","待确认","2026-06-13 17:28:19","32","expired-review","pending","","2026-07-22"
"05-内容生产/内容体系/00-缓冲区","05-内容生产/内容体系/00-缓冲区/legacy-content-creation/health/长文23-多巴胺断食实操手册.md","待确认","2026-06-13 17:28:38","32","expired-review","pending","","2026-07-22"
"05-内容生产/内容体系/00-缓冲区","05-内容生产/内容体系/00-缓冲区/legacy-content-creation/health/长文29-成瘾者的自我重建.md","待确认","2026-06-13 17:28:50","32","expired-review","pending","","2026-07-22"
"05-内容生产/内容体系/00-缓冲区","05-内容生产/内容体系/00-缓冲区/legacy-content-creation/health/长文31-低碳水的科学争议与共识.md","待确认","2026-06-13 17:29:03","32","expired-review","pending","","2026-07-22"
"05-内容生产/内容体系/00-缓冲区","05-内容生产/内容体系/00-缓冲区/legacy-content-creation/health/长文34-新陈代谢的底层逻辑.md","待确认","2026-06-13 17:29:16","32","expired-review","pending","","2026-07-22"
"05-内容生产/内容体系/00-缓冲区","05-内容生产/内容体系/00-缓冲区/legacy-content-creation/health/长文39-中医的现代科学验证.md","待确认","2026-06-13 17:29:27","32","expired-review","pending","","2026-07-22"
"05-内容生产/内容体系/00-缓冲区","05-内容生产/内容体系/00-缓冲区/legacy-content-creation/health/长文47-生酮饮食的迷思与真相.md","待确认","2026-06-13 17:29:39","32","expired-review","pending","","2026-07-22"
"05-内容生产/内容体系/00-缓冲区","05-内容生产/内容体系/00-缓冲区/legacy-content-creation/health/长文72-你为什么总是想吃糖.md","待确认","2026-06-13 17:29:50","32","expired-review","pending","","2026-07-22"
"05-内容生产/内容体系/00-缓冲区","05-内容生产/内容体系/00-缓冲区/legacy-content-creation/health/长文73-代谢综合征不是一种病.md","待确认","2026-06-13 17:30:01","32","expired-review","pending","","2026-07-22"
"05-内容生产/内容体系/00-缓冲区","05-内容生产/内容体系/00-缓冲区/legacy-content-creation/health/长文74-中医的'治未病'与现代预防医学.md","待确认","2026-06-13 17:30:12","32","expired-review","pending","","2026-07-22"
"05-内容生产/内容体系/00-缓冲区","05-内容生产/内容体系/00-缓冲区/legacy-content-creation/health/长文75-肠道是人体的第二大脑.md","待确认","2026-06-13 17:30:23","32","expired-review","pending","","2026-07-22"
"05-内容生产/内容体系/00-缓冲区","05-内容生产/内容体系/00-缓冲区/legacy-content-creation/health/长文85-21岁的身体是一笔复利投资.md","待确认","2026-06-13 17:30:34","32","expired-review","pending","","2026-07-22"
"05-内容生产/内容体系/00-缓冲区","05-内容生产/内容体系/00-缓冲区/legacy-content-creation/history-society/长文09-日本失落的三十年.md","待确认","2026-06-13 17:30:55","32","expired-review","pending","","2026-07-22"
"05-内容生产/内容体系/00-缓冲区","05-内容生产/内容体系/00-缓冲区/legacy-content-creation/history-society/长文10-大明王朝的现代启示录.md","待确认","2026-06-13 17:31:07","32","expired-review","pending","","2026-07-22"
"05-内容生产/内容体系/00-缓冲区","05-内容生产/内容体系/00-缓冲区/legacy-content-creation/history-society/长文38-历史周期律的个人启示.md","待确认","2026-06-13 17:31:20","32","expired-review","pending","","2026-07-22"
"05-内容生产/内容体系/00-缓冲区","05-内容生产/内容体系/00-缓冲区/legacy-content-creation/history-society/长文52-权力的本质是信息不对称.md","待确认","2026-06-13 17:31:31","32","expired-review","pending","","2026-07-22"
"05-内容生产/内容体系/00-缓冲区","05-内容生产/内容体系/00-缓冲区/legacy-content-creation/history-society/长文53-衰退期的三条生存法则.md","待确认","2026-06-13 17:31:43","32","expired-review","pending","","2026-07-22"
"05-内容生产/内容体系/00-缓冲区","05-内容生产/内容体系/00-缓冲区/legacy-content-creation/history-society/长文54-历史不会重复但总在押韵.md","待确认","2026-06-13 17:31:54","32","expired-review","pending","","2026-07-22"
"05-内容生产/内容体系/00-缓冲区","05-内容生产/内容体系/00-缓冲区/legacy-content-creation/history-society/长文55-权力的四种形态.md","待确认","2026-06-13 17:32:06","32","expired-review","pending","","2026-07-22"
"05-内容生产/内容体系/00-缓冲区","05-内容生产/内容体系/00-缓冲区/legacy-content-creation/history-society/长文99-赫拉利的共同想象：人类如何被虚构统治.md","待确认","2026-06-13 17:32:17","32","expired-review","pending","","2026-07-22"
"05-内容生产/内容体系/00-缓冲区","05-内容生产/内容体系/00-缓冲区/legacy-content-creation/LEARNING_PATHS.md","待确认","2026-06-13 00:08:36","32","expired-review","pending","","2026-07-22"
"05-内容生产/内容体系/00-缓冲区","05-内容生产/内容体系/00-缓冲区/legacy-content-creation/plain/长文31-低碳水的科学争议与共识_plain.md","待确认","2026-06-13 00:08:36","32","expired-review","pending","","2026-07-22"
"05-内容生产/内容体系/00-缓冲区","05-内容生产/内容体系/00-缓冲区/legacy-content-creation/plain/长文43-穷爸爸富爸爸_两个爸爸的教育启示_plain.md","待确认","2026-06-13 00:08:36","32","expired-review","pending","","2026-07-22"
"05-内容生产/内容体系/00-缓冲区","05-内容生产/内容体系/00-缓冲区/legacy-content-creation/plain/长文85-21岁的身体是一笔复利投资_plain.md","待确认","2026-06-13 00:08:36","32","expired-review","pending","","2026-07-22"
"05-内容生产/内容体系/00-缓冲区","05-内容生产/内容体系/00-缓冲区/legacy-content-creation/plain/长文92-马斯克五步算法：删减比增加难100倍_plain.md","待确认","2026-06-13 00:08:36","32","expired-review","pending","","2026-07-22"
"05-内容生产/内容体系/00-缓冲区","05-内容生产/内容体系/00-缓冲区/legacy-content-creation/productivity/长文100-达利欧的机器视角：把自己当成系统来优化.md","待确认","2026-06-13 17:33:10","32","expired-review","pending","","2026-07-22"
"05-内容生产/内容体系/00-缓冲区","05-内容生产/内容体系/00-缓冲区/legacy-content-creation/productivity/长文11-每周工作4小时的真正含义.md","待确认","2026-06-13 17:33:25","32","expired-review","pending","","2026-07-22"
"05-内容生产/内容体系/00-缓冲区","05-内容生产/内容体系/00-缓冲区/legacy-content-creation/productivity/长文21-忙碌的麻醉作用.md","待确认","2026-06-13 17:33:37","32","expired-review","pending","","2026-07-22"
"05-内容生产/内容体系/00-缓冲区","05-内容生产/内容体系/00-缓冲区/legacy-content-creation/productivity/长文41-深度工作的保护与恢复.md","待确认","2026-06-13 17:33:49","32","expired-review","pending","","2026-07-22"
"05-内容生产/内容体系/00-缓冲区","05-内容生产/内容体系/00-缓冲区/legacy-content-creation/productivity/长文51-如何用AI打造个人效率系统.md","待确认","2026-06-13 17:34:01","32","expired-review","pending","","2026-07-22"
"05-内容生产/内容体系/00-缓冲区","05-内容生产/内容体系/00-缓冲区/legacy-content-creation/productivity/长文60-忙碌不等于高效.md","待确认","2026-06-13 17:34:12","32","expired-review","pending","","2026-07-22"
"05-内容生产/内容体系/00-缓冲区","05-内容生产/内容体系/00-缓冲区/legacy-content-creation/productivity/长文61-DEAL模型：新富足的四步法.md","待确认","2026-06-13 17:34:25","32","expired-review","pending","","2026-07-22"
"05-内容生产/内容体系/00-缓冲区","05-内容生产/内容体系/00-缓冲区/legacy-content-creation/productivity/长文62-最小可行性习惯.md","待确认","2026-06-13 17:34:32","32","expired-review","pending","","2026-07-22"
"05-内容生产/内容体系/00-缓冲区","05-内容生产/内容体系/00-缓冲区/legacy-content-creation/productivity/长文63-AI时代的新生产力范式.md","待确认","2026-06-13 17:34:39","32","expired-review","pending","","2026-07-22"
"05-内容生产/内容体系/00-缓冲区","05-内容生产/内容体系/00-缓冲区/legacy-content-creation/productivity/长文96-恐惧设定：费里斯的斯多葛决策法.md","待确认","2026-06-13 17:34:46","32","expired-review","pending","","2026-07-22"
"05-内容生产/内容体系/00-缓冲区","05-内容生产/内容体系/00-缓冲区/legacy-content-creation/psychology/长文08-自律即自爱.md","待确认","2026-06-13 17:40:16","32","expired-review","pending","","2026-07-22"
"05-内容生产/内容体系/00-缓冲区","05-内容生产/内容体系/00-缓冲区/legacy-content-creation/psychology/长文26-少有人走的路_四条纪律深度解读.md","待确认","2026-06-13 17:40:29","32","expired-review","pending","","2026-07-22"
"05-内容生产/内容体系/00-缓冲区","05-内容生产/内容体系/00-缓冲区/legacy-content-creation/psychology/长文36-做个皮实的人_抗压能力训练.md","待确认","2026-06-13 17:40:43","32","expired-review","pending","","2026-07-22"
"05-内容生产/内容体系/00-缓冲区","05-内容生产/内容体系/00-缓冲区/legacy-content-creation/psychology/长文50-心智成熟的四个阶段.md","待确认","2026-06-13 17:40:55","32","expired-review","pending","","2026-07-22"
"05-内容生产/内容体系/00-缓冲区","05-内容生产/内容体系/00-缓冲区/legacy-content-creation/psychology/长文57-焦虑的数学公式.md","待确认","2026-06-13 17:41:11","32","expired-review","pending","","2026-07-22"
"05-内容生产/内容体系/00-缓冲区","05-内容生产/内容体系/00-缓冲区/legacy-content-creation/psychology/长文58-真正的自律是自爱.md","待确认","2026-06-13 17:41:17","32","expired-review","pending","","2026-07-22"
"05-内容生产/内容体系/00-缓冲区","05-内容生产/内容体系/00-缓冲区/legacy-content-creation/psychology/长文59-你不是你的想法.md","待确认","2026-06-13 17:41:25","32","expired-review","pending","","2026-07-22"
"05-内容生产/内容体系/00-缓冲区","05-内容生产/内容体系/00-缓冲区/legacy-content-creation/psychology/长文94-人类误判心理学的25个Bug.md","待确认","2026-06-13 17:41:32","32","expired-review","pending","","2026-07-22"
"05-内容生产/内容体系/00-缓冲区","05-内容生产/内容体系/00-缓冲区/legacy-content-creation/publishing/pre-flight/PRE_PUBLISH_CHECKLIST.md","待确认","2026-06-05 15:33:52","40","expired-review","pending","","2026-07-22"
"05-内容生产/内容体系/00-缓冲区","05-内容生产/内容体系/00-缓冲区/legacy-content-creation/README.md","待确认","2026-07-15 18:23:50","0","governance-file","keep","","2026-08-14"
"05-内容生产/内容体系/00-缓冲区","05-内容生产/内容体系/00-缓冲区/legacy-content-creation/relationship/长文06-依恋理论.md","待确认","2026-06-13 17:41:54","32","expired-review","pending","","2026-07-22"
"05-内容生产/内容体系/00-缓冲区","05-内容生产/内容体系/00-缓冲区/legacy-content-creation/relationship/长文20-冲突不是关系的杀手.md","待确认","2026-06-13 17:42:08","32","expired-review","pending","","2026-07-22"
"05-内容生产/内容体系/00-缓冲区","05-内容生产/内容体系/00-缓冲区/legacy-content-creation/relationship/长文33-反依赖_表面独立内心恐惧.md","待确认","2026-06-13 17:44:02","32","expired-review","pending","","2026-07-22"
"05-内容生产/内容体系/00-缓冲区","05-内容生产/内容体系/00-缓冲区/legacy-content-creation/relationship/长文44-爱的八次约会_终极关系体检.md","待确认","2026-06-13 17:44:14","32","expired-review","pending","","2026-07-22"
"05-内容生产/内容体系/00-缓冲区","05-内容生产/内容体系/00-缓冲区/legacy-content-creation/relationship/长文64-反依赖：亲密关系中最隐蔽的防御.md","待确认","2026-06-13 17:44:32","32","expired-review","pending","","2026-07-22"
"05-内容生产/内容体系/00-缓冲区","05-内容生产/内容体系/00-缓冲区/legacy-content-creation/relationship/长文65-爱的八次关键对话.md","待确认","2026-06-13 17:44:40","32","expired-review","pending","","2026-07-22"
"05-内容生产/内容体系/00-缓冲区","05-内容生产/内容体系/00-缓冲区/legacy-content-creation/relationship/长文66-爱是能力不是感觉.md","待确认","2026-06-13 17:44:49","32","expired-review","pending","","2026-07-22"
"05-内容生产/内容体系/00-缓冲区","05-内容生产/内容体系/00-缓冲区/legacy-content-creation/relationship/长文67-冲突是关系的免疫系统.md","待确认","2026-06-13 17:44:56","32","expired-review","pending","","2026-07-22"
"05-内容生产/内容体系/00-缓冲区","05-内容生产/内容体系/00-缓冲区/legacy-content-creation/self-media/长文05-流量本质.md","待确认","2026-06-13 17:22:42","32","expired-review","pending","","2026-07-22"
"05-内容生产/内容体系/00-缓冲区","05-内容生产/内容体系/00-缓冲区/legacy-content-creation/self-media/长文14-AI时代的一人企业.md","待确认","2026-06-13 17:22:57","32","expired-review","pending","","2026-07-22"
"05-内容生产/内容体系/00-缓冲区","05-内容生产/内容体系/00-缓冲区/legacy-content-creation/self-media/长文27-内容创作的100篇定律.md","待确认","2026-06-13 17:23:13","32","expired-review","pending","","2026-07-22"
"05-内容生产/内容体系/00-缓冲区","05-内容生产/内容体系/00-缓冲区/legacy-content-creation/self-media/长文35-Purpose_Profit解读.md","待确认","2026-06-13 17:23:26","32","expired-review","pending","","2026-07-22"
"05-内容生产/内容体系/00-缓冲区","05-内容生产/内容体系/00-缓冲区/legacy-content-creation/self-media/长文49-个人IP的底层逻辑.md","待确认","2026-06-13 17:23:42","32","expired-review","pending","","2026-07-22"
"05-内容生产/内容体系/00-缓冲区","05-内容生产/内容体系/00-缓冲区/legacy-content-creation/self-media/长文68-你的知识就是产品.md","待确认","2026-06-13 17:23:54","32","expired-review","pending","","2026-07-22"
"05-内容生产/内容体系/00-缓冲区","05-内容生产/内容体系/00-缓冲区/legacy-content-creation/self-media/长文69-个人IP的底层逻辑.md","待确认","2026-06-13 17:24:07","32","expired-review","pending","","2026-07-22"
"05-内容生产/内容体系/00-缓冲区","05-内容生产/内容体系/00-缓冲区/legacy-content-creation/self-media/长文70-内容创作的HKR公式.md","待确认","2026-06-13 17:24:17","32","expired-review","pending","","2026-07-22"
"05-内容生产/内容体系/00-缓冲区","05-内容生产/内容体系/00-缓冲区/legacy-content-creation/self-media/长文71-AI时代的创作者优势.md","待确认","2026-06-13 17:24:29","32","expired-review","pending","","2026-07-22"
"05-内容生产/内容体系/00-缓冲区","05-内容生产/内容体系/00-缓冲区/legacy-content-creation/self-media/长文86-1288元买到的七条人生底线.md","待确认","2026-06-13 17:24:42","32","expired-review","pending","","2026-07-22"
"05-内容生产/内容体系/00-缓冲区","05-内容生产/内容体系/00-缓冲区/legacy-content-creation/self-media/长文87-Dan Koe个人资产飞轮.md","待确认","2026-06-13 17:24:55","32","expired-review","pending","","2026-07-22"
"05-内容生产/内容体系/00-缓冲区","05-内容生产/内容体系/00-缓冲区/legacy-content-creation/self-media/长文95-Sam Altman的指数增长思维.md","待确认","2026-06-13 17:25:06","32","expired-review","pending","","2026-07-22"
"05-内容生产/内容体系/00-缓冲区","05-内容生产/内容体系/00-缓冲区/legacy-content-creation/self-media/长文97-Paul Graham的创造者手艺哲学.md","待确认","2026-06-13 17:25:18","32","expired-review","pending","","2026-07-22"
"05-内容生产/内容体系/00-缓冲区","05-内容生产/内容体系/00-缓冲区/legacy-content-creation/social-cards/card-82-财务自由的数学定义.html","待确认","2026-06-05 14:39:16","40","expired-review","pending","","2026-07-22"
"05-内容生产/内容体系/00-缓冲区","05-内容生产/内容体系/00-缓冲区/legacy-content-creation/social-cards/card-83-系统诊断：当知识和行动脱节.html","待确认","2026-06-05 14:39:16","40","expired-review","pending","","2026-07-22"
"05-内容生产/内容体系/00-缓冲区","05-内容生产/内容体系/00-缓冲区/legacy-content-creation/social-cards/card-85-21岁的身体是一笔复利投资.html","待确认","2026-06-05 14:39:16","40","expired-review","pending","","2026-07-22"
"05-内容生产/内容体系/00-缓冲区","05-内容生产/内容体系/00-缓冲区/legacy-content-creation/social-cards/card-86-1288元买到的七条人生底线.html","待确认","2026-06-05 14:39:16","40","expired-review","pending","","2026-07-22"
"05-内容生产/内容体系/00-缓冲区","05-内容生产/内容体系/00-缓冲区/legacy-content-creation/social-cards/card-89-纳瓦尔财富物理学：杠杆专长和复利.html","待确认","2026-06-05 14:39:16","40","expired-review","pending","","2026-07-22"
"05-内容生产/内容体系/00-缓冲区","05-内容生产/内容体系/00-缓冲区/legacy-content-creation/visual-assets/COVER_GUIDE.md","待确认","2026-06-13 00:08:37","32","expired-review","pending","","2026-07-22"
"05-内容生产/内容体系/00-缓冲区","05-内容生产/内容体系/00-缓冲区/legacy-content-creation/visual-assets/INFOGRAPHIC_SPEC.md","待确认","2026-06-05 15:08:08","40","expired-review","pending","","2026-07-22"
"05-内容生产/内容体系/00-缓冲区","05-内容生产/内容体系/00-缓冲区/legacy-content-creation/wealth/长文03-资产vs负债.md","待确认","2026-06-13 17:45:09","32","expired-review","pending","","2026-07-22"
"05-内容生产/内容体系/00-缓冲区","05-内容生产/内容体系/00-缓冲区/legacy-content-creation/wealth/长文07-价值投资生活哲学.md","待确认","2026-06-13 17:45:22","32","expired-review","pending","","2026-07-22"
"05-内容生产/内容体系/00-缓冲区","05-内容生产/内容体系/00-缓冲区/legacy-content-creation/wealth/长文17-数字资产的复利效应.md","待确认","2026-06-13 17:45:35","32","expired-review","pending","","2026-07-22"
"05-内容生产/内容体系/00-缓冲区","05-内容生产/内容体系/00-缓冲区/legacy-content-creation/wealth/长文19-富爸爸的核心框架.md","待确认","2026-06-13 17:45:54","32","expired-review","pending","","2026-07-22"
"05-内容生产/内容体系/00-缓冲区","05-内容生产/内容体系/00-缓冲区/legacy-content-creation/wealth/长文25-下牌桌vs赢得多.md","待确认","2026-06-13 17:46:05","32","expired-review","pending","","2026-07-22"
"05-内容生产/内容体系/00-缓冲区","05-内容生产/内容体系/00-缓冲区/legacy-content-creation/wealth/长文30-价值心法深度解读.md","待确认","2026-06-13 17:46:17","32","expired-review","pending","","2026-07-22"
"05-内容生产/内容体系/00-缓冲区","05-内容生产/内容体系/00-缓冲区/legacy-content-creation/wealth/长文40-AI时代的资产重新定义.md","待确认","2026-06-13 17:46:31","32","expired-review","pending","","2026-07-22"
"05-内容生产/内容体系/00-缓冲区","05-内容生产/内容体系/00-缓冲区/legacy-content-creation/wealth/长文43-穷爸爸富爸爸_两个爸爸的教育启示.md","待确认","2026-06-13 17:47:38","32","expired-review","pending","","2026-07-22"
"05-内容生产/内容体系/00-缓冲区","05-内容生产/内容体系/00-缓冲区/legacy-content-creation/wealth/长文48-被动收入的四种模式.md","待确认","2026-06-13 17:46:43","32","expired-review","pending","","2026-07-22"
"05-内容生产/内容体系/00-缓冲区","05-内容生产/内容体系/00-缓冲区/legacy-content-creation/wealth/长文80-金钱的四种人格.md","待确认","2026-06-13 17:46:57","32","expired-review","pending","","2026-07-22"
"05-内容生产/内容体系/00-缓冲区","05-内容生产/内容体系/00-缓冲区/legacy-content-creation/wealth/长文81-价值投资的认知基础.md","待确认","2026-06-13 17:47:15","32","expired-review","pending","","2026-07-22"
"05-内容生产/内容体系/00-缓冲区","05-内容生产/内容体系/00-缓冲区/legacy-content-creation/wealth/长文82-财务自由的数学定义.md","待确认","2026-06-13 17:47:25","32","expired-review","pending","","2026-07-22"
"05-内容生产/内容体系/00-缓冲区","05-内容生产/内容体系/00-缓冲区/legacy-content-creation/wealth/长文93-巴菲特的三重安全边际.md","待确认","2026-06-13 17:47:32","32","expired-review","pending","","2026-07-22"
"05-内容生产/内容体系/00-缓冲区","05-内容生产/内容体系/00-缓冲区/README.md","待确认","2026-07-15 19:52:07","0","governance-file","keep","","2026-08-14"
"05-内容生产/内容体系/03-处理状态/00-缓冲区","05-内容生产/内容体系/03-处理状态/00-缓冲区/抽取日志.md","待确认","2026-06-11 01:26:14","34","expired-review","pending","","2026-07-22"
"05-内容生产/内容体系/03-处理状态/00-缓冲区","05-内容生产/内容体系/03-处理状态/00-缓冲区/第一批样本计划.md","待确认","2026-06-11 01:16:22","34","expired-review","pending","","2026-07-22"
"05-内容生产/内容体系/03-处理状态/00-缓冲区","05-内容生产/内容体系/03-处理状态/00-缓冲区/来源注册表_批量生成候选.csv","待确认","2026-06-11 01:17:05","34","expired-review","pending","","2026-07-22"
"05-内容生产/内容体系/03-处理状态/00-缓冲区","05-内容生产/内容体系/03-处理状态/00-缓冲区/README.md","待确认","2026-07-15 18:08:13","0","governance-file","keep","","2026-08-14"
"08-媒体与产品/00-缓冲区","08-媒体与产品/00-缓冲区/README.md","待确认","2026-07-15 18:08:13","0","governance-file","keep","","2026-08-14"
"08-媒体与产品/媒体/flagship/book-of-life-answers/00-缓冲区","08-媒体与产品/媒体/flagship/book-of-life-answers/00-缓冲区/00_START_LOG.md","待确认","2026-06-08 22:37:24","37","expired-review","pending","","2026-07-22"
"08-媒体与产品/媒体/flagship/book-v7/00-缓冲区","08-媒体与产品/媒体/flagship/book-v7/00-缓冲区/CONTENT_HASH_INDEX.md","待确认","2026-06-11 22:30:37","34","expired-review","pending","","2026-07-22"
"08-媒体与产品/媒体/flagship/book-v7/00-缓冲区","08-媒体与产品/媒体/flagship/book-v7/00-缓冲区/CUT_LOG.md","待确认","2026-06-09 14:15:15","36","expired-review","pending","","2026-07-22"
"08-媒体与产品/媒体/flagship/book-v7/00-缓冲区","08-媒体与产品/媒体/flagship/book-v7/00-缓冲区/DEEP_RESEARCH_PLAN.md","待确认","2026-06-11 22:30:37","34","expired-review","pending","","2026-07-22"
"08-媒体与产品/媒体/flagship/book-v7/00-缓冲区","08-媒体与产品/媒体/flagship/book-v7/00-缓冲区/DOD_AUDIT.md","待确认","2026-06-11 21:59:41","34","expired-review","pending","","2026-07-22"
"08-媒体与产品/媒体/flagship/book-v7/00-缓冲区","08-媒体与产品/媒体/flagship/book-v7/00-缓冲区/EVIDENCE_AUDIT_V2.md","待确认","2026-06-11 21:36:43","34","expired-review","pending","","2026-07-22"
"08-媒体与产品/媒体/flagship/book-v7/00-缓冲区","08-媒体与产品/媒体/flagship/book-v7/00-缓冲区/EVIDENCE_AUDIT.md","待确认","2026-06-11 21:36:43","34","expired-review","pending","","2026-07-22"
"08-媒体与产品/媒体/flagship/book-v7/00-缓冲区","08-媒体与产品/媒体/flagship/book-v7/00-缓冲区/EVIDENCE_PATCH.md","待确认","2026-06-20 17:51:20","25","aging-review","pending","","2026-07-29"
"08-媒体与产品/媒体/flagship/book-v7/00-缓冲区","08-媒体与产品/媒体/flagship/book-v7/00-缓冲区/faith-convergence-report.md","待确认","2026-06-16 19:22:56","29","aging-review","pending","","2026-07-29"
"08-媒体与产品/媒体/flagship/book-v7/00-缓冲区","08-媒体与产品/媒体/flagship/book-v7/00-缓冲区/GIT_TIME_LOG.md","待确认","2026-06-09 02:46:10","36","expired-review","pending","","2026-07-22"
"08-媒体与产品/媒体/flagship/book-v7/00-缓冲区","08-媒体与产品/媒体/flagship/book-v7/00-缓冲区/LEVER_C_D_REPORT.md","待确认","2026-06-09 14:15:35","36","expired-review","pending","","2026-07-22"
"08-媒体与产品/媒体/flagship/book-v7/00-缓冲区","08-媒体与产品/媒体/flagship/book-v7/00-缓冲区/METHODOLOGY_LOCK.md","待确认","2026-06-09 14:10:16","36","expired-review","pending","","2026-07-22"
"08-媒体与产品/媒体/flagship/book-v7/00-缓冲区","08-媒体与产品/媒体/flagship/book-v7/00-缓冲区/ORIGINALITY_LOG.md","待确认","2026-06-09 14:14:56","36","expired-review","pending","","2026-07-22"
"08-媒体与产品/媒体/flagship/book-v7/00-缓冲区","08-媒体与产品/媒体/flagship/book-v7/00-缓冲区/PUBLISH_CHECKLIST.md","待确认","2026-07-15 01:46:16","0","current-review","pending","","2026-08-14"
"08-媒体与产品/媒体/flagship/book-v7/00-缓冲区","08-媒体与产品/媒体/flagship/book-v7/00-缓冲区/R30_DELIVERY_REPORT.md","待确认","2026-06-09 02:20:39","36","expired-review","pending","","2026-07-22"
"08-媒体与产品/媒体/flagship/book-v7/00-缓冲区","08-媒体与产品/媒体/flagship/book-v7/00-缓冲区/REJECT_LOG.md","待确认","2026-06-09 12:17:26","36","expired-review","pending","","2026-07-22"
"08-媒体与产品/媒体/flagship/book-v7/00-缓冲区","08-媒体与产品/媒体/flagship/book-v7/00-缓冲区/v4_HEARTBEAT_LOG.md","待确认","2026-06-11 21:59:41","34","expired-review","pending","","2026-07-22"
"08-媒体与产品/媒体/flagship/book-v7/00-缓冲区","08-媒体与产品/媒体/flagship/book-v7/00-缓冲区/v7_HEARTBEAT_LOG.md","待确认","2026-06-11 16:35:39","34","expired-review","pending","","2026-07-22"
"08-媒体与产品/媒体/flagship/book-v7/00-缓冲区","08-媒体与产品/媒体/flagship/book-v7/00-缓冲区/xhs_image_prompts.md","待确认","2026-06-11 22:30:14","34","expired-review","pending","","2026-07-22"
"08-媒体与产品/媒体/wechat_2026-06-07/00-缓冲区","08-媒体与产品/媒体/wechat_2026-06-07/00-缓冲区/_dbs/_REPAIR_REPORT.md","待确认","2026-06-10 12:22:56","35","expired-review","pending","","2026-07-22"
"08-媒体与产品/媒体/wechat_2026-06-07/00-缓冲区","08-媒体与产品/媒体/wechat_2026-06-07/00-缓冲区/_dbs/D01_AI时代独立思考的价值.md","待确认","2026-06-10 13:14:29","35","expired-review","pending","","2026-07-22"
"08-媒体与产品/媒体/wechat_2026-06-07/00-缓冲区","08-媒体与产品/媒体/wechat_2026-06-07/00-缓冲区/_dbs/D02_资产vs负债.md","待确认","2026-06-10 13:15:12","35","expired-review","pending","","2026-07-22"
"08-媒体与产品/媒体/wechat_2026-06-07/00-缓冲区","08-媒体与产品/媒体/wechat_2026-06-07/00-缓冲区/_dbs/D03_多巴胺天平.md","待确认","2026-06-10 13:32:12","35","expired-review","pending","","2026-07-22"
"08-媒体与产品/媒体/wechat_2026-06-07/00-缓冲区","08-媒体与产品/媒体/wechat_2026-06-07/00-缓冲区/_dbs/D04_HKR流量公式.md","待确认","2026-06-10 13:31:13","35","expired-review","pending","","2026-07-22"
"08-媒体与产品/媒体/wechat_2026-06-07/00-缓冲区","08-媒体与产品/媒体/wechat_2026-06-07/00-缓冲区/_dbs/D05_认知Bug防御.md","待确认","2026-06-10 13:16:21","35","expired-review","pending","","2026-07-22"
"08-媒体与产品/媒体/wechat_2026-06-07/00-缓冲区","08-媒体与产品/媒体/wechat_2026-06-07/00-缓冲区/_dbs/D06_100篇定律.md","待确认","2026-06-10 13:28:29","35","expired-review","pending","","2026-07-22"
"08-媒体与产品/媒体/wechat_2026-06-07/00-缓冲区","08-媒体与产品/媒体/wechat_2026-06-07/00-缓冲区/_dbs/D07_最小可行性习惯.md","待确认","2026-06-10 13:28:29","35","expired-review","pending","","2026-07-22"
"08-媒体与产品/媒体/wechat_2026-06-07/00-缓冲区","08-媒体与产品/媒体/wechat_2026-06-07/00-缓冲区/_dbs/D08_复利曲线.md","待确认","2026-06-10 13:28:29","35","expired-review","pending","","2026-07-22"
"08-媒体与产品/媒体/wechat_2026-06-07/00-缓冲区","08-媒体与产品/媒体/wechat_2026-06-07/00-缓冲区/_dbs/D09_内容创作四根命脉.md","待确认","2026-06-10 13:28:29","35","expired-review","pending","","2026-07-22"
"08-媒体与产品/媒体/wechat_2026-06-07/00-缓冲区","08-媒体与产品/媒体/wechat_2026-06-07/00-缓冲区/_dbs/D10_忙碌逃避.md","待确认","2026-06-10 13:28:29","35","expired-review","pending","","2026-07-22"
"08-媒体与产品/媒体/wechat_2026-06-07/00-缓冲区","08-媒体与产品/媒体/wechat_2026-06-07/00-缓冲区/_dbs/D100_内容产品化.md","待确认","2026-06-10 13:28:29","35","expired-review","pending","","2026-07-22"
"08-媒体与产品/媒体/wechat_2026-06-07/00-缓冲区","08-媒体与产品/媒体/wechat_2026-06-07/00-缓冲区/_dbs/D101_发布不是终点.md","待确认","2026-06-10 13:28:29","35","expired-review","pending","","2026-07-22"
"08-媒体与产品/媒体/wechat_2026-06-07/00-缓冲区","08-媒体与产品/媒体/wechat_2026-06-07/00-缓冲区/_dbs/D102_环境的暴政.md","待确认","2026-06-10 13:28:29","35","expired-review","pending","","2026-07-22"
"08-媒体与产品/媒体/wechat_2026-06-07/00-缓冲区","08-媒体与产品/媒体/wechat_2026-06-07/00-缓冲区/_dbs/D103_饮食决策框架.md","待确认","2026-06-10 13:28:29","35","expired-review","pending","","2026-07-22"
"08-媒体与产品/媒体/wechat_2026-06-07/00-缓冲区","08-媒体与产品/媒体/wechat_2026-06-07/00-缓冲区/_dbs/D104_昼夜节律重建.md","待确认","2026-06-10 13:28:29","35","expired-review","pending","","2026-07-22"
"08-媒体与产品/媒体/wechat_2026-06-07/00-缓冲区","08-媒体与产品/媒体/wechat_2026-06-07/00-缓冲区/_dbs/D105_成瘾不是意志力问题.md","待确认","2026-06-10 13:28:29","35","expired-review","pending","","2026-07-22"
"08-媒体与产品/媒体/wechat_2026-06-07/00-缓冲区","08-媒体与产品/媒体/wechat_2026-06-07/00-缓冲区/_dbs/D106_睡眠不是休息.md","待确认","2026-06-10 13:28:29","35","expired-review","pending","","2026-07-22"
"08-媒体与产品/媒体/wechat_2026-06-07/00-缓冲区","08-媒体与产品/媒体/wechat_2026-06-07/00-缓冲区/_dbs/D107_认知目标函数.md","待确认","2026-06-10 13:28:29","35","expired-review","pending","","2026-07-22"
"08-媒体与产品/媒体/wechat_2026-06-07/00-缓冲区","08-媒体与产品/媒体/wechat_2026-06-07/00-缓冲区/_dbs/D108_形象不是虚伪.md","待确认","2026-06-10 13:31:13","35","expired-review","pending","","2026-07-22"
"08-媒体与产品/媒体/wechat_2026-06-07/00-缓冲区","08-媒体与产品/媒体/wechat_2026-06-07/00-缓冲区/_dbs/D109_代际错位即杠杆.md","待确认","2026-06-10 13:28:29","35","expired-review","pending","","2026-07-22"
"08-媒体与产品/媒体/wechat_2026-06-07/00-缓冲区","08-媒体与产品/媒体/wechat_2026-06-07/00-缓冲区/_dbs/D11_共同想象与权力.md","待确认","2026-07-15 01:48:03","0","current-review","pending","","2026-08-14"
"08-媒体与产品/媒体/wechat_2026-06-07/00-缓冲区","08-媒体与产品/媒体/wechat_2026-06-07/00-缓冲区/_dbs/D110_多巴胺基线崩塌与修复.md","待确认","2026-06-10 13:28:29","35","expired-review","pending","","2026-07-22"
"08-媒体与产品/媒体/wechat_2026-06-07/00-缓冲区","08-媒体与产品/媒体/wechat_2026-06-07/00-缓冲区/_dbs/D12_三重大脑的真相.md","待确认","2026-07-15 01:48:03","0","current-review","pending","","2026-08-14"
"08-媒体与产品/媒体/wechat_2026-06-07/00-缓冲区","08-媒体与产品/媒体/wechat_2026-06-07/00-缓冲区/_dbs/D13_依恋模式.md","待确认","2026-07-15 01:48:03","0","current-review","pending","","2026-08-14"
"08-媒体与产品/媒体/wechat_2026-06-07/00-缓冲区","08-媒体与产品/媒体/wechat_2026-06-07/00-缓冲区/_dbs/D14_第一性原理深钻.md","待确认","2026-07-15 01:48:03","0","current-review","pending","","2026-08-14"
"08-媒体与产品/媒体/wechat_2026-06-07/00-缓冲区","08-媒体与产品/媒体/wechat_2026-06-07/00-缓冲区/_dbs/D15_注意力第一资产.md","待确认","2026-07-15 01:48:03","0","current-review","pending","","2026-08-14"
"08-媒体与产品/媒体/wechat_2026-06-07/00-缓冲区","08-媒体与产品/媒体/wechat_2026-06-07/00-缓冲区/_dbs/D16_22岁试错期权_发布版.md","待确认","2026-06-11 13:04:24","34","expired-review","pending","","2026-07-22"
"08-媒体与产品/媒体/wechat_2026-06-07/00-缓冲区","08-媒体与产品/媒体/wechat_2026-06-07/00-缓冲区/_dbs/D16_22岁试错期权.md","待确认","2026-07-15 01:48:03","0","current-review","pending","","2026-08-14"
"08-媒体与产品/媒体/wechat_2026-06-07/00-缓冲区","08-媒体与产品/媒体/wechat_2026-06-07/00-缓冲区/_dbs/D17_信息转化率.md","待确认","2026-07-15 01:48:03","0","current-review","pending","","2026-08-14"
"08-媒体与产品/媒体/wechat_2026-06-07/00-缓冲区","08-媒体与产品/媒体/wechat_2026-06-07/00-缓冲区/_dbs/D18_知道验证的鸿沟.md","待确认","2026-07-15 01:48:03","0","current-review","pending","","2026-08-14"
"08-媒体与产品/媒体/wechat_2026-06-07/00-缓冲区","08-媒体与产品/媒体/wechat_2026-06-07/00-缓冲区/_dbs/D19_环境暴政.md","待确认","2026-07-15 01:48:03","0","current-review","pending","","2026-08-14"
"08-媒体与产品/媒体/wechat_2026-06-07/00-缓冲区","08-媒体与产品/媒体/wechat_2026-06-07/00-缓冲区/_dbs/D20_连续天数.md","待确认","2026-06-10 13:31:43","35","expired-review","pending","","2026-07-22"
"08-媒体与产品/媒体/wechat_2026-06-07/00-缓冲区","08-媒体与产品/媒体/wechat_2026-06-07/00-缓冲区/_dbs/D21_形象杠杆.md","待确认","2026-06-10 13:31:43","35","expired-review","pending","","2026-07-22"
"08-媒体与产品/媒体/wechat_2026-06-07/00-缓冲区","08-媒体与产品/媒体/wechat_2026-06-07/00-缓冲区/_dbs/D22_拖延的三种类型.md","待确认","2026-06-10 13:31:43","35","expired-review","pending","","2026-07-22"
"08-媒体与产品/媒体/wechat_2026-06-07/00-缓冲区","08-媒体与产品/媒体/wechat_2026-06-07/00-缓冲区/_dbs/D23_情绪是数据.md","待确认","2026-06-10 13:31:43","35","expired-review","pending","","2026-07-22"
"08-媒体与产品/媒体/wechat_2026-06-07/00-缓冲区","08-媒体与产品/媒体/wechat_2026-06-07/00-缓冲区/_dbs/D24_反脆弱未来.md","待确认","2026-06-10 13:31:43","35","expired-review","pending","","2026-07-22"
"08-媒体与产品/媒体/wechat_2026-06-07/00-缓冲区","08-媒体与产品/媒体/wechat_2026-06-07/00-缓冲区/_dbs/D25_自律即自爱.md","待确认","2026-06-10 13:31:43","35","expired-review","pending","","2026-07-22"
"08-媒体与产品/媒体/wechat_2026-06-07/00-缓冲区","08-媒体与产品/媒体/wechat_2026-06-07/00-缓冲区/_dbs/D26_焦虑公式.md","待确认","2026-06-10 13:31:43","35","expired-review","pending","","2026-07-22"
"08-媒体与产品/媒体/wechat_2026-06-07/00-缓冲区","08-媒体与产品/媒体/wechat_2026-06-07/00-缓冲区/_dbs/D27_元认知训练.md","待确认","2026-06-10 13:31:43","35","expired-review","pending","","2026-07-22"
"08-媒体与产品/媒体/wechat_2026-06-07/00-缓冲区","08-媒体与产品/媒体/wechat_2026-06-07/00-缓冲区/_dbs/D28_注意力管理.md","待确认","2026-06-10 13:31:43","35","expired-review","pending","","2026-07-22"
"08-媒体与产品/媒体/wechat_2026-06-07/00-缓冲区","08-媒体与产品/媒体/wechat_2026-06-07/00-缓冲区/_dbs/D29_依恋可改变.md","待确认","2026-06-10 13:31:43","35","expired-review","pending","","2026-07-22"
"08-媒体与产品/媒体/wechat_2026-06-07/00-缓冲区","08-媒体与产品/媒体/wechat_2026-06-07/00-缓冲区/_dbs/D30_历史的教训.md","待确认","2026-06-10 13:31:43","35","expired-review","pending","","2026-07-22"
"08-媒体与产品/媒体/wechat_2026-06-07/00-缓冲区","08-媒体与产品/媒体/wechat_2026-06-07/00-缓冲区/_dbs/D31_信息茧房.md","待确认","2026-06-13 15:31:48","32","expired-review","pending","","2026-07-22"
"08-媒体与产品/媒体/wechat_2026-06-07/00-缓冲区","08-媒体与产品/媒体/wechat_2026-06-07/00-缓冲区/_dbs/D32_延迟满足.md","待确认","2026-06-10 13:31:43","35","expired-review","pending","","2026-07-22"
"08-媒体与产品/媒体/wechat_2026-06-07/00-缓冲区","08-媒体与产品/媒体/wechat_2026-06-07/00-缓冲区/_dbs/D33_社交媒体税.md","待确认","2026-06-10 13:31:43","35","expired-review","pending","","2026-07-22"
"08-媒体与产品/媒体/wechat_2026-06-07/00-缓冲区","08-媒体与产品/媒体/wechat_2026-06-07/00-缓冲区/_dbs/D34_知识转化率.md","待确认","2026-06-10 13:31:43","35","expired-review","pending","","2026-07-22"
"08-媒体与产品/媒体/wechat_2026-06-07/00-缓冲区","08-媒体与产品/媒体/wechat_2026-06-07/00-缓冲区/_dbs/D35_环境设计.md","待确认","2026-06-10 13:31:43","35","expired-review","pending","","2026-07-22"
"08-媒体与产品/媒体/wechat_2026-06-07/00-缓冲区","08-媒体与产品/媒体/wechat_2026-06-07/00-缓冲区/_dbs/D36_个人IP本质.md","待确认","2026-06-13 15:31:53","32","expired-review","pending","","2026-07-22"
"08-媒体与产品/媒体/wechat_2026-06-07/00-缓冲区","08-媒体与产品/媒体/wechat_2026-06-07/00-缓冲区/_dbs/D37_创作系统进化.md","待确认","2026-06-10 13:31:43","35","expired-review","pending","","2026-07-22"
"08-媒体与产品/媒体/wechat_2026-06-07/00-缓冲区","08-媒体与产品/媒体/wechat_2026-06-07/00-缓冲区/_dbs/D38_深度工作.md","待确认","2026-06-10 13:31:43","35","expired-review","pending","","2026-07-22"
"08-媒体与产品/媒体/wechat_2026-06-07/00-缓冲区","08-媒体与产品/媒体/wechat_2026-06-07/00-缓冲区/_dbs/D39_决策质量.md","待确认","2026-06-10 13:31:43","35","expired-review","pending","","2026-07-22"
"08-媒体与产品/媒体/wechat_2026-06-07/00-缓冲区","08-媒体与产品/媒体/wechat_2026-06-07/00-缓冲区/_dbs/D40_终身学习.md","待确认","2026-06-10 13:31:43","35","expired-review","pending","","2026-07-22"
"08-媒体与产品/媒体/wechat_2026-06-07/00-缓冲区","08-媒体与产品/媒体/wechat_2026-06-07/00-缓冲区/_dbs/D41_概念解剖.md","待确认","2026-06-10 13:31:43","35","expired-review","pending","","2026-07-22"
"08-媒体与产品/媒体/wechat_2026-06-07/00-缓冲区","08-媒体与产品/媒体/wechat_2026-06-07/00-缓冲区/_dbs/D42_写作与思考.md","待确认","2026-06-10 13:31:43","35","expired-review","pending","","2026-07-22"
"08-媒体与产品/媒体/wechat_2026-06-07/00-缓冲区","08-媒体与产品/媒体/wechat_2026-06-07/00-缓冲区/_dbs/D43_数字极简.md","待确认","2026-06-10 13:31:13","35","expired-review","pending","","2026-07-22"
"08-媒体与产品/媒体/wechat_2026-06-07/00-缓冲区","08-媒体与产品/媒体/wechat_2026-06-07/00-缓冲区/_dbs/D44_复利暗面.md","待确认","2026-06-10 13:31:43","35","expired-review","pending","","2026-07-22"
"08-媒体与产品/媒体/wechat_2026-06-07/00-缓冲区","08-媒体与产品/媒体/wechat_2026-06-07/00-缓冲区/_dbs/D45_关系权力.md","待确认","2026-06-10 13:31:43","35","expired-review","pending","","2026-07-22"
"08-媒体与产品/媒体/wechat_2026-06-07/00-缓冲区","08-媒体与产品/媒体/wechat_2026-06-07/00-缓冲区/_dbs/D46_创作者经济学.md","待确认","2026-06-10 13:31:43","35","expired-review","pending","","2026-07-22"
"08-媒体与产品/媒体/wechat_2026-06-07/00-缓冲区","08-媒体与产品/媒体/wechat_2026-06-07/00-缓冲区/_dbs/D47_睡眠与认知.md","待确认","2026-06-10 13:31:43","35","expired-review","pending","","2026-07-22"
"08-媒体与产品/媒体/wechat_2026-06-07/00-缓冲区","08-媒体与产品/媒体/wechat_2026-06-07/00-缓冲区/_dbs/D48_失败的科学.md","待确认","2026-06-10 13:31:43","35","expired-review","pending","","2026-07-22"
"08-媒体与产品/媒体/wechat_2026-06-07/00-缓冲区","08-媒体与产品/媒体/wechat_2026-06-07/00-缓冲区/_dbs/D49_知识管理vs应用.md","待确认","2026-06-10 13:31:43","35","expired-review","pending","","2026-07-22"
"08-媒体与产品/媒体/wechat_2026-06-07/00-缓冲区","08-媒体与产品/媒体/wechat_2026-06-07/00-缓冲区/_dbs/D50_个人系统升级.md","待确认","2026-06-10 13:31:43","35","expired-review","pending","","2026-07-22"
"08-媒体与产品/媒体/wechat_2026-06-07/00-缓冲区","08-媒体与产品/媒体/wechat_2026-06-07/00-缓冲区/_dbs/D51_阅人术.md","待确认","2026-06-10 13:31:13","35","expired-review","pending","","2026-07-22"
"08-媒体与产品/媒体/wechat_2026-06-07/00-缓冲区","08-媒体与产品/媒体/wechat_2026-06-07/00-缓冲区/_dbs/D52_谈判框架.md","待确认","2026-06-10 13:31:13","35","expired-review","pending","","2026-07-22"
"08-媒体与产品/媒体/wechat_2026-06-07/00-缓冲区","08-媒体与产品/媒体/wechat_2026-06-07/00-缓冲区/_dbs/D53_独处价值.md","待确认","2026-06-10 13:28:29","35","expired-review","pending","","2026-07-22"
"08-媒体与产品/媒体/wechat_2026-06-07/00-缓冲区","08-媒体与产品/媒体/wechat_2026-06-07/00-缓冲区/_dbs/D54_阅读方法论.md","待确认","2026-06-10 13:28:29","35","expired-review","pending","","2026-07-22"
"08-媒体与产品/媒体/wechat_2026-06-07/00-缓冲区","08-媒体与产品/媒体/wechat_2026-06-07/00-缓冲区/_dbs/D55_身体与思维.md","待确认","2026-06-10 13:31:13","35","expired-review","pending","","2026-07-22"
"08-媒体与产品/媒体/wechat_2026-06-07/00-缓冲区","08-媒体与产品/媒体/wechat_2026-06-07/00-缓冲区/_dbs/D56_运气与努力.md","待确认","2026-06-10 13:31:13","35","expired-review","pending","","2026-07-22"
"08-媒体与产品/媒体/wechat_2026-06-07/00-缓冲区","08-媒体与产品/媒体/wechat_2026-06-07/00-缓冲区/_dbs/D57_影响力原理.md","待确认","2026-06-10 13:31:13","35","expired-review","pending","","2026-07-22"
"08-媒体与产品/媒体/wechat_2026-06-07/00-缓冲区","08-媒体与产品/媒体/wechat_2026-06-07/00-缓冲区/_dbs/D58_提问的艺术.md","待确认","2026-06-10 13:31:13","35","expired-review","pending","","2026-07-22"
"08-媒体与产品/媒体/wechat_2026-06-07/00-缓冲区","08-媒体与产品/媒体/wechat_2026-06-07/00-缓冲区/_dbs/D59_自我叙事.md","待确认","2026-06-10 13:31:13","35","expired-review","pending","","2026-07-22"
"08-媒体与产品/媒体/wechat_2026-06-07/00-缓冲区","08-媒体与产品/媒体/wechat_2026-06-07/00-缓冲区/_dbs/D60_从0到1.md","待确认","2026-06-10 13:31:13","35","expired-review","pending","","2026-07-22"
"08-媒体与产品/媒体/wechat_2026-06-07/00-缓冲区","08-媒体与产品/媒体/wechat_2026-06-07/00-缓冲区/_dbs/D61_选择悖论.md","待确认","2026-06-10 13:31:13","35","expired-review","pending","","2026-07-22"
"08-媒体与产品/媒体/wechat_2026-06-07/00-缓冲区","08-媒体与产品/媒体/wechat_2026-06-07/00-缓冲区/_dbs/D62_完美主义.md","待确认","2026-06-10 13:31:13","35","expired-review","pending","","2026-07-22"
"08-媒体与产品/媒体/wechat_2026-06-07/00-缓冲区","08-媒体与产品/媒体/wechat_2026-06-07/00-缓冲区/_dbs/D63_习惯神经科学.md","待确认","2026-06-10 13:31:13","35","expired-review","pending","","2026-07-22"
"08-媒体与产品/媒体/wechat_2026-06-07/00-缓冲区","08-媒体与产品/媒体/wechat_2026-06-07/00-缓冲区/_dbs/D64_导师与自学.md","待确认","2026-06-10 13:31:13","35","expired-review","pending","","2026-07-22"
"08-媒体与产品/媒体/wechat_2026-06-07/00-缓冲区","08-媒体与产品/媒体/wechat_2026-06-07/00-缓冲区/_dbs/D65_金钱心理学.md","待确认","2026-06-10 13:31:13","35","expired-review","pending","","2026-07-22"
"08-媒体与产品/媒体/wechat_2026-06-07/00-缓冲区","08-媒体与产品/媒体/wechat_2026-06-07/00-缓冲区/_dbs/D66_熵与秩序.md","待确认","2026-06-10 13:28:29","35","expired-review","pending","","2026-07-22"
"08-媒体与产品/媒体/wechat_2026-06-07/00-缓冲区","08-媒体与产品/媒体/wechat_2026-06-07/00-缓冲区/_dbs/D67_FOMO与JOMO.md","待确认","2026-06-10 13:31:13","35","expired-review","pending","","2026-07-22"
"08-媒体与产品/媒体/wechat_2026-06-07/00-缓冲区","08-媒体与产品/媒体/wechat_2026-06-07/00-缓冲区/_dbs/D68_边界设定.md","待确认","2026-06-10 13:31:13","35","expired-review","pending","","2026-07-22"
"08-媒体与产品/媒体/wechat_2026-06-07/00-缓冲区","08-媒体与产品/媒体/wechat_2026-06-07/00-缓冲区/_dbs/D69_创造力的日常.md","待确认","2026-06-10 13:28:29","35","expired-review","pending","","2026-07-22"
"08-媒体与产品/媒体/wechat_2026-06-07/00-缓冲区","08-媒体与产品/媒体/wechat_2026-06-07/00-缓冲区/_dbs/D70_脆弱的力量.md","待确认","2026-06-10 13:28:29","35","expired-review","pending","","2026-07-22"
"08-媒体与产品/媒体/wechat_2026-06-07/00-缓冲区","08-媒体与产品/媒体/wechat_2026-06-07/00-缓冲区/_dbs/D71_时间的感知.md","待确认","2026-06-10 13:31:13","35","expired-review","pending","","2026-07-22"
"08-媒体与产品/媒体/wechat_2026-06-07/00-缓冲区","08-媒体与产品/媒体/wechat_2026-06-07/00-缓冲区/_dbs/D72_社交资本.md","待确认","2026-06-10 13:28:29","35","expired-review","pending","","2026-07-22"
"08-媒体与产品/媒体/wechat_2026-06-07/00-缓冲区","08-媒体与产品/媒体/wechat_2026-06-07/00-缓冲区/_dbs/D73_身份与标签.md","待确认","2026-06-10 13:28:29","35","expired-review","pending","","2026-07-22"
"08-媒体与产品/媒体/wechat_2026-06-07/00-缓冲区","08-媒体与产品/媒体/wechat_2026-06-07/00-缓冲区/_dbs/D74_反馈的勇气.md","待确认","2026-06-10 13:28:29","35","expired-review","pending","","2026-07-22"
"08-媒体与产品/媒体/wechat_2026-06-07/00-缓冲区","08-媒体与产品/媒体/wechat_2026-06-07/00-缓冲区/_dbs/D75_输出驱动学习.md","待确认","2026-06-10 13:28:29","35","expired-review","pending","","2026-07-22"
"08-媒体与产品/媒体/wechat_2026-06-07/00-缓冲区","08-媒体与产品/媒体/wechat_2026-06-07/00-缓冲区/_dbs/D76_认知卸载.md","待确认","2026-06-10 13:32:01","35","expired-review","pending","","2026-07-22"
"08-媒体与产品/媒体/wechat_2026-06-07/00-缓冲区","08-媒体与产品/媒体/wechat_2026-06-07/00-缓冲区/_dbs/D77_动机的科学.md","待确认","2026-06-10 13:28:29","35","expired-review","pending","","2026-07-22"
"08-媒体与产品/媒体/wechat_2026-06-07/00-缓冲区","08-媒体与产品/媒体/wechat_2026-06-07/00-缓冲区/_dbs/D78_感恩的科学.md","待确认","2026-06-10 13:31:13","35","expired-review","pending","","2026-07-22"
"08-媒体与产品/媒体/wechat_2026-06-07/00-缓冲区","08-媒体与产品/媒体/wechat_2026-06-07/00-缓冲区/_dbs/D79_故事的力量.md","待确认","2026-06-13 15:31:41","32","expired-review","pending","","2026-07-22"
"08-媒体与产品/媒体/wechat_2026-06-07/00-缓冲区","08-媒体与产品/媒体/wechat_2026-06-07/00-缓冲区/_dbs/D80_反依赖与亲密恐惧.md","待确认","2026-06-10 13:28:29","35","expired-review","pending","","2026-07-22"
"08-媒体与产品/媒体/wechat_2026-06-07/00-缓冲区","08-媒体与产品/媒体/wechat_2026-06-07/00-缓冲区/_dbs/D81_形象管理ROI科学.md","待确认","2026-06-10 13:28:29","35","expired-review","pending","","2026-07-22"
"08-媒体与产品/媒体/wechat_2026-06-07/00-缓冲区","08-媒体与产品/媒体/wechat_2026-06-07/00-缓冲区/_dbs/D82_代际错位.md","待确认","2026-06-10 13:28:29","35","expired-review","pending","","2026-07-22"
"08-媒体与产品/媒体/wechat_2026-06-07/00-缓冲区","08-媒体与产品/媒体/wechat_2026-06-07/00-缓冲区/_dbs/D83_负循环破解.md","待确认","2026-06-10 13:31:13","35","expired-review","pending","","2026-07-22"
"08-媒体与产品/媒体/wechat_2026-06-07/00-缓冲区","08-媒体与产品/媒体/wechat_2026-06-07/00-缓冲区/_dbs/D84_P0单一主线.md","待确认","2026-06-10 13:32:12","35","expired-review","pending","","2026-07-22"
"08-媒体与产品/媒体/wechat_2026-06-07/00-缓冲区","08-媒体与产品/媒体/wechat_2026-06-07/00-缓冲区/_dbs/D85_14天实验SOP.md","待确认","2026-06-10 13:28:29","35","expired-review","pending","","2026-07-22"
"08-媒体与产品/媒体/wechat_2026-06-07/00-缓冲区","08-媒体与产品/媒体/wechat_2026-06-07/00-缓冲区/_dbs/D86_最小可行性系统.md","待确认","2026-06-10 13:28:29","35","expired-review","pending","","2026-07-22"
"08-媒体与产品/媒体/wechat_2026-06-07/00-缓冲区","08-媒体与产品/媒体/wechat_2026-06-07/00-缓冲区/_dbs/D87_芒格格栅.md","待确认","2026-06-10 13:31:13","35","expired-review","pending","","2026-07-22"
"08-媒体与产品/媒体/wechat_2026-06-07/00-缓冲区","08-媒体与产品/媒体/wechat_2026-06-07/00-缓冲区/_dbs/D88_系统大于目标.md","待确认","2026-06-10 13:32:12","35","expired-review","pending","","2026-07-22"
"08-媒体与产品/媒体/wechat_2026-06-07/00-缓冲区","08-媒体与产品/媒体/wechat_2026-06-07/00-缓冲区/_dbs/D89_反共识不是叛逆.md","待确认","2026-06-10 13:31:13","35","expired-review","pending","","2026-07-22"
"08-媒体与产品/媒体/wechat_2026-06-07/00-缓冲区","08-媒体与产品/媒体/wechat_2026-06-07/00-缓冲区/_dbs/D90_反脆弱进阶.md","待确认","2026-06-10 13:28:29","35","expired-review","pending","","2026-07-22"
"08-媒体与产品/媒体/wechat_2026-06-07/00-缓冲区","08-媒体与产品/媒体/wechat_2026-06-07/00-缓冲区/_dbs/D91_一人企业AI杠杆.md","待确认","2026-06-10 13:28:29","35","expired-review","pending","","2026-07-22"
"08-媒体与产品/媒体/wechat_2026-06-07/00-缓冲区","08-媒体与产品/媒体/wechat_2026-06-07/00-缓冲区/_dbs/D92_杠铃策略.md","待确认","2026-06-10 13:28:29","35","expired-review","pending","","2026-07-22"
"08-媒体与产品/媒体/wechat_2026-06-07/00-缓冲区","08-媒体与产品/媒体/wechat_2026-06-07/00-缓冲区/_dbs/D93_交易的正确目标.md","待确认","2026-06-10 13:28:29","35","expired-review","pending","","2026-07-22"
"08-媒体与产品/媒体/wechat_2026-06-07/00-缓冲区","08-媒体与产品/媒体/wechat_2026-06-07/00-缓冲区/_dbs/D94_游戏不是敌人.md","待确认","2026-06-10 13:28:29","35","expired-review","pending","","2026-07-22"
"08-媒体与产品/媒体/wechat_2026-06-07/00-缓冲区","08-媒体与产品/媒体/wechat_2026-06-07/00-缓冲区/_dbs/D95_三位一体创作.md","待确认","2026-06-10 13:28:29","35","expired-review","pending","","2026-07-22"
"08-媒体与产品/媒体/wechat_2026-06-07/00-缓冲区","08-媒体与产品/媒体/wechat_2026-06-07/00-缓冲区/_dbs/D96_平台策略.md","待确认","2026-06-10 13:28:29","35","expired-review","pending","","2026-07-22"
"08-媒体与产品/媒体/wechat_2026-06-07/00-缓冲区","08-媒体与产品/媒体/wechat_2026-06-07/00-缓冲区/_dbs/D97_先避毁灭再求收益.md","待确认","2026-06-10 13:28:29","35","expired-review","pending","","2026-07-22"
"08-媒体与产品/媒体/wechat_2026-06-07/00-缓冲区","08-媒体与产品/媒体/wechat_2026-06-07/00-缓冲区/_dbs/D98_认知负债陷阱.md","待确认","2026-06-10 13:28:29","35","expired-review","pending","","2026-07-22"
"08-媒体与产品/媒体/wechat_2026-06-07/00-缓冲区","08-媒体与产品/媒体/wechat_2026-06-07/00-缓冲区/_dbs/D99_六格复盘.md","待确认","2026-06-10 13:28:29","35","expired-review","pending","","2026-07-22"
"08-媒体与产品/媒体/wechat_2026-06-07/00-缓冲区","08-媒体与产品/媒体/wechat_2026-06-07/00-缓冲区/_WORK_LOG.md","待确认","2026-06-07 13:04:51","38","expired-review","pending","","2026-07-22"
"08-媒体与产品/媒体/wechat_2026-06-07/00-缓冲区","08-媒体与产品/媒体/wechat_2026-06-07/00-缓冲区/草稿/W1_注意力战争_v1_draft.md","待确认","2026-06-07 15:33:33","38","expired-review","pending","","2026-07-22"
"08-媒体与产品/媒体/wechat_2026-06-07/00-缓冲区","08-媒体与产品/媒体/wechat_2026-06-07/00-缓冲区/草稿/W10_饮食决策框架_v1.md","待确认","2026-06-07 15:52:42","38","expired-review","pending","","2026-07-22"
"08-媒体与产品/媒体/wechat_2026-06-07/00-缓冲区","08-媒体与产品/媒体/wechat_2026-06-07/00-缓冲区/草稿/W10_饮食决策框架_v2_expanded.md","待确认","2026-06-07 15:54:11","38","expired-review","pending","","2026-07-22"
"08-媒体与产品/媒体/wechat_2026-06-07/00-缓冲区","08-媒体与产品/媒体/wechat_2026-06-07/00-缓冲区/草稿/W11_一人企业中国版_v1.md","待确认","2026-06-07 15:52:42","38","expired-review","pending","","2026-07-22"
"08-媒体与产品/媒体/wechat_2026-06-07/00-缓冲区","08-媒体与产品/媒体/wechat_2026-06-07/00-缓冲区/草稿/W11_一人企业中国版_v2_expanded.md","待确认","2026-06-13 18:24:51","32","expired-review","pending","","2026-07-22"
"08-媒体与产品/媒体/wechat_2026-06-07/00-缓冲区","08-媒体与产品/媒体/wechat_2026-06-07/00-缓冲区/草稿/W12_交易系统_v1.md","待确认","2026-06-13 18:04:33","32","expired-review","pending","","2026-07-22"
"08-媒体与产品/媒体/wechat_2026-06-07/00-缓冲区","08-媒体与产品/媒体/wechat_2026-06-07/00-缓冲区/草稿/W12_交易系统_v2_expanded.md","待确认","2026-06-13 18:04:12","32","expired-review","pending","","2026-07-22"
"08-媒体与产品/媒体/wechat_2026-06-07/00-缓冲区","08-媒体与产品/媒体/wechat_2026-06-07/00-缓冲区/草稿/W13_平台策略_v1.md","待确认","2026-06-07 15:53:31","38","expired-review","pending","","2026-07-22"
"08-媒体与产品/媒体/wechat_2026-06-07/00-缓冲区","08-媒体与产品/媒体/wechat_2026-06-07/00-缓冲区/草稿/W13_平台策略_v2_expanded.md","待确认","2026-06-11 13:15:46","34","expired-review","pending","","2026-07-22"
"08-媒体与产品/媒体/wechat_2026-06-07/00-缓冲区","08-媒体与产品/媒体/wechat_2026-06-07/00-缓冲区/草稿/W14_终极组装指南_v1.md","待确认","2026-06-07 15:56:34","38","expired-review","pending","","2026-07-22"
"08-媒体与产品/媒体/wechat_2026-06-07/00-缓冲区","08-媒体与产品/媒体/wechat_2026-06-07/00-缓冲区/草稿/W15_游戏化人生_v1.md","待确认","2026-06-07 15:56:34","38","expired-review","pending","","2026-07-22"
"08-媒体与产品/媒体/wechat_2026-06-07/00-缓冲区","08-媒体与产品/媒体/wechat_2026-06-07/00-缓冲区/草稿/W16_生存蓝图_v1.md","待确认","2026-06-11 21:59:42","34","expired-review","pending","","2026-07-22"
"08-媒体与产品/媒体/wechat_2026-06-07/00-缓冲区","08-媒体与产品/媒体/wechat_2026-06-07/00-缓冲区/草稿/W16_生存蓝图_v2_expanded.md","待确认","2026-06-11 21:59:42","34","expired-review","pending","","2026-07-22"
"08-媒体与产品/媒体/wechat_2026-06-07/00-缓冲区","08-媒体与产品/媒体/wechat_2026-06-07/00-缓冲区/草稿/W17_习惯设计手册_v1.md","待确认","2026-06-07 15:59:24","38","expired-review","pending","","2026-07-22"
"08-媒体与产品/媒体/wechat_2026-06-07/00-缓冲区","08-媒体与产品/媒体/wechat_2026-06-07/00-缓冲区/草稿/W18_读书方法论_v1.md","待确认","2026-07-15 01:46:16","0","current-review","pending","","2026-08-14"
"08-媒体与产品/媒体/wechat_2026-06-07/00-缓冲区","08-媒体与产品/媒体/wechat_2026-06-07/00-缓冲区/草稿/W19_致22岁的自己_v1.md","待确认","2026-06-07 16:00:15","38","expired-review","pending","","2026-07-22"
"08-媒体与产品/媒体/wechat_2026-06-07/00-缓冲区","08-媒体与产品/媒体/wechat_2026-06-07/00-缓冲区/草稿/W2_反共识生存手册_v1_draft.md","待确认","2026-06-07 15:35:33","38","expired-review","pending","","2026-07-22"
"08-媒体与产品/媒体/wechat_2026-06-07/00-缓冲区","08-媒体与产品/媒体/wechat_2026-06-07/00-缓冲区/草稿/W20_独立生存指南_v1.md","待确认","2026-06-11 13:15:46","34","expired-review","pending","","2026-07-22"
"08-媒体与产品/媒体/wechat_2026-06-07/00-缓冲区","08-媒体与产品/媒体/wechat_2026-06-07/00-缓冲区/草稿/W21_致不够好的自己_v1.md","待确认","2026-06-11 13:15:46","34","expired-review","pending","","2026-07-22"
"08-媒体与产品/媒体/wechat_2026-06-07/00-缓冲区","08-媒体与产品/媒体/wechat_2026-06-07/00-缓冲区/草稿/W22_复盘方法论_v1.md","待确认","2026-06-07 16:04:27","38","expired-review","pending","","2026-07-22"
"08-媒体与产品/媒体/wechat_2026-06-07/00-缓冲区","08-媒体与产品/媒体/wechat_2026-06-07/00-缓冲区/草稿/W23_原生家庭_v1.md","待确认","2026-06-07 16:04:27","38","expired-review","pending","","2026-07-22"
"08-媒体与产品/媒体/wechat_2026-06-07/00-缓冲区","08-媒体与产品/媒体/wechat_2026-06-07/00-缓冲区/草稿/W24_你和你爸和你自己_v1.md","待确认","2026-06-07 16:05:19","38","expired-review","pending","","2026-07-22"
"08-媒体与产品/媒体/wechat_2026-06-07/00-缓冲区","08-媒体与产品/媒体/wechat_2026-06-07/00-缓冲区/草稿/W25_游戏十年_v1.md","待确认","2026-06-07 16:06:40","38","expired-review","pending","","2026-07-22"
"08-媒体与产品/媒体/wechat_2026-06-07/00-缓冲区","08-媒体与产品/媒体/wechat_2026-06-07/00-缓冲区/草稿/W26_三十天_v1.md","待确认","2026-06-07 16:07:28","38","expired-review","pending","","2026-07-22"
"08-媒体与产品/媒体/wechat_2026-06-07/00-缓冲区","08-媒体与产品/媒体/wechat_2026-06-07/00-缓冲区/草稿/W27_人生操作系统_v1.md","待确认","2026-06-07 16:08:28","38","expired-review","pending","","2026-07-22"
"08-媒体与产品/媒体/wechat_2026-06-07/00-缓冲区","08-媒体与产品/媒体/wechat_2026-06-07/00-缓冲区/草稿/W28_反依赖_v1.md","待确认","2026-06-07 16:10:41","38","expired-review","pending","","2026-07-22"
"08-媒体与产品/媒体/wechat_2026-06-07/00-缓冲区","08-媒体与产品/媒体/wechat_2026-06-07/00-缓冲区/草稿/W28_反依赖_v2_expanded.md","待确认","2026-06-07 16:11:43","38","expired-review","pending","","2026-07-22"
"08-媒体与产品/媒体/wechat_2026-06-07/00-缓冲区","08-媒体与产品/媒体/wechat_2026-06-07/00-缓冲区/草稿/W29_资产审计_v1.md","待确认","2026-06-11 13:15:46","34","expired-review","pending","","2026-07-22"
"08-媒体与产品/媒体/wechat_2026-06-07/00-缓冲区","08-媒体与产品/媒体/wechat_2026-06-07/00-缓冲区/草稿/W29_资产审计_v2_expanded.md","待确认","2026-06-11 13:15:46","34","expired-review","pending","","2026-07-22"
"08-媒体与产品/媒体/wechat_2026-06-07/00-缓冲区","08-媒体与产品/媒体/wechat_2026-06-07/00-缓冲区/草稿/W3_完美主义破局_v1_draft.md","待确认","2026-06-07 15:36:55","38","expired-review","pending","","2026-07-22"
"08-媒体与产品/媒体/wechat_2026-06-07/00-缓冲区","08-媒体与产品/媒体/wechat_2026-06-07/00-缓冲区/草稿/W3_完美主义破局_v2_expanded.md","待确认","2026-06-13 18:22:34","32","expired-review","pending","","2026-07-22"
"08-媒体与产品/媒体/wechat_2026-06-07/00-缓冲区","08-媒体与产品/媒体/wechat_2026-06-07/00-缓冲区/草稿/W30_唯一主线_v1.md","待确认","2026-06-07 16:10:41","38","expired-review","pending","","2026-07-22"
"08-媒体与产品/媒体/wechat_2026-06-07/00-缓冲区","08-媒体与产品/媒体/wechat_2026-06-07/00-缓冲区/草稿/W30_唯一主线_v2_expanded.md","待确认","2026-06-07 16:11:43","38","expired-review","pending","","2026-07-22"
"08-媒体与产品/媒体/wechat_2026-06-07/00-缓冲区","08-媒体与产品/媒体/wechat_2026-06-07/00-缓冲区/草稿/W31_神经可塑性_v1.md","待确认","2026-06-07 16:13:40","38","expired-review","pending","","2026-07-22"
"08-媒体与产品/媒体/wechat_2026-06-07/00-缓冲区","08-媒体与产品/媒体/wechat_2026-06-07/00-缓冲区/草稿/W32_先避毁灭_v1.md","待确认","2026-06-07 16:15:12","38","expired-review","pending","","2026-07-22"
"08-媒体与产品/媒体/wechat_2026-06-07/00-缓冲区","08-媒体与产品/媒体/wechat_2026-06-07/00-缓冲区/草稿/W33_那个勾_v1.md","待确认","2026-06-07 16:15:12","38","expired-review","pending","","2026-07-22"
"08-媒体与产品/媒体/wechat_2026-06-07/00-缓冲区","08-媒体与产品/媒体/wechat_2026-06-07/00-缓冲区/草稿/W34_永远在场_v1.md","待确认","2026-06-07 16:15:55","38","expired-review","pending","","2026-07-22"
"08-媒体与产品/媒体/wechat_2026-06-07/00-缓冲区","08-媒体与产品/媒体/wechat_2026-06-07/00-缓冲区/草稿/W35_二十二岁操作手册_v1.md","待确认","2026-06-07 16:15:55","38","expired-review","pending","","2026-07-22"
"08-媒体与产品/媒体/wechat_2026-06-07/00-缓冲区","08-媒体与产品/媒体/wechat_2026-06-07/00-缓冲区/草稿/W4_多巴胺重建_v1_draft.md","待确认","2026-06-07 15:37:55","38","expired-review","pending","","2026-07-22"
"08-媒体与产品/媒体/wechat_2026-06-07/00-缓冲区","08-媒体与产品/媒体/wechat_2026-06-07/00-缓冲区/草稿/W4_多巴胺重建_v2_expanded.md","待确认","2026-06-13 18:22:59","32","expired-review","pending","","2026-07-22"
"08-媒体与产品/媒体/wechat_2026-06-07/00-缓冲区","08-媒体与产品/媒体/wechat_2026-06-07/00-缓冲区/草稿/W5_杠铃策略_v1_draft.md","待确认","2026-06-07 15:38:51","38","expired-review","pending","","2026-07-22"
"08-媒体与产品/媒体/wechat_2026-06-07/00-缓冲区","08-媒体与产品/媒体/wechat_2026-06-07/00-缓冲区/草稿/W5_杠铃策略_v2_expanded.md","待确认","2026-06-07 15:40:39","38","expired-review","pending","","2026-07-22"
"08-媒体与产品/媒体/wechat_2026-06-07/00-缓冲区","08-媒体与产品/媒体/wechat_2026-06-07/00-缓冲区/草稿/W6_系统大于目标_v1_draft.md","待确认","2026-06-07 15:39:30","38","expired-review","pending","","2026-07-22"
"08-媒体与产品/媒体/wechat_2026-06-07/00-缓冲区","08-媒体与产品/媒体/wechat_2026-06-07/00-缓冲区/草稿/W6_系统大于目标_v2_expanded.md","待确认","2026-06-07 15:41:09","38","expired-review","pending","","2026-07-22"
"08-媒体与产品/媒体/wechat_2026-06-07/00-缓冲区","08-媒体与产品/媒体/wechat_2026-06-07/00-缓冲区/草稿/W7_认知武器系统_v1.md","待确认","2026-06-07 15:46:50","38","expired-review","pending","","2026-07-22"
"08-媒体与产品/媒体/wechat_2026-06-07/00-缓冲区","08-媒体与产品/媒体/wechat_2026-06-07/00-缓冲区/草稿/W7_认知武器系统_v2_expanded.md","待确认","2026-06-13 18:24:20","32","expired-review","pending","","2026-07-22"
"08-媒体与产品/媒体/wechat_2026-06-07/00-缓冲区","08-媒体与产品/媒体/wechat_2026-06-07/00-缓冲区/草稿/W8_执行系统设计手册_v1.md","待确认","2026-06-07 15:47:22","38","expired-review","pending","","2026-07-22"
"08-媒体与产品/媒体/wechat_2026-06-07/00-缓冲区","08-媒体与产品/媒体/wechat_2026-06-07/00-缓冲区/草稿/W8_执行系统设计手册_v2_expanded.md","待确认","2026-06-07 15:48:44","38","expired-review","pending","","2026-07-22"
"08-媒体与产品/媒体/wechat_2026-06-07/00-缓冲区","08-媒体与产品/媒体/wechat_2026-06-07/00-缓冲区/草稿/W9_关系是镜子_v1.md","待确认","2026-06-07 15:47:54","38","expired-review","pending","","2026-07-22"
"08-媒体与产品/媒体/wechat_2026-06-07/00-缓冲区","08-媒体与产品/媒体/wechat_2026-06-07/00-缓冲区/草稿/W9_关系是镜子_v2_expanded.md","待确认","2026-06-07 15:49:27","38","expired-review","pending","","2026-07-22"
"08-媒体与产品/媒体/wechat_2026-06-07/00-缓冲区","08-媒体与产品/媒体/wechat_2026-06-07/00-缓冲区/DBS_CONTENT_SYSTEM_AUDIT.md","待确认","2026-06-11 21:36:44","34","expired-review","pending","","2026-07-22"
"08-媒体与产品/媒体/wechat_2026-06-07/00-缓冲区","08-媒体与产品/媒体/wechat_2026-06-07/00-缓冲区/DBS_SYSTEM_AUDIT.md","待确认","2026-06-07 01:33:25","38","expired-review","pending","","2026-07-22"
"08-媒体与产品/媒体/wechat_2026-06-07/00-缓冲区","08-媒体与产品/媒体/wechat_2026-06-07/00-缓冲区/README.md","待确认","2026-07-15 19:46:47","0","governance-file","keep","","2026-08-14"
"99-系统/00-缓冲区","99-系统/00-缓冲区/README.md","待确认","2026-07-15 18:08:13","0","governance-file","keep","","2026-08-14"
"99-系统/元数据/00-缓冲区","99-系统/元数据/00-缓冲区/northstar-ui-staging/apps/product/e2e/accessibility-and-copy.spec.ts","待确认","2026-07-12 06:12:01","3","current-review","pending","","2026-08-14"
"99-系统/元数据/00-缓冲区","99-系统/元数据/00-缓冲区/northstar-ui-staging/apps/product/e2e/core-loop.spec.ts","待确认","2026-07-12 06:00:11","3","current-review","pending","","2026-08-14"
"99-系统/元数据/00-缓冲区","99-系统/元数据/00-缓冲区/northstar-ui-staging/apps/product/src/features/daily-contract-panel.tsx.new","待确认","2026-07-13 12:28:19","2","current-review","pending","","2026-08-14"
"99-系统/元数据/00-缓冲区","99-系统/元数据/00-缓冲区/northstar-ui-staging/apps/product/src/features/work-unit-panel.tsx","待确认","2026-07-11 19:33:49","4","current-review","pending","","2026-08-14"
"99-系统/元数据/00-缓冲区","99-系统/元数据/00-缓冲区/northstar-ui-staging/apps/product/src/features/work-unit-panel.tsx.new","待确认","2026-07-13 12:17:27","2","current-review","pending","","2026-08-14"
"99-系统/元数据/00-缓冲区","99-系统/元数据/00-缓冲区/northstar-ui-staging/apps/product/src/layout/app-shell.tsx","待确认","2026-07-11 19:00:49","4","current-review","pending","","2026-08-14"
"99-系统/元数据/00-缓冲区","99-系统/元数据/00-缓冲区/northstar-ui-staging/apps/product/src/layout/app-shell.tsx.new","待确认","2026-07-13 12:17:57","2","current-review","pending","","2026-08-14"
"99-系统/元数据/00-缓冲区","99-系统/元数据/00-缓冲区/northstar-ui-staging/apps/product/src/main.tsx.new","待确认","2026-07-13 12:23:14","2","current-review","pending","","2026-08-14"
"99-系统/元数据/00-缓冲区","99-系统/元数据/00-缓冲区/northstar-ui-staging/apps/product/src/pages/today-page.tsx","待确认","2026-07-11 21:37:07","4","current-review","pending","","2026-08-14"
"99-系统/元数据/00-缓冲区","99-系统/元数据/00-缓冲区/northstar-ui-staging/apps/product/src/pages/today-page.tsx.new","待确认","2026-07-13 12:11:40","2","current-review","pending","","2026-08-14"
"99-系统/元数据/00-缓冲区","99-系统/元数据/00-缓冲区/northstar-ui-staging/apps/product/src/pages/world-page.tsx.new","待确认","2026-07-13 12:30:08","2","current-review","pending","","2026-08-14"
"99-系统/元数据/00-缓冲区","99-系统/元数据/00-缓冲区/northstar-ui-staging/apps/product/src/styles/product.css","待确认","2026-07-12 00:44:58","3","current-review","pending","","2026-08-14"
"99-系统/元数据/00-缓冲区","99-系统/元数据/00-缓冲区/northstar-ui-staging/apps/product/src/styles/today.css.new","待确认","2026-07-13 12:20:08","2","current-review","pending","","2026-08-14"
"99-系统/元数据/00-缓冲区","99-系统/元数据/00-缓冲区/README.md","待确认","2026-07-15 18:08:13","0","governance-file","keep","","2026-08-14"
