"buffer","owner","files","older_14_days","older_30_days","oldest","has_readme","decision"
"08-媒体与产品/媒体/wechat_2026-06-07/00-缓冲区","待确认","166","155","155","2026-06-07","True","pending-review"
"05-内容生产/内容体系/00-缓冲区","待确认","137","135","134","2026-06-05","True","pending-review"
"01-项目/possibility-debt/00-缓冲区","possibility-debt","62","0","0","2026-07-12","True","pending-review"
"01-项目/game-opportunity-lab/00-缓冲区","game-opportunity-lab","50","0","0","2026-07-12","True","pending-review"
"01-项目/知行转化研究/00-缓冲区","知行转化研究","22","0","0","2026-07-12","False","pending-review"
"03-资源/来源台账/00-缓冲区","待确认","21","1","1","2026-06-06","False","pending-review"
"08-媒体与产品/媒体/flagship/book-v7/00-缓冲区","待确认","18","17","15","2026-06-09","False","pending-review"
"99-系统/元数据/00-缓冲区","待确认","14","0","0","2026-07-11","True","pending-review"
"04-知识/00-缓冲区","待确认","6","5","5","2026-06-06","True","pending-review"
"01-项目/books-knowing-doing/00-缓冲区","books-knowing-doing","4","0","0","2026-07-12","True","pending-review"
"05-内容生产/内容体系/03-处理状态/00-缓冲区","待确认","4","3","3","2026-06-11","True","pending-review"
"05-内容生产/进行中/00-缓冲区","待确认","4","0","0","2026-07-02","True","pending-review"
"03-资源/创作者素材/dontbesilent-聊赚钱/00-缓冲区","待确认","3","0","0","2026-07-04","False","pending-review"
"05-内容生产/方法论手册/00-缓冲区","待确认","2","0","0","2026-07-06","True","pending-review"
"08-媒体与产品/媒体/flagship/book-of-life-answers/00-缓冲区","待确认","1","1","1","2026-06-08","False","pending-review"
"05-内容生产/00-缓冲区","待确认","1","0","0","2026-07-15","True","pending-review"
"99-系统/00-缓冲区","待确认","1","0","0","2026-07-15","True","pending-review"
"03-资源/00-缓冲区","待确认","1","0","0","2026-07-15","True","pending-review"
"08-媒体与产品/00-缓冲区","待确认","1","0","0","2026-07-15","True","pending-review"
"01-项目/00-缓冲区","00-缓冲区","1","0","0","2026-07-15","True","pending-review"
