"file","area","chars","wikilinks","unresolved_wikilinks","placeholder_hits","generic_template_hits","mojibake_hits","source_signal","recommended_disposition","decision"
"05-内容生产/内容体系/00-缓冲区/README.md","buffer-root","396","1","0","0","0","0","False","keep","keep"
"05-内容生产/内容体系/00-缓冲区/legacy-content-creation/dbs-chatroom-复利.md","legacy","805","0","0","1","0","0","True","manual-content-review","pending"
"05-内容生产/内容体系/00-缓冲区/legacy-content-creation/GOAL_ACTION_ALIGNMENT.md","legacy","822","0","0","1","0","0","True","manual-content-review","pending"
"05-内容生产/内容体系/00-缓冲区/legacy-content-creation/LEARNING_PATHS.md","legacy","2111","0","0","1","0","0","True","manual-content-review","pending"
"05-内容生产/内容体系/00-缓冲区/legacy-content-creation/README.md","legacy","94","0","0","0","0","0","False","keep","keep"
"05-内容生产/内容体系/00-缓冲区/legacy-content-creation/book-decons/拆书-大明王朝1566.md","legacy","1848","0","0","1","0","104","True","delete-candidate-corrupted","pending"
"05-内容生产/内容体系/00-缓冲区/legacy-content-creation/book-decons/拆书-富爸爸穷爸爸.md","legacy","1960","0","0","1","0","108","True","delete-candidate-corrupted","pending"
"05-内容生产/内容体系/00-缓冲区/legacy-content-creation/book-decons/拆书-每周工作4小时.md","legacy","1915","0","0","1","0","118","True","delete-candidate-corrupted","pending"
"05-内容生产/内容体系/00-缓冲区/legacy-content-creation/book-decons/拆书-认知觉醒.md","legacy","2013","0","0","1","0","98","True","delete-candidate-corrupted","pending"
"05-内容生产/内容体系/00-缓冲区/legacy-content-creation/book-decons/拆书-少有人走的路.md","legacy","1457","0","0","0","0","0","False","manual-source-review","pending"
"05-内容生产/内容体系/00-缓冲区/legacy-content-creation/cognition/长文02-三重大脑与元认知.md","legacy","2282","0","0","0","0","0","False","manual-source-review","pending"
"05-内容生产/内容体系/00-缓冲区/legacy-content-creation/cognition/长文12-第一性原理思考入门.md","legacy","1793","0","0","0","0","0","False","manual-source-review","pending"
"05-内容生产/内容体系/00-缓冲区/legacy-content-creation/cognition/长文15-复利思维在生活中的迁移应用.md","legacy","1777","0","0","0","0","0","False","manual-source-review","pending"
"05-内容生产/内容体系/00-缓冲区/legacy-content-creation/cognition/长文24-元认知训练的21天计划.md","legacy","1577","0","0","0","0","0","False","manual-source-review","pending"
"05-内容生产/内容体系/00-缓冲区/legacy-content-creation/cognition/长文28-认知驱动_vs_输入驱动.md","legacy","1286","0","0","0","0","0","False","manual-source-review","pending"
"05-内容生产/内容体系/00-缓冲区/legacy-content-creation/cognition/长文32-马斯克五步算法的通用应用.md","legacy","1450","0","0","0","0","0","False","manual-source-review","pending"
"05-内容生产/内容体系/00-缓冲区/legacy-content-creation/cognition/长文37-复利效应在习惯养成中的应用.md","legacy","1243","0","0","0","0","0","False","manual-source-review","pending"
"05-内容生产/内容体系/00-缓冲区/legacy-content-creation/cognition/长文42-注意力的经济学.md","legacy","1059","0","0","0","0","0","False","manual-source-review","pending"
"05-内容生产/内容体系/00-缓冲区/legacy-content-creation/cognition/长文45-元认知_AI时代的终极竞争力.md","legacy","1081","0","0","0","0","0","False","manual-source-review","pending"
"05-内容生产/内容体系/00-缓冲区/legacy-content-creation/cognition/长文46-焦虑的进化心理学解释.md","legacy","1337","0","0","0","0","0","False","manual-source-review","pending"
"05-内容生产/内容体系/00-缓冲区/legacy-content-creation/cognition/长文76-复利思维的认知前设.md","legacy","1169","0","0","0","0","0","False","manual-source-review","pending"
"05-内容生产/内容体系/00-缓冲区/legacy-content-creation/cognition/长文77-第一性原理的日常用法.md","legacy","1163","0","0","0","0","0","False","manual-source-review","pending"
"05-内容生产/内容体系/00-缓冲区/legacy-content-creation/cognition/长文78-学习不是为了记住.md","legacy","1071","0","0","0","0","0","False","manual-source-review","pending"
"05-内容生产/内容体系/00-缓冲区/legacy-content-creation/cognition/长文79-创造者vs消费者.md","legacy","1190","0","0","0","0","0","False","manual-source-review","pending"
"05-内容生产/内容体系/00-缓冲区/legacy-content-creation/cognition/长文83-系统诊断：当知识和行动脱节.md","legacy","1768","0","0","0","0","0","False","manual-source-review","pending"
"05-内容生产/内容体系/00-缓冲区/legacy-content-creation/cognition/长文84-复利行动方案：从读到做.md","legacy","974","0","0","0","0","0","False","manual-source-review","pending"
"05-内容生产/内容体系/00-缓冲区/legacy-content-creation/cognition/长文88-现实反馈复利协议：从成瘾止痛切回执行底盘.md","legacy","992","0","0","0","0","0","False","manual-source-review","pending"
"05-内容生产/内容体系/00-缓冲区/legacy-content-creation/cognition/长文89-纳瓦尔财富物理学：杠杆专长和复利.md","legacy","876","0","0","0","0","0","False","manual-source-review","pending"
"05-内容生产/内容体系/00-缓冲区/legacy-content-creation/cognition/长文90-位置稀缺性与无效努力.md","legacy","968","0","0","0","0","0","False","manual-source-review","pending"
"05-内容生产/内容体系/00-缓冲区/legacy-content-creation/cognition/长文91-塔勒布的反脆弱日常化.md","legacy","986","0","0","0","0","0","False","manual-source-review","pending"
"05-内容生产/内容体系/00-缓冲区/legacy-content-creation/cognition/长文92-马斯克五步算法：删减比增加难100倍.md","legacy","1032","0","0","0","0","0","False","manual-source-review","pending"
"05-内容生产/内容体系/00-缓冲区/legacy-content-creation/cognition/长文98-乔布斯的现实扭曲力场.md","legacy","987","0","0","0","0","0","False","manual-source-review","pending"
"05-内容生产/内容体系/00-缓冲区/legacy-content-creation/concept-anatomy/第一性原理__concept-anatomy.md","legacy","931","0","0","1","0","0","True","manual-content-review","pending"
"05-内容生产/内容体系/00-缓冲区/legacy-content-creation/concept-anatomy/复利__concept-anatomy.md","legacy","2101","0","0","1","0","0","True","manual-content-review","pending"
"05-内容生产/内容体系/00-缓冲区/legacy-content-creation/concept-anatomy/认知偏差__concept-anatomy.md","legacy","1529","0","0","1","0","0","True","manual-content-review","pending"
"05-内容生产/内容体系/00-缓冲区/legacy-content-creation/concept-anatomy/系统思维__concept-anatomy.md","legacy","940","0","0","1","0","0","True","manual-content-review","pending"
"05-内容生产/内容体系/00-缓冲区/legacy-content-creation/concept-anatomy/心智带宽__concept-anatomy.md","legacy","928","0","0","1","0","0","True","manual-content-review","pending"
"05-内容生产/内容体系/00-缓冲区/legacy-content-creation/concept-anatomy/延迟满足__concept-anatomy.md","legacy","1534","0","0","1","0","0","True","manual-content-review","pending"
"05-内容生产/内容体系/00-缓冲区/legacy-content-creation/concept-anatomy/元认知__concept-anatomy.md","legacy","1712","0","0","1","0","0","True","manual-content-review","pending"
"05-内容生产/内容体系/00-缓冲区/legacy-content-creation/dankoe-methodology/DK01-10条思想原则.md","legacy","1955","0","0","0","0","0","False","manual-source-review","pending"
"05-内容生产/内容体系/00-缓冲区/legacy-content-creation/dankoe-methodology/DK02-从旧系统退出：6个哲学重建.md","legacy","1114","0","0","0","0","0","False","manual-source-review","pending"
"05-内容生产/内容体系/00-缓冲区/legacy-content-creation/dankoe-methodology/DK03-创作者闭环：每日系统.md","legacy","1315","0","0","0","0","0","False","manual-source-review","pending"
"05-内容生产/内容体系/00-缓冲区/legacy-content-creation/dankoe-methodology/DK04-90天思想实践计划.md","legacy","1197","0","0","0","0","0","False","manual-source-review","pending"
"05-内容生产/内容体系/00-缓冲区/legacy-content-creation/dankoe-methodology/DK05-2026关键更新·AI一人企业新范式.md","legacy","1418","0","0","0","0","0","True","manual-content-review","pending"
"05-内容生产/内容体系/00-缓冲区/legacy-content-creation/decision-system/01_事实.md","legacy","1295","0","0","1","0","32","True","delete-candidate-corrupted","pending"
"05-内容生产/内容体系/00-缓冲区/legacy-content-creation/decision-system/02_商业模式诊断.md","legacy","1511","0","0","1","0","79","True","delete-candidate-corrupted","pending"
"05-内容生产/内容体系/00-缓冲区/legacy-content-creation/health/公众号-生命之书v1.md","legacy","2261","0","0","0","0","0","False","manual-source-review","pending"
"05-内容生产/内容体系/00-缓冲区/legacy-content-creation/health/长文01-重新理解多巴胺.md","legacy","2016","0","0","0","0","0","False","manual-source-review","pending"
"05-内容生产/内容体系/00-缓冲区/legacy-content-creation/health/长文04-中医系统论.md","legacy","2005","0","0","0","0","0","False","manual-source-review","pending"
"05-内容生产/内容体系/00-缓冲区/legacy-content-creation/health/长文101-高维人类运维协议：把身体当成生产系统来管理.md","legacy","1096","0","0","0","0","0","False","manual-source-review","pending"
"05-内容生产/内容体系/00-缓冲区/legacy-content-creation/health/长文13-中医系统论与现代科学的对话.md","legacy","1618","0","0","0","0","0","False","manual-source-review","pending"
"05-内容生产/内容体系/00-缓冲区/legacy-content-creation/health/长文16-糖瘾的双重劫持.md","legacy","1552","0","0","0","0","0","False","manual-source-review","pending"
"05-内容生产/内容体系/00-缓冲区/legacy-content-creation/health/长文18-成瘾者的身份重建.md","legacy","1449","0","0","0","0","0","False","manual-source-review","pending"
"05-内容生产/内容体系/00-缓冲区/legacy-content-creation/health/长文22-低碳水饮食的30天实验指南.md","legacy","1604","0","0","0","0","0","False","manual-source-review","pending"
"05-内容生产/内容体系/00-缓冲区/legacy-content-creation/health/长文23-多巴胺断食实操手册.md","legacy","1408","0","0","0","0","0","False","manual-source-review","pending"
"05-内容生产/内容体系/00-缓冲区/legacy-content-creation/health/长文29-成瘾者的自我重建.md","legacy","1310","0","0","0","0","0","False","manual-source-review","pending"
"05-内容生产/内容体系/00-缓冲区/legacy-content-creation/health/长文31-低碳水的科学争议与共识.md","legacy","1269","0","0","0","0","0","False","manual-source-review","pending"
"05-内容生产/内容体系/00-缓冲区/legacy-content-creation/health/长文34-新陈代谢的底层逻辑.md","legacy","1495","0","0","0","0","0","False","manual-source-review","pending"
"05-内容生产/内容体系/00-缓冲区/legacy-content-creation/health/长文39-中医的现代科学验证.md","legacy","1197","0","0","0","0","0","False","manual-source-review","pending"
"05-内容生产/内容体系/00-缓冲区/legacy-content-creation/health/长文47-生酮饮食的迷思与真相.md","legacy","1171","0","0","0","0","0","False","manual-source-review","pending"
"05-内容生产/内容体系/00-缓冲区/legacy-content-creation/health/长文72-你为什么总是想吃糖.md","legacy","1168","0","0","0","0","0","False","manual-source-review","pending"
"05-内容生产/内容体系/00-缓冲区/legacy-content-creation/health/长文73-代谢综合征不是一种病.md","legacy","1045","0","0","0","0","0","False","manual-source-review","pending"
"05-内容生产/内容体系/00-缓冲区/legacy-content-creation/health/长文74-中医的'治未病'与现代预防医学.md","legacy","1074","0","0","0","0","0","False","manual-source-review","pending"
"05-内容生产/内容体系/00-缓冲区/legacy-content-creation/health/长文75-肠道是人体的第二大脑.md","legacy","1011","0","0","0","0","0","False","manual-source-review","pending"
"05-内容生产/内容体系/00-缓冲区/legacy-content-creation/health/长文85-21岁的身体是一笔复利投资.md","legacy","1064","0","0","0","0","0","False","manual-source-review","pending"
"05-内容生产/内容体系/00-缓冲区/legacy-content-creation/history-society/长文09-日本失落的三十年.md","legacy","1591","0","0","0","0","0","False","manual-source-review","pending"
"05-内容生产/内容体系/00-缓冲区/legacy-content-creation/history-society/长文10-大明王朝的现代启示录.md","legacy","1558","0","0","0","0","0","False","manual-source-review","pending"
"05-内容生产/内容体系/00-缓冲区/legacy-content-creation/history-society/长文38-历史周期律的个人启示.md","legacy","1232","0","0","0","0","0","False","manual-source-review","pending"
"05-内容生产/内容体系/00-缓冲区/legacy-content-creation/history-society/长文52-权力的本质是信息不对称.md","legacy","1436","0","0","0","0","0","False","manual-source-review","pending"
"05-内容生产/内容体系/00-缓冲区/legacy-content-creation/history-society/长文53-衰退期的三条生存法则.md","legacy","1448","0","0","0","0","0","False","manual-source-review","pending"
"05-内容生产/内容体系/00-缓冲区/legacy-content-creation/history-society/长文54-历史不会重复但总在押韵.md","legacy","1331","0","0","0","0","0","False","manual-source-review","pending"
"05-内容生产/内容体系/00-缓冲区/legacy-content-creation/history-society/长文55-权力的四种形态.md","legacy","1326","0","0","0","0","0","False","manual-source-review","pending"
"05-内容生产/内容体系/00-缓冲区/legacy-content-creation/history-society/长文99-赫拉利的共同想象：人类如何被虚构统治.md","legacy","1157","0","0","0","0","0","False","manual-source-review","pending"
"05-内容生产/内容体系/00-缓冲区/legacy-content-creation/plain/长文31-低碳水的科学争议与共识_plain.md","legacy","713","0","0","1","0","40","True","delete-candidate-corrupted","pending"
"05-内容生产/内容体系/00-缓冲区/legacy-content-creation/plain/长文43-穷爸爸富爸爸_两个爸爸的教育启示_plain.md","legacy","699","0","0","1","0","30","True","delete-candidate-corrupted","pending"
"05-内容生产/内容体系/00-缓冲区/legacy-content-creation/plain/长文85-21岁的身体是一笔复利投资_plain.md","legacy","741","0","0","1","0","29","True","delete-candidate-corrupted","pending"
"05-内容生产/内容体系/00-缓冲区/legacy-content-creation/plain/长文92-马斯克五步算法：删减比增加难100倍_plain.md","legacy","743","0","0","1","0","32","True","delete-candidate-corrupted","pending"
"05-内容生产/内容体系/00-缓冲区/legacy-content-creation/productivity/长文100-达利欧的机器视角：把自己当成系统来优化.md","legacy","1005","0","0","0","0","0","False","manual-source-review","pending"
"05-内容生产/内容体系/00-缓冲区/legacy-content-creation/productivity/长文11-每周工作4小时的真正含义.md","legacy","1527","0","0","0","0","0","False","manual-source-review","pending"
"05-内容生产/内容体系/00-缓冲区/legacy-content-creation/productivity/长文21-忙碌的麻醉作用.md","legacy","1348","0","0","0","0","0","False","manual-source-review","pending"
"05-内容生产/内容体系/00-缓冲区/legacy-content-creation/productivity/长文41-深度工作的保护与恢复.md","legacy","1437","0","0","0","0","0","False","manual-source-review","pending"
"05-内容生产/内容体系/00-缓冲区/legacy-content-creation/productivity/长文51-如何用AI打造个人效率系统.md","legacy","1168","0","0","0","0","0","False","manual-source-review","pending"
"05-内容生产/内容体系/00-缓冲区/legacy-content-creation/productivity/长文60-忙碌不等于高效.md","legacy","1133","0","0","0","0","0","False","manual-source-review","pending"
"05-内容生产/内容体系/00-缓冲区/legacy-content-creation/productivity/长文61-DEAL模型：新富足的四步法.md","legacy","944","0","0","0","0","0","False","manual-source-review","pending"
"05-内容生产/内容体系/00-缓冲区/legacy-content-creation/productivity/长文62-最小可行性习惯.md","legacy","975","0","0","0","0","0","False","manual-source-review","pending"
"05-内容生产/内容体系/00-缓冲区/legacy-content-creation/productivity/长文63-AI时代的新生产力范式.md","legacy","802","0","0","0","0","0","False","manual-source-review","pending"
"05-内容生产/内容体系/00-缓冲区/legacy-content-creation/productivity/长文96-恐惧设定：费里斯的斯多葛决策法.md","legacy","746","0","0","0","0","0","False","manual-source-review","pending"
"05-内容生产/内容体系/00-缓冲区/legacy-content-creation/psychology/长文08-自律即自爱.md","legacy","1671","0","0","0","0","0","False","manual-source-review","pending"
"05-内容生产/内容体系/00-缓冲区/legacy-content-creation/psychology/长文26-少有人走的路_四条纪律深度解读.md","legacy","1454","0","0","0","0","0","False","manual-source-review","pending"
"05-内容生产/内容体系/00-缓冲区/legacy-content-creation/psychology/长文36-做个皮实的人_抗压能力训练.md","legacy","1161","0","0","0","0","0","False","manual-source-review","pending"
"05-内容生产/内容体系/00-缓冲区/legacy-content-creation/psychology/长文50-心智成熟的四个阶段.md","legacy","1176","0","0","0","0","0","False","manual-source-review","pending"
"05-内容生产/内容体系/00-缓冲区/legacy-content-creation/psychology/长文57-焦虑的数学公式.md","legacy","655","0","0","0","0","0","False","manual-source-review","pending"
"05-内容生产/内容体系/00-缓冲区/legacy-content-creation/psychology/长文58-真正的自律是自爱.md","legacy","506","0","0","0","0","0","False","manual-source-review","pending"
"05-内容生产/内容体系/00-缓冲区/legacy-content-creation/psychology/长文59-你不是你的想法.md","legacy","798","0","0","0","0","0","False","manual-source-review","pending"
"05-内容生产/内容体系/00-缓冲区/legacy-content-creation/psychology/长文94-人类误判心理学的25个Bug.md","legacy","688","0","0","0","0","0","False","manual-source-review","pending"
"05-内容生产/内容体系/00-缓冲区/legacy-content-creation/publishing/pre-flight/PRE_PUBLISH_CHECKLIST.md","legacy","3851","0","0","0","0","0","False","manual-source-review","pending"
"05-内容生产/内容体系/00-缓冲区/legacy-content-creation/relationship/长文06-依恋理论.md","legacy","1590","0","0","0","0","0","False","manual-source-review","pending"
"05-内容生产/内容体系/00-缓冲区/legacy-content-creation/relationship/长文20-冲突不是关系的杀手.md","legacy","1399","0","0","0","0","0","False","manual-source-review","pending"
"05-内容生产/内容体系/00-缓冲区/legacy-content-creation/relationship/长文33-反依赖_表面独立内心恐惧.md","legacy","1403","0","0","0","0","0","False","manual-source-review","pending"
"05-内容生产/内容体系/00-缓冲区/legacy-content-creation/relationship/长文44-爱的八次约会_终极关系体检.md","legacy","692","0","0","0","0","0","False","manual-source-review","pending"
"05-内容生产/内容体系/00-缓冲区/legacy-content-creation/relationship/长文64-反依赖：亲密关系中最隐蔽的防御.md","legacy","719","0","0","0","0","0","False","manual-source-review","pending"
"05-内容生产/内容体系/00-缓冲区/legacy-content-creation/relationship/长文65-爱的八次关键对话.md","legacy","808","0","0","0","0","0","False","manual-source-review","pending"
"05-内容生产/内容体系/00-缓冲区/legacy-content-creation/relationship/长文66-爱是能力不是感觉.md","legacy","761","0","0","0","0","0","False","manual-source-review","pending"
"05-内容生产/内容体系/00-缓冲区/legacy-content-creation/relationship/长文67-冲突是关系的免疫系统.md","legacy","564","0","0","0","0","0","False","manual-source-review","pending"
"05-内容生产/内容体系/00-缓冲区/legacy-content-creation/self-media/长文05-流量本质.md","legacy","1636","0","0","0","0","0","False","manual-source-review","pending"
"05-内容生产/内容体系/00-缓冲区/legacy-content-creation/self-media/长文14-AI时代的一人企业.md","legacy","1747","0","0","0","0","0","False","manual-source-review","pending"
"05-内容生产/内容体系/00-缓冲区/legacy-content-creation/self-media/长文27-内容创作的100篇定律.md","legacy","1734","0","0","0","0","0","False","manual-source-review","pending"
"05-内容生产/内容体系/00-缓冲区/legacy-content-creation/self-media/长文35-Purpose_Profit解读.md","legacy","1319","0","0","0","0","0","False","manual-source-review","pending"
"05-内容生产/内容体系/00-缓冲区/legacy-content-creation/self-media/长文49-个人IP的底层逻辑.md","legacy","1171","0","0","0","0","0","False","manual-source-review","pending"
"05-内容生产/内容体系/00-缓冲区/legacy-content-creation/self-media/长文68-你的知识就是产品.md","legacy","1132","0","0","0","0","0","False","manual-source-review","pending"
"05-内容生产/内容体系/00-缓冲区/legacy-content-creation/self-media/长文69-个人IP的底层逻辑.md","legacy","912","0","0","0","0","0","False","manual-source-review","pending"
"05-内容生产/内容体系/00-缓冲区/legacy-content-creation/self-media/长文70-内容创作的HKR公式.md","legacy","847","0","0","0","0","0","False","manual-source-review","pending"
"05-内容生产/内容体系/00-缓冲区/legacy-content-creation/self-media/长文71-AI时代的创作者优势.md","legacy","915","0","0","0","0","0","False","manual-source-review","pending"
"05-内容生产/内容体系/00-缓冲区/legacy-content-creation/self-media/长文86-1288元买到的七条人生底线.md","legacy","1301","0","0","0","0","0","False","manual-source-review","pending"
"05-内容生产/内容体系/00-缓冲区/legacy-content-creation/self-media/长文87-Dan Koe个人资产飞轮.md","legacy","1065","0","0","0","0","0","False","manual-source-review","pending"
"05-内容生产/内容体系/00-缓冲区/legacy-content-creation/self-media/长文95-Sam Altman的指数增长思维.md","legacy","1089","0","0","0","0","0","False","manual-source-review","pending"
"05-内容生产/内容体系/00-缓冲区/legacy-content-creation/self-media/长文97-Paul Graham的创造者手艺哲学.md","legacy","1088","0","0","0","0","0","False","manual-source-review","pending"
"05-内容生产/内容体系/00-缓冲区/legacy-content-creation/visual-assets/COVER_GUIDE.md","legacy","1157","0","0","1","0","0","True","manual-content-review","pending"
"05-内容生产/内容体系/00-缓冲区/legacy-content-creation/visual-assets/INFOGRAPHIC_SPEC.md","legacy","895","0","0","0","0","0","False","manual-source-review","pending"
"05-内容生产/内容体系/00-缓冲区/legacy-content-creation/wealth/长文03-资产vs负债.md","legacy","1594","0","0","0","0","0","False","manual-source-review","pending"
"05-内容生产/内容体系/00-缓冲区/legacy-content-creation/wealth/长文07-价值投资生活哲学.md","legacy","1183","0","0","0","0","0","False","manual-source-review","pending"
"05-内容生产/内容体系/00-缓冲区/legacy-content-creation/wealth/长文17-数字资产的复利效应.md","legacy","1091","0","0","0","0","0","False","manual-source-review","pending"
"05-内容生产/内容体系/00-缓冲区/legacy-content-creation/wealth/长文19-富爸爸的核心框架.md","legacy","970","0","0","0","0","0","False","manual-source-review","pending"
"05-内容生产/内容体系/00-缓冲区/legacy-content-creation/wealth/长文25-下牌桌vs赢得多.md","legacy","964","0","0","0","0","0","False","manual-source-review","pending"
"05-内容生产/内容体系/00-缓冲区/legacy-content-creation/wealth/长文30-价值心法深度解读.md","legacy","831","0","0","0","0","0","False","manual-source-review","pending"
"05-内容生产/内容体系/00-缓冲区/legacy-content-creation/wealth/长文40-AI时代的资产重新定义.md","legacy","740","0","0","0","0","0","False","manual-source-review","pending"
"05-内容生产/内容体系/00-缓冲区/legacy-content-creation/wealth/长文43-穷爸爸富爸爸_两个爸爸的教育启示.md","legacy","581","0","0","0","0","0","False","manual-source-review","pending"
"05-内容生产/内容体系/00-缓冲区/legacy-content-creation/wealth/长文48-被动收入的四种模式.md","legacy","691","0","0","0","0","0","False","manual-source-review","pending"
"05-内容生产/内容体系/00-缓冲区/legacy-content-creation/wealth/长文80-金钱的四种人格.md","legacy","662","0","0","0","0","0","False","manual-source-review","pending"
"05-内容生产/内容体系/00-缓冲区/legacy-content-creation/wealth/长文81-价值投资的认知基础.md","legacy","843","0","0","0","0","0","False","manual-source-review","pending"
"05-内容生产/内容体系/00-缓冲区/legacy-content-creation/wealth/长文82-财务自由的数学定义.md","legacy","603","0","0","0","0","0","False","manual-source-review","pending"
"05-内容生产/内容体系/00-缓冲区/legacy-content-creation/wealth/长文93-巴菲特的三重安全边际.md","legacy","605","0","0","0","0","0","False","manual-source-review","pending"
"05-内容生产/内容体系/00-缓冲区/选题装配/2026-06-11_100篇 = 10次 10篇周期 的迭代_装配稿.md","assembly","950","5","5","4","2","0","False","delete-candidate-broken-generated-assembly","pending"
"05-内容生产/内容体系/00-缓冲区/选题装配/2026-06-11_14天实验框架：Day1-3基线记录不改变只记录当前状态_装配稿.md","assembly","1078","5","5","4","2","0","False","delete-candidate-broken-generated-assembly","pending"
"05-内容生产/内容体系/00-缓冲区/选题装配/2026-06-11_2024年是我人生最灰暗的一年_装配稿.md","assembly","1010","5","5","4","2","0","False","delete-candidate-broken-generated-assembly","pending"
"05-内容生产/内容体系/00-缓冲区/选题装配/2026-06-11_31-60篇(跃升期)：质量开始明显上升_装配稿.md","assembly","1100","5","5","4","2","0","False","delete-candidate-broken-generated-assembly","pending"
"05-内容生产/内容体系/00-缓冲区/选题装配/2026-06-11_把每篇文章看作一个数字资产(WLH-003)_装配稿.md","assembly","1477","5","5","4","2","0","False","delete-candidate-broken-generated-assembly","pending"
"05-内容生产/内容体系/00-缓冲区/选题装配/2026-06-11_本文全部核心论点均来自DBS内容系统的已抽取内容单元_装配稿.md","assembly","1111","5","5","4","2","0","False","delete-candidate-broken-generated-assembly","pending"
"05-内容生产/内容体系/00-缓冲区/选题装配/2026-06-11_补充分析 2026-06-11_装配稿.md","assembly","1281","5","5","4","2","0","False","delete-candidate-broken-generated-assembly","pending"
"05-内容生产/内容体系/00-缓冲区/选题装配/2026-06-11_操作层1：把 应该 换成 值得_装配稿.md","assembly","881","5","5","4","2","0","False","delete-candidate-broken-generated-assembly","pending"
"05-内容生产/内容体系/00-缓冲区/选题装配/2026-06-11_操作层2：把 100%执行 换成 维持链条_装配稿.md","assembly","977","5","5","4","2","0","False","delete-candidate-broken-generated-assembly","pending"
"05-内容生产/内容体系/00-缓冲区/选题装配/2026-06-11_操作层3：把 结果导向 换成 身份导向_装配稿.md","assembly","945","5","5","4","2","0","False","delete-candidate-broken-generated-assembly","pending"
"05-内容生产/内容体系/00-缓冲区/选题装配/2026-06-11_常见误用：课题分离≠冷漠_装配稿.md","assembly","900","5","5","4","2","0","False","delete-candidate-broken-generated-assembly","pending"
"05-内容生产/内容体系/00-缓冲区/选题装配/2026-06-11_但 大多数人都在用 不等于 这个框架是对的_装配稿.md","assembly","1302","5","5","4","2","0","False","delete-candidate-broken-generated-assembly","pending"
"05-内容生产/内容体系/00-缓冲区/选题装配/2026-06-11_第1层(环境防御)：W73环境暴政的直接应用_装配稿.md","assembly","1062","5","5","4","2","0","False","delete-candidate-broken-generated-assembly","pending"
"05-内容生产/内容体系/00-缓冲区/选题装配/2026-06-11_第2层(时间防御)：每天固定2-3小时的 深度工作块_装配稿.md","assembly","1042","5","5","4","2","0","False","delete-candidate-broken-generated-assembly","pending"
"05-内容生产/内容体系/00-缓冲区/选题装配/2026-06-11_惦记税 是什么_装配稿.md","assembly","980","5","5","4","2","0","False","delete-candidate-broken-generated-assembly","pending"
"05-内容生产/内容体系/00-缓冲区/选题装配/2026-06-11_工具2 目的论（Teleology）_装配稿.md","assembly","999","5","5","4","2","0","False","delete-candidate-broken-generated-assembly","pending"
"05-内容生产/内容体系/00-缓冲区/选题装配/2026-06-11_公众号100篇：每篇2000-5000字深度长文_装配稿.md","assembly","974","5","5","4","2","0","False","delete-candidate-broken-generated-assembly","pending"
"05-内容生产/内容体系/00-缓冲区/选题装配/2026-06-11_恢复策略：中断后的第一篇——不要补前面的，直接写今天的_装配稿.md","assembly","1055","5","5","4","2","0","False","delete-candidate-broken-generated-assembly","pending"
"05-内容生产/内容体系/00-缓冲区/选题装配/2026-06-11_级别2：社交茧房_装配稿.md","assembly","911","5","5","4","2","0","False","delete-candidate-broken-generated-assembly","pending"
"05-内容生产/内容体系/00-缓冲区/选题装配/2026-06-11_级别3：认知茧房_装配稿.md","assembly","988","5","5","4","2","0","False","delete-candidate-broken-generated-assembly","pending"
"05-内容生产/内容体系/00-缓冲区/选题装配/2026-06-11_建造者1：算法推荐系统_装配稿.md","assembly","970","5","5","4","2","0","False","delete-candidate-broken-generated-assembly","pending"
"05-内容生产/内容体系/00-缓冲区/选题装配/2026-06-11_建造者2：你自己的认知Bug_装配稿.md","assembly","876","5","5","4","2","0","False","delete-candidate-broken-generated-assembly","pending"
"05-内容生产/内容体系/00-缓冲区/选题装配/2026-06-11_建造者3：信息不对称的系统性强化_装配稿.md","assembly","911","5","5","4","2","0","False","delete-candidate-broken-generated-assembly","pending"
"05-内容生产/内容体系/00-缓冲区/选题装配/2026-06-11_具体区分：当你在比较中感到自卑时，你的第一反应是什么_装配稿.md","assembly","1052","5","5","4","2","0","False","delete-candidate-broken-generated-assembly","pending"
"05-内容生产/内容体系/00-缓冲区/选题装配/2026-06-11_那段时间，每天靠健身抵抗抑郁_装配稿.md","assembly","964","5","5","4","2","0","False","delete-candidate-broken-generated-assembly","pending"
"05-内容生产/内容体系/00-缓冲区/选题装配/2026-06-11_内在负荷：任务本身固有的复杂度_装配稿.md","assembly","870","5","5","4","2","0","False","delete-candidate-broken-generated-assembly","pending"
"05-内容生产/内容体系/00-缓冲区/选题装配/2026-06-11_你每天损失的不是5分钟——是3.3小时的深度注意力_装配稿.md","assembly","1030","5","5","4","2","0","False","delete-candidate-broken-generated-assembly","pending"
"05-内容生产/内容体系/00-缓冲区/选题装配/2026-06-11_然后——这3件事必须在上午完成_装配稿.md","assembly","870","5","5","4","2","0","False","delete-candidate-broken-generated-assembly","pending"
"05-内容生产/内容体系/00-缓冲区/选题装配/2026-06-11_如果你的答案是 不愿意 ——明天不要增加忙碌_装配稿.md","assembly","988","5","5","4","2","0","False","delete-candidate-broken-generated-assembly","pending"
"05-内容生产/内容体系/00-缓冲区/选题装配/2026-06-11_三个要素不需要均等_装配稿.md","assembly","840","5","5","4","2","0","False","delete-candidate-broken-generated-assembly","pending"
"05-内容生产/内容体系/00-缓冲区/选题装配/2026-06-11_外在负荷：任务呈现方式带来的额外负担_装配稿.md","assembly","918","5","5","4","2","0","False","delete-candidate-broken-generated-assembly","pending"
"05-内容生产/内容体系/00-缓冲区/选题装配/2026-06-11_为什么这一步对你很关键：你的110篇文章在本地_装配稿.md","assembly","959","5","5","4","2","0","False","delete-candidate-broken-generated-assembly","pending"
"05-内容生产/内容体系/00-缓冲区/选题装配/2026-06-11_用户用0.5秒决定是否点开你的内容_装配稿.md","assembly","951","5","5","4","2","0","False","delete-candidate-broken-generated-assembly","pending"
"05-内容生产/内容体系/00-缓冲区/选题装配/2026-06-11_有信息量：AI可以给你任何已知的信息_装配稿.md","assembly","953","5","5","4","2","0","False","delete-candidate-broken-generated-assembly","pending"
"05-内容生产/内容体系/00-缓冲区/选题装配/2026-06-11_这不仅是理论分歧——这是世界观的分水岭_装配稿.md","assembly","934","5","5","4","2","0","False","delete-candidate-broken-generated-assembly","pending"
"05-内容生产/内容体系/00-缓冲区/选题装配/2026-06-11_C1 1 多巴胺基线崩塌与修复_装配稿.md","assembly","960","5","5","10","2","0","False","delete-candidate-broken-generated-assembly","pending"
"05-内容生产/内容体系/00-缓冲区/选题装配/2026-06-11_C1 2 饮食决策框架_装配稿.md","assembly","904","5","5","10","2","0","False","delete-candidate-broken-generated-assembly","pending"
"05-内容生产/内容体系/00-缓冲区/选题装配/2026-06-11_C1 3 昼夜节律重建_装配稿.md","assembly","904","5","5","10","2","0","False","delete-candidate-broken-generated-assembly","pending"
"05-内容生产/内容体系/00-缓冲区/选题装配/2026-06-11_C1 4 成瘾不是意志力问题_装配稿.md","assembly","946","5","5","10","2","0","False","delete-candidate-broken-generated-assembly","pending"
"05-内容生产/内容体系/00-缓冲区/选题装配/2026-06-11_C1 5 睡眠不是休息_装配稿.md","assembly","904","5","5","10","2","0","False","delete-candidate-broken-generated-assembly","pending"
"05-内容生产/内容体系/00-缓冲区/选题装配/2026-06-11_C2 1 先避毁灭再求收益_装配稿.md","assembly","932","5","5","10","2","0","False","delete-candidate-broken-generated-assembly","pending"
"05-内容生产/内容体系/00-缓冲区/选题装配/2026-06-11_C2 2 认知负债陷阱_装配稿.md","assembly","904","5","5","10","2","0","False","delete-candidate-broken-generated-assembly","pending"
"05-内容生产/内容体系/00-缓冲区/选题装配/2026-06-11_C2 3 六格复盘_装配稿.md","assembly","876","5","5","10","2","0","False","delete-candidate-broken-generated-assembly","pending"
"05-内容生产/内容体系/00-缓冲区/选题装配/2026-06-11_C2 4 认知目标函数_装配稿.md","assembly","904","5","5","10","2","0","False","delete-candidate-broken-generated-assembly","pending"
"05-内容生产/内容体系/00-缓冲区/选题装配/2026-06-11_C2 5 游戏不是敌人_装配稿.md","assembly","904","5","5","10","2","0","False","delete-candidate-broken-generated-assembly","pending"
"05-内容生产/内容体系/00-缓冲区/选题装配/2026-06-11_C3 1 资产还是负债_装配稿.md","assembly","904","5","5","10","2","0","False","delete-candidate-broken-generated-assembly","pending"
"05-内容生产/内容体系/00-缓冲区/选题装配/2026-06-11_C3 2 杠铃策略_装配稿.md","assembly","876","5","5","10","2","0","False","delete-candidate-broken-generated-assembly","pending"
"05-内容生产/内容体系/00-缓冲区/选题装配/2026-06-11_C3 3 一人企业模型_装配稿.md","assembly","904","5","5","10","2","0","False","delete-candidate-broken-generated-assembly","pending"
"05-内容生产/内容体系/00-缓冲区/选题装配/2026-06-11_C3 4 复利不是数学公式_装配稿.md","assembly","932","5","5","10","2","0","False","delete-candidate-broken-generated-assembly","pending"
"05-内容生产/内容体系/00-缓冲区/选题装配/2026-06-11_C3 5 交易的唯一正确目标_装配稿.md","assembly","946","5","5","10","2","0","False","delete-candidate-broken-generated-assembly","pending"
"05-内容生产/内容体系/00-缓冲区/选题装配/2026-06-11_C4 1 三位一体创作_装配稿.md","assembly","904","5","5","10","2","0","False","delete-candidate-broken-generated-assembly","pending"
"05-内容生产/内容体系/00-缓冲区/选题装配/2026-06-11_C4 2 平台策略_装配稿.md","assembly","876","5","5","10","2","0","False","delete-candidate-broken-generated-assembly","pending"
"05-内容生产/内容体系/00-缓冲区/选题装配/2026-06-11_C4 3 内容产品化_装配稿.md","assembly","890","5","5","10","2","0","False","delete-candidate-broken-generated-assembly","pending"
"05-内容生产/内容体系/00-缓冲区/选题装配/2026-06-11_C4 4 注意力是第一资产_装配稿.md","assembly","932","5","5","10","2","0","False","delete-candidate-broken-generated-assembly","pending"
"05-内容生产/内容体系/00-缓冲区/选题装配/2026-06-11_C4 5 发布不是终点_装配稿.md","assembly","904","5","5","10","2","0","False","delete-candidate-broken-generated-assembly","pending"
"05-内容生产/内容体系/00-缓冲区/选题装配/2026-06-11_C5 1 反依赖_装配稿.md","assembly","862","5","5","10","2","0","False","delete-candidate-broken-generated-assembly","pending"
"05-内容生产/内容体系/00-缓冲区/选题装配/2026-06-11_C5 2 形象管理_装配稿.md","assembly","876","5","5","10","2","0","False","delete-candidate-broken-generated-assembly","pending"
"05-内容生产/内容体系/00-缓冲区/选题装配/2026-06-11_C5 3 代际错位_装配稿.md","assembly","876","5","5","10","2","0","False","delete-candidate-broken-generated-assembly","pending"
"05-内容生产/内容体系/00-缓冲区/选题装配/2026-06-11_C5 4 形象不是虚伪_装配稿.md","assembly","904","5","5","10","2","0","False","delete-candidate-broken-generated-assembly","pending"
"05-内容生产/内容体系/00-缓冲区/选题装配/2026-06-11_C5 5 代际错位即杠杆_装配稿.md","assembly","918","5","5","10","2","0","False","delete-candidate-broken-generated-assembly","pending"
"05-内容生产/内容体系/00-缓冲区/选题装配/2026-06-11_C6 1 负循环破解_装配稿.md","assembly","890","5","5","10","2","0","False","delete-candidate-broken-generated-assembly","pending"
"05-内容生产/内容体系/00-缓冲区/选题装配/2026-06-11_C6 2 P0单一主线_装配稿.md","assembly","904","5","5","10","2","0","False","delete-candidate-broken-generated-assembly","pending"
"05-内容生产/内容体系/00-缓冲区/选题装配/2026-06-11_C6 3 14天实验SOP_装配稿.md","assembly","932","5","5","10","2","0","False","delete-candidate-broken-generated-assembly","pending"
"05-内容生产/内容体系/00-缓冲区/选题装配/2026-06-11_C6 4 最小可行性系统_装配稿.md","assembly","918","5","5","10","2","0","False","delete-candidate-broken-generated-assembly","pending"
"05-内容生产/内容体系/00-缓冲区/选题装配/2026-06-11_C6 5 环境的暴政_装配稿.md","assembly","890","5","5","10","2","0","False","delete-candidate-broken-generated-assembly","pending"
"05-内容生产/内容体系/00-缓冲区/选题装配/2026-06-11_C7 1 第一性原理_装配稿.md","assembly","890","5","5","10","2","0","False","delete-candidate-broken-generated-assembly","pending"
"05-内容生产/内容体系/00-缓冲区/选题装配/2026-06-11_C7 2 芒格格栅_装配稿.md","assembly","876","5","5","10","2","0","False","delete-candidate-broken-generated-assembly","pending"
"05-内容生产/内容体系/00-缓冲区/选题装配/2026-06-11_C7 3 反脆弱_装配稿.md","assembly","1221","7","7","2","0","0","False","delete-candidate-broken-generated-assembly","pending"
"05-内容生产/内容体系/00-缓冲区/选题装配/2026-06-11_C7 4 反共识不是叛逆_装配稿.md","assembly","918","5","5","10","2","0","False","delete-candidate-broken-generated-assembly","pending"
"05-内容生产/内容体系/00-缓冲区/选题装配/2026-06-11_C7 5 系统大于目标_装配稿.md","assembly","904","5","5","10","2","0","False","delete-candidate-broken-generated-assembly","pending"
"05-内容生产/内容体系/00-缓冲区/选题装配/2026-06-11_CH01 meta abilities_装配稿.md","assembly","1016","5","5","10","2","0","False","delete-candidate-broken-generated-assembly","pending"
"05-内容生产/内容体系/00-缓冲区/选题装配/2026-06-11_CH03 physical health_装配稿.md","assembly","1030","5","5","10","2","0","False","delete-candidate-broken-generated-assembly","pending"
"05-内容生产/内容体系/00-缓冲区/选题装配/2026-06-11_CH04 wealth business_装配稿.md","assembly","1030","5","5","10","2","0","False","delete-candidate-broken-generated-assembly","pending"
"05-内容生产/内容体系/00-缓冲区/选题装配/2026-06-11_CH07 problem solving_装配稿.md","assembly","1030","5","5","10","2","0","False","delete-candidate-broken-generated-assembly","pending"
"05-内容生产/内容体系/00-缓冲区/选题装配/2026-06-11_D01 AI时代独立思考的价值_装配稿.md","assembly","960","5","5","10","2","0","False","delete-candidate-broken-generated-assembly","pending"
"05-内容生产/内容体系/00-缓冲区/选题装配/2026-06-11_D02 资产vs负债_装配稿.md","assembly","890","5","5","10","2","0","False","delete-candidate-broken-generated-assembly","pending"
"05-内容生产/内容体系/00-缓冲区/选题装配/2026-06-11_D03 多巴胺天平_装配稿.md","assembly","876","5","5","10","2","0","False","delete-candidate-broken-generated-assembly","pending"
"05-内容生产/内容体系/00-缓冲区/选题装配/2026-06-11_D05 认知Bug防御_装配稿.md","assembly","904","5","5","10","2","0","False","delete-candidate-broken-generated-assembly","pending"
"05-内容生产/内容体系/00-缓冲区/选题装配/2026-06-11_D07 最小可行性习惯_装配稿.md","assembly","904","5","5","10","2","0","False","delete-candidate-broken-generated-assembly","pending"
"05-内容生产/内容体系/00-缓冲区/选题装配/2026-06-11_D08 复利曲线_装配稿.md","assembly","862","5","5","10","2","0","False","delete-candidate-broken-generated-assembly","pending"
"05-内容生产/内容体系/00-缓冲区/选题装配/2026-06-11_D09 内容创作四根命脉_装配稿.md","assembly","918","5","5","10","2","0","False","delete-candidate-broken-generated-assembly","pending"
"05-内容生产/内容体系/00-缓冲区/选题装配/2026-06-11_D100 内容产品化_装配稿.md","assembly","890","5","5","10","2","0","False","delete-candidate-broken-generated-assembly","pending"
"05-内容生产/内容体系/00-缓冲区/选题装配/2026-06-11_D101 发布不是终点_装配稿.md","assembly","904","5","5","10","2","0","False","delete-candidate-broken-generated-assembly","pending"
"05-内容生产/内容体系/00-缓冲区/选题装配/2026-06-11_D102 环境的暴政_装配稿.md","assembly","890","5","5","10","2","0","False","delete-candidate-broken-generated-assembly","pending"
"05-内容生产/内容体系/00-缓冲区/选题装配/2026-06-11_D103 饮食决策框架_装配稿.md","assembly","904","5","5","10","2","0","False","delete-candidate-broken-generated-assembly","pending"
"05-内容生产/内容体系/00-缓冲区/选题装配/2026-06-11_D104 昼夜节律重建_装配稿.md","assembly","904","5","5","10","2","0","False","delete-candidate-broken-generated-assembly","pending"
"05-内容生产/内容体系/00-缓冲区/选题装配/2026-06-11_D105 成瘾不是意志力问题_装配稿.md","assembly","946","5","5","10","2","0","False","delete-candidate-broken-generated-assembly","pending"
"05-内容生产/内容体系/00-缓冲区/选题装配/2026-06-11_D106 睡眠不是休息_装配稿.md","assembly","904","5","5","10","2","0","False","delete-candidate-broken-generated-assembly","pending"
"05-内容生产/内容体系/00-缓冲区/选题装配/2026-06-11_D107 认知目标函数_装配稿.md","assembly","904","5","5","10","2","0","False","delete-candidate-broken-generated-assembly","pending"
"05-内容生产/内容体系/00-缓冲区/选题装配/2026-06-11_D108 形象不是虚伪_装配稿.md","assembly","904","5","5","10","2","0","False","delete-candidate-broken-generated-assembly","pending"
"05-内容生产/内容体系/00-缓冲区/选题装配/2026-06-11_D109 代际错位即杠杆_装配稿.md","assembly","918","5","5","10","2","0","False","delete-candidate-broken-generated-assembly","pending"
"05-内容生产/内容体系/00-缓冲区/选题装配/2026-06-11_D11 共同想象与权力_装配稿.md","assembly","904","5","5","10","2","0","False","delete-candidate-broken-generated-assembly","pending"
"05-内容生产/内容体系/00-缓冲区/选题装配/2026-06-11_D110 多巴胺基线崩塌与修复_装配稿.md","assembly","960","5","5","10","2","0","False","delete-candidate-broken-generated-assembly","pending"
"05-内容生产/内容体系/00-缓冲区/选题装配/2026-06-11_D12 三重大脑的真相_装配稿.md","assembly","904","5","5","10","2","0","False","delete-candidate-broken-generated-assembly","pending"
"05-内容生产/内容体系/00-缓冲区/选题装配/2026-06-11_D13 依恋模式_装配稿.md","assembly","862","5","5","10","2","0","False","delete-candidate-broken-generated-assembly","pending"
"05-内容生产/内容体系/00-缓冲区/选题装配/2026-06-11_D14 第一性原理深钻_装配稿.md","assembly","904","5","5","10","2","0","False","delete-candidate-broken-generated-assembly","pending"
"05-内容生产/内容体系/00-缓冲区/选题装配/2026-06-11_D16 22岁试错期权_装配稿.md","assembly","904","5","5","10","2","0","False","delete-candidate-broken-generated-assembly","pending"
"05-内容生产/内容体系/00-缓冲区/选题装配/2026-06-11_D17 信息转化率_装配稿.md","assembly","876","5","5","10","2","0","False","delete-candidate-broken-generated-assembly","pending"
"05-内容生产/内容体系/00-缓冲区/选题装配/2026-06-11_D18 知道验证的鸿沟_装配稿.md","assembly","904","5","5","10","2","0","False","delete-candidate-broken-generated-assembly","pending"
"05-内容生产/内容体系/00-缓冲区/选题装配/2026-06-11_D19 环境暴政_装配稿.md","assembly","862","5","5","10","2","0","False","delete-candidate-broken-generated-assembly","pending"
"05-内容生产/内容体系/00-缓冲区/选题装配/2026-06-11_D20 连续天数_装配稿.md","assembly","862","5","5","10","2","0","False","delete-candidate-broken-generated-assembly","pending"
"05-内容生产/内容体系/00-缓冲区/选题装配/2026-06-11_D21 形象杠杆_装配稿.md","assembly","862","5","5","10","2","0","False","delete-candidate-broken-generated-assembly","pending"
"05-内容生产/内容体系/00-缓冲区/选题装配/2026-06-11_D22 拖延的三种类型_装配稿.md","assembly","904","5","5","10","2","0","False","delete-candidate-broken-generated-assembly","pending"
"05-内容生产/内容体系/00-缓冲区/选题装配/2026-06-11_D23 情绪是数据_装配稿.md","assembly","876","5","5","10","2","0","False","delete-candidate-broken-generated-assembly","pending"
"05-内容生产/内容体系/00-缓冲区/选题装配/2026-06-11_D24 反脆弱未来_装配稿.md","assembly","1225","7","7","2","0","0","False","delete-candidate-broken-generated-assembly","pending"
"05-内容生产/内容体系/00-缓冲区/选题装配/2026-06-11_D26 焦虑公式_装配稿.md","assembly","862","5","5","10","2","0","False","delete-candidate-broken-generated-assembly","pending"
"05-内容生产/内容体系/00-缓冲区/选题装配/2026-06-11_D27 元认知训练_装配稿.md","assembly","876","5","5","10","2","0","False","delete-candidate-broken-generated-assembly","pending"
"05-内容生产/内容体系/00-缓冲区/选题装配/2026-06-11_D28 注意力管理_装配稿.md","assembly","876","5","5","10","2","0","False","delete-candidate-broken-generated-assembly","pending"
"05-内容生产/内容体系/00-缓冲区/选题装配/2026-06-11_D29 依恋可改变_装配稿.md","assembly","876","5","5","10","2","0","False","delete-candidate-broken-generated-assembly","pending"
"05-内容生产/内容体系/00-缓冲区/选题装配/2026-06-11_D30 历史的教训_装配稿.md","assembly","876","5","5","10","2","0","False","delete-candidate-broken-generated-assembly","pending"
"05-内容生产/内容体系/00-缓冲区/选题装配/2026-06-11_D32 延迟满足_装配稿.md","assembly","862","5","5","10","2","0","False","delete-candidate-broken-generated-assembly","pending"
"05-内容生产/内容体系/00-缓冲区/选题装配/2026-06-11_D33 社交媒体税_装配稿.md","assembly","876","5","5","10","2","0","False","delete-candidate-broken-generated-assembly","pending"
"05-内容生产/内容体系/00-缓冲区/选题装配/2026-06-11_D34 知识转化率_装配稿.md","assembly","876","5","5","10","2","0","False","delete-candidate-broken-generated-assembly","pending"
"05-内容生产/内容体系/00-缓冲区/选题装配/2026-06-11_D35 环境设计_装配稿.md","assembly","862","5","5","10","2","0","False","delete-candidate-broken-generated-assembly","pending"
"05-内容生产/内容体系/00-缓冲区/选题装配/2026-06-11_D36 个人IP本质_装配稿.md","assembly","890","5","5","10","2","0","False","delete-candidate-broken-generated-assembly","pending"
"05-内容生产/内容体系/00-缓冲区/选题装配/2026-06-11_D37 创作系统进化_装配稿.md","assembly","890","5","5","10","2","0","False","delete-candidate-broken-generated-assembly","pending"
"05-内容生产/内容体系/00-缓冲区/选题装配/2026-06-11_D38 深度工作_装配稿.md","assembly","862","5","5","10","2","0","False","delete-candidate-broken-generated-assembly","pending"
"05-内容生产/内容体系/00-缓冲区/选题装配/2026-06-11_D39 决策质量_装配稿.md","assembly","862","5","5","10","2","0","False","delete-candidate-broken-generated-assembly","pending"
"05-内容生产/内容体系/00-缓冲区/选题装配/2026-06-11_D40 终身学习_装配稿.md","assembly","862","5","5","10","2","0","False","delete-candidate-broken-generated-assembly","pending"
"05-内容生产/内容体系/00-缓冲区/选题装配/2026-06-11_D41 概念解剖_装配稿.md","assembly","862","5","5","10","2","0","False","delete-candidate-broken-generated-assembly","pending"
"05-内容生产/内容体系/00-缓冲区/选题装配/2026-06-11_D42 写作与思考_装配稿.md","assembly","876","5","5","10","2","0","False","delete-candidate-broken-generated-assembly","pending"
"05-内容生产/内容体系/00-缓冲区/选题装配/2026-06-11_D43 数字极简_装配稿.md","assembly","862","5","5","10","2","0","False","delete-candidate-broken-generated-assembly","pending"
"05-内容生产/内容体系/00-缓冲区/选题装配/2026-06-11_D44 复利暗面_装配稿.md","assembly","862","5","5","10","2","0","False","delete-candidate-broken-generated-assembly","pending"
"05-内容生产/内容体系/00-缓冲区/选题装配/2026-06-11_D45 关系权力_装配稿.md","assembly","862","5","5","10","2","0","False","delete-candidate-broken-generated-assembly","pending"
"05-内容生产/内容体系/00-缓冲区/选题装配/2026-06-11_D46 创作者经济学_装配稿.md","assembly","890","5","5","10","2","0","False","delete-candidate-broken-generated-assembly","pending"
"05-内容生产/内容体系/00-缓冲区/选题装配/2026-06-11_D47 睡眠与认知_装配稿.md","assembly","876","5","5","10","2","0","False","delete-candidate-broken-generated-assembly","pending"
"05-内容生产/内容体系/00-缓冲区/选题装配/2026-06-11_D48 失败的科学_装配稿.md","assembly","876","5","5","10","2","0","False","delete-candidate-broken-generated-assembly","pending"
"05-内容生产/内容体系/00-缓冲区/选题装配/2026-06-11_D49 知识管理vs应用_装配稿.md","assembly","918","5","5","10","2","0","False","delete-candidate-broken-generated-assembly","pending"
"05-内容生产/内容体系/00-缓冲区/选题装配/2026-06-11_D50 个人系统升级_装配稿.md","assembly","890","5","5","10","2","0","False","delete-candidate-broken-generated-assembly","pending"
"05-内容生产/内容体系/00-缓冲区/选题装配/2026-06-11_D51 阅人术_装配稿.md","assembly","848","5","5","10","2","0","False","delete-candidate-broken-generated-assembly","pending"
"05-内容生产/内容体系/00-缓冲区/选题装配/2026-06-11_D52 谈判框架_装配稿.md","assembly","862","5","5","10","2","0","False","delete-candidate-broken-generated-assembly","pending"
"05-内容生产/内容体系/00-缓冲区/选题装配/2026-06-11_D53 独处价值_装配稿.md","assembly","862","5","5","10","2","0","False","delete-candidate-broken-generated-assembly","pending"
"05-内容生产/内容体系/00-缓冲区/选题装配/2026-06-11_D54 阅读方法论_装配稿.md","assembly","876","5","5","10","2","0","False","delete-candidate-broken-generated-assembly","pending"
"05-内容生产/内容体系/00-缓冲区/选题装配/2026-06-11_D55 身体与思维_装配稿.md","assembly","876","5","5","10","2","0","False","delete-candidate-broken-generated-assembly","pending"
"05-内容生产/内容体系/00-缓冲区/选题装配/2026-06-11_D56 运气与努力_装配稿.md","assembly","876","5","5","10","2","0","False","delete-candidate-broken-generated-assembly","pending"
"05-内容生产/内容体系/00-缓冲区/选题装配/2026-06-11_D57 影响力原理_装配稿.md","assembly","876","5","5","10","2","0","False","delete-candidate-broken-generated-assembly","pending"
"05-内容生产/内容体系/00-缓冲区/选题装配/2026-06-11_D58 提问的艺术_装配稿.md","assembly","876","5","5","10","2","0","False","delete-candidate-broken-generated-assembly","pending"
"05-内容生产/内容体系/00-缓冲区/选题装配/2026-06-11_D59 自我叙事_装配稿.md","assembly","862","5","5","10","2","0","False","delete-candidate-broken-generated-assembly","pending"
"05-内容生产/内容体系/00-缓冲区/选题装配/2026-06-11_D60 从0到1_装配稿.md","assembly","862","5","5","10","2","0","False","delete-candidate-broken-generated-assembly","pending"
"05-内容生产/内容体系/00-缓冲区/选题装配/2026-06-11_D61 选择悖论_装配稿.md","assembly","862","5","5","10","2","0","False","delete-candidate-broken-generated-assembly","pending"
"05-内容生产/内容体系/00-缓冲区/选题装配/2026-06-11_D62 完美主义_装配稿.md","assembly","862","5","5","10","2","0","False","delete-candidate-broken-generated-assembly","pending"
"05-内容生产/内容体系/00-缓冲区/选题装配/2026-06-11_D63 习惯神经科学_装配稿.md","assembly","890","5","5","10","2","0","False","delete-candidate-broken-generated-assembly","pending"
"05-内容生产/内容体系/00-缓冲区/选题装配/2026-06-11_D64 导师与自学_装配稿.md","assembly","876","5","5","10","2","0","False","delete-candidate-broken-generated-assembly","pending"
"05-内容生产/内容体系/00-缓冲区/选题装配/2026-06-11_D65 金钱心理学_装配稿.md","assembly","876","5","5","10","2","0","False","delete-candidate-broken-generated-assembly","pending"
"05-内容生产/内容体系/00-缓冲区/选题装配/2026-06-11_D66 熵与秩序_装配稿.md","assembly","862","5","5","10","2","0","False","delete-candidate-broken-generated-assembly","pending"
"05-内容生产/内容体系/00-缓冲区/选题装配/2026-06-11_D67 FOMO与JOMO_装配稿.md","assembly","932","5","5","10","2","0","False","delete-candidate-broken-generated-assembly","pending"
"05-内容生产/内容体系/00-缓冲区/选题装配/2026-06-11_D68 边界设定_装配稿.md","assembly","862","5","5","10","2","0","False","delete-candidate-broken-generated-assembly","pending"
"05-内容生产/内容体系/00-缓冲区/选题装配/2026-06-11_D69 创造力的日常_装配稿.md","assembly","890","5","5","10","2","0","False","delete-candidate-broken-generated-assembly","pending"
"05-内容生产/内容体系/00-缓冲区/选题装配/2026-06-11_D70 脆弱的力量_装配稿.md","assembly","876","5","5","10","2","0","False","delete-candidate-broken-generated-assembly","pending"
"05-内容生产/内容体系/00-缓冲区/选题装配/2026-06-11_D71 时间的感知_装配稿.md","assembly","876","5","5","10","2","0","False","delete-candidate-broken-generated-assembly","pending"
"05-内容生产/内容体系/00-缓冲区/选题装配/2026-06-11_D72 社交资本_装配稿.md","assembly","862","5","5","10","2","0","False","delete-candidate-broken-generated-assembly","pending"
"05-内容生产/内容体系/00-缓冲区/选题装配/2026-06-11_D73 身份与标签_装配稿.md","assembly","876","5","5","10","2","0","False","delete-candidate-broken-generated-assembly","pending"
"05-内容生产/内容体系/00-缓冲区/选题装配/2026-06-11_D74 反馈的勇气_装配稿.md","assembly","876","5","5","10","2","0","False","delete-candidate-broken-generated-assembly","pending"
"05-内容生产/内容体系/00-缓冲区/选题装配/2026-06-11_D75 输出驱动学习_装配稿.md","assembly","890","5","5","10","2","0","False","delete-candidate-broken-generated-assembly","pending"
"05-内容生产/内容体系/00-缓冲区/选题装配/2026-06-11_D77 动机的科学_装配稿.md","assembly","876","5","5","10","2","0","False","delete-candidate-broken-generated-assembly","pending"
"05-内容生产/内容体系/00-缓冲区/选题装配/2026-06-11_D78 感恩的科学_装配稿.md","assembly","876","5","5","10","2","0","False","delete-candidate-broken-generated-assembly","pending"
"05-内容生产/内容体系/00-缓冲区/选题装配/2026-06-11_D79 故事的力量_装配稿.md","assembly","876","5","5","10","2","0","False","delete-candidate-broken-generated-assembly","pending"
"05-内容生产/内容体系/00-缓冲区/选题装配/2026-06-11_D80 反依赖与亲密恐惧_装配稿.md","assembly","918","5","5","10","2","0","False","delete-candidate-broken-generated-assembly","pending"
"05-内容生产/内容体系/00-缓冲区/选题装配/2026-06-11_D81 形象管理ROI科学_装配稿.md","assembly","932","5","5","10","2","0","False","delete-candidate-broken-generated-assembly","pending"
"05-内容生产/内容体系/00-缓冲区/选题装配/2026-06-11_D82 代际错位_装配稿.md","assembly","862","5","5","10","2","0","False","delete-candidate-broken-generated-assembly","pending"
"05-内容生产/内容体系/00-缓冲区/选题装配/2026-06-11_D83 负循环破解_装配稿.md","assembly","876","5","5","10","2","0","False","delete-candidate-broken-generated-assembly","pending"
"05-内容生产/内容体系/00-缓冲区/选题装配/2026-06-11_D84 P0单一主线_装配稿.md","assembly","890","5","5","10","2","0","False","delete-candidate-broken-generated-assembly","pending"
"05-内容生产/内容体系/00-缓冲区/选题装配/2026-06-11_D85 14天实验SOP_装配稿.md","assembly","918","5","5","10","2","0","False","delete-candidate-broken-generated-assembly","pending"
"05-内容生产/内容体系/00-缓冲区/选题装配/2026-06-11_D86 最小可行性系统_装配稿.md","assembly","904","5","5","10","2","0","False","delete-candidate-broken-generated-assembly","pending"
"05-内容生产/内容体系/00-缓冲区/选题装配/2026-06-11_D87 芒格格栅_装配稿.md","assembly","862","5","5","10","2","0","False","delete-candidate-broken-generated-assembly","pending"
"05-内容生产/内容体系/00-缓冲区/选题装配/2026-06-11_D88 系统大于目标_装配稿.md","assembly","890","5","5","10","2","0","False","delete-candidate-broken-generated-assembly","pending"
"05-内容生产/内容体系/00-缓冲区/选题装配/2026-06-11_D89 反共识不是叛逆_装配稿.md","assembly","904","5","5","10","2","0","False","delete-candidate-broken-generated-assembly","pending"
"05-内容生产/内容体系/00-缓冲区/选题装配/2026-06-11_D90 反脆弱进阶_装配稿.md","assembly","1225","7","7","2","0","0","False","delete-candidate-broken-generated-assembly","pending"
"05-内容生产/内容体系/00-缓冲区/选题装配/2026-06-11_D91 一人企业AI杠杆_装配稿.md","assembly","918","5","5","10","2","0","False","delete-candidate-broken-generated-assembly","pending"
"05-内容生产/内容体系/00-缓冲区/选题装配/2026-06-11_D92 杠铃策略_装配稿.md","assembly","862","5","5","10","2","0","False","delete-candidate-broken-generated-assembly","pending"
"05-内容生产/内容体系/00-缓冲区/选题装配/2026-06-11_D93 交易的正确目标_装配稿.md","assembly","904","5","5","10","2","0","False","delete-candidate-broken-generated-assembly","pending"
"05-内容生产/内容体系/00-缓冲区/选题装配/2026-06-11_D94 游戏不是敌人_装配稿.md","assembly","890","5","5","10","2","0","False","delete-candidate-broken-generated-assembly","pending"
"05-内容生产/内容体系/00-缓冲区/选题装配/2026-06-11_D95 三位一体创作_装配稿.md","assembly","890","5","5","10","2","0","False","delete-candidate-broken-generated-assembly","pending"
"05-内容生产/内容体系/00-缓冲区/选题装配/2026-06-11_D96 平台策略_装配稿.md","assembly","862","5","5","10","2","0","False","delete-candidate-broken-generated-assembly","pending"
"05-内容生产/内容体系/00-缓冲区/选题装配/2026-06-11_D97 先避毁灭再求收益_装配稿.md","assembly","918","5","5","10","2","0","False","delete-candidate-broken-generated-assembly","pending"
"05-内容生产/内容体系/00-缓冲区/选题装配/2026-06-11_D98 认知负债陷阱_装配稿.md","assembly","890","5","5","10","2","0","False","delete-candidate-broken-generated-assembly","pending"
"05-内容生产/内容体系/00-缓冲区/选题装配/2026-06-11_D99 六格复盘_装配稿.md","assembly","862","5","5","10","2","0","False","delete-candidate-broken-generated-assembly","pending"
"05-内容生产/内容体系/00-缓冲区/选题装配/2026-06-11_DBS ACTION BARRIERS_装配稿.md","assembly","1016","5","5","10","2","0","False","delete-candidate-broken-generated-assembly","pending"
"05-内容生产/内容体系/00-缓冲区/选题装配/2026-06-11_DBS CONTENT FULL DIAGNOSIS_装配稿.md","assembly","1114","5","5","10","2","0","False","delete-candidate-broken-generated-assembly","pending"
"05-内容生产/内容体系/00-缓冲区/选题装配/2026-06-11_DBS DECISION MATRIX_装配稿.md","assembly","1016","5","5","10","2","0","False","delete-candidate-broken-generated-assembly","pending"
"05-内容生产/内容体系/00-缓冲区/选题装配/2026-06-11_DBS DEEP ANALYSIS 2026 06 11_装配稿.md","assembly","1142","5","5","10","2","0","False","delete-candidate-broken-generated-assembly","pending"
"05-内容生产/内容体系/00-缓冲区/选题装配/2026-06-11_DBS DIAGNOSIS MONETIZATION_装配稿.md","assembly","1114","5","5","10","2","0","False","delete-candidate-broken-generated-assembly","pending"
"05-内容生产/内容体系/00-缓冲区/选题装配/2026-06-11_DBS GOAL AUDIT_装配稿.md","assembly","946","5","5","10","2","0","False","delete-candidate-broken-generated-assembly","pending"
"05-内容生产/内容体系/00-缓冲区/选题装配/2026-06-11_DBS REPORT COMPREHENSIVE_装配稿.md","assembly","1086","5","5","10","2","0","False","delete-candidate-broken-generated-assembly","pending"
"05-内容生产/内容体系/00-缓冲区/选题装配/2026-06-11_DBS SKILL PATTERNS DEEP DIVE_装配稿.md","assembly","1142","5","5","10","2","0","False","delete-candidate-broken-generated-assembly","pending"
"05-内容生产/内容体系/00-缓冲区/选题装配/2026-06-11_EIGHT CHAPTERS_装配稿.md","assembly","946","5","5","10","2","0","False","delete-candidate-broken-generated-assembly","pending"
"05-内容生产/内容体系/00-缓冲区/选题装配/2026-06-11_EPILOGUE_装配稿.md","assembly","862","5","5","10","2","0","False","delete-candidate-broken-generated-assembly","pending"
"05-内容生产/内容体系/00-缓冲区/选题装配/2026-06-11_n 你不是在 管理时间 ，而是你是在 保卫注意力_装配稿.md","assembly","1040","5","5","4","2","0","False","delete-candidate-broken-generated-assembly","pending"
"05-内容生产/内容体系/00-缓冲区/选题装配/2026-06-11_PREFACE_装配稿.md","assembly","848","5","5","10","2","0","False","delete-candidate-broken-generated-assembly","pending"
"05-内容生产/内容体系/00-缓冲区/选题装配/2026-06-11_REPAIR REPORT_装配稿.md","assembly","932","5","5","10","2","0","False","delete-candidate-broken-generated-assembly","pending"
"05-内容生产/内容体系/00-缓冲区/选题装配/2026-06-11_T1 01 多巴胺本质_装配稿.md","assembly","904","5","5","10","2","0","False","delete-candidate-broken-generated-assembly","pending"
"05-内容生产/内容体系/00-缓冲区/选题装配/2026-06-11_T1 01 多巴胺不是快乐分子_装配稿.md","assembly","960","5","5","10","2","0","False","delete-candidate-broken-generated-assembly","pending"
"05-内容生产/内容体系/00-缓冲区/选题装配/2026-06-11_T1 02 成瘾的反面是连接_装配稿.md","assembly","946","5","5","10","2","0","False","delete-candidate-broken-generated-assembly","pending"
"05-内容生产/内容体系/00-缓冲区/选题装配/2026-06-11_T1 03 痛苦天平_装配稿.md","assembly","890","5","5","10","2","0","False","delete-candidate-broken-generated-assembly","pending"
"05-内容生产/内容体系/00-缓冲区/选题装配/2026-06-11_T10 01 自律即自爱_装配稿.md","assembly","918","5","5","10","2","0","False","delete-candidate-broken-generated-assembly","pending"
"05-内容生产/内容体系/00-缓冲区/选题装配/2026-06-11_T10 02 反脆弱_装配稿.md","assembly","1229","7","7","2","0","0","False","delete-candidate-broken-generated-assembly","pending"
"05-内容生产/内容体系/00-缓冲区/选题装配/2026-06-11_T10 03 复杂系统的问题解决_装配稿.md","assembly","974","5","5","10","2","0","False","delete-candidate-broken-generated-assembly","pending"
"05-内容生产/内容体系/00-缓冲区/选题装配/2026-06-11_T2 01 肥胖的真凶是胰岛素_装配稿.md","assembly","960","5","5","10","2","0","False","delete-candidate-broken-generated-assembly","pending"
"05-内容生产/内容体系/00-缓冲区/选题装配/2026-06-11_T2 01 胰岛素真相_装配稿.md","assembly","904","5","5","10","2","0","False","delete-candidate-broken-generated-assembly","pending"
"05-内容生产/内容体系/00-缓冲区/选题装配/2026-06-11_T2 02 代谢灵活性_装配稿.md","assembly","904","5","5","10","2","0","False","delete-candidate-broken-generated-assembly","pending"
"05-内容生产/内容体系/00-缓冲区/选题装配/2026-06-11_T2 03 生酮饮食的真相_装配稿.md","assembly","932","5","5","10","2","0","False","delete-candidate-broken-generated-assembly","pending"
"05-内容生产/内容体系/00-缓冲区/选题装配/2026-06-11_T3 01 你不是意志力薄弱_装配稿.md","assembly","946","5","5","10","2","0","False","delete-candidate-broken-generated-assembly","pending"
"05-内容生产/内容体系/00-缓冲区/选题装配/2026-06-11_T3 02 焦虑公式_装配稿.md","assembly","890","5","5","10","2","0","False","delete-candidate-broken-generated-assembly","pending"
"05-内容生产/内容体系/00-缓冲区/选题装配/2026-06-11_T3 02 焦虑数学公式_装配稿.md","assembly","918","5","5","10","2","0","False","delete-candidate-broken-generated-assembly","pending"
"05-内容生产/内容体系/00-缓冲区/选题装配/2026-06-11_T3 03 元认知超能力_装配稿.md","assembly","918","5","5","10","2","0","False","delete-candidate-broken-generated-assembly","pending"
"05-内容生产/内容体系/00-缓冲区/选题装配/2026-06-11_T3 04 第一性原理_装配稿.md","assembly","904","5","5","10","2","0","False","delete-candidate-broken-generated-assembly","pending"
"05-内容生产/内容体系/00-缓冲区/选题装配/2026-06-11_T3 05 认知卸载的危险_装配稿.md","assembly","932","5","5","10","2","0","False","delete-candidate-broken-generated-assembly","pending"
"05-内容生产/内容体系/00-缓冲区/选题装配/2026-06-11_T3 06 信息节食_装配稿.md","assembly","890","5","5","10","2","0","False","delete-candidate-broken-generated-assembly","pending"
"05-内容生产/内容体系/00-缓冲区/选题装配/2026-06-11_T4 01 8020法则_装配稿.md","assembly","918","5","5","10","2","0","False","delete-candidate-broken-generated-assembly","pending"
"05-内容生产/内容体系/00-缓冲区/选题装配/2026-06-11_T4 02 DEAL模型_装配稿.md","assembly","918","5","5","10","2","0","False","delete-candidate-broken-generated-assembly","pending"
"05-内容生产/内容体系/00-缓冲区/选题装配/2026-06-11_T4 03 最小可行性习惯_装配稿.md","assembly","932","5","5","10","2","0","False","delete-candidate-broken-generated-assembly","pending"
"05-内容生产/内容体系/00-缓冲区/选题装配/2026-06-11_T5 01 资产vs负债_装配稿.md","assembly","918","5","5","10","2","0","False","delete-candidate-broken-generated-assembly","pending"
"05-内容生产/内容体系/00-缓冲区/选题装配/2026-06-11_T5 02 复利思维_装配稿.md","assembly","890","5","5","10","2","0","False","delete-candidate-broken-generated-assembly","pending"
"05-内容生产/内容体系/00-缓冲区/选题装配/2026-06-11_T5 02 复利哲学_装配稿.md","assembly","890","5","5","10","2","0","False","delete-candidate-broken-generated-assembly","pending"
"05-内容生产/内容体系/00-缓冲区/选题装配/2026-06-11_T5 03 价值投资_装配稿.md","assembly","890","5","5","10","2","0","False","delete-candidate-broken-generated-assembly","pending"
"05-内容生产/内容体系/00-缓冲区/选题装配/2026-06-11_T5 04 资产定义权_装配稿.md","assembly","904","5","5","10","2","0","False","delete-candidate-broken-generated-assembly","pending"
"05-内容生产/内容体系/00-缓冲区/选题装配/2026-06-11_T5 05 被动收入的四种模式_装配稿.md","assembly","1365","10","10","0","0","0","False","delete-candidate-broken-generated-assembly","pending"
"05-内容生产/内容体系/00-缓冲区/选题装配/2026-06-11_T6 01 权力的信息论_装配稿.md","assembly","918","5","5","10","2","0","False","delete-candidate-broken-generated-assembly","pending"
"05-内容生产/内容体系/00-缓冲区/选题装配/2026-06-11_T6 02 衰退生存_装配稿.md","assembly","890","5","5","10","2","0","False","delete-candidate-broken-generated-assembly","pending"
"05-内容生产/内容体系/00-缓冲区/选题装配/2026-06-11_T6 03 大明王朝1566_装配稿.md","assembly","946","5","5","10","2","0","False","delete-candidate-broken-generated-assembly","pending"
"05-内容生产/内容体系/00-缓冲区/选题装配/2026-06-11_T6 04 制度成本的隐性分配_装配稿.md","assembly","960","5","5","10","2","0","False","delete-candidate-broken-generated-assembly","pending"
"05-内容生产/内容体系/00-缓冲区/选题装配/2026-06-11_T7 01 依恋理论_装配稿.md","assembly","890","5","5","10","2","0","False","delete-candidate-broken-generated-assembly","pending"
"05-内容生产/内容体系/00-缓冲区/选题装配/2026-06-11_T7 02 爱的八次约会_装配稿.md","assembly","918","5","5","10","2","0","False","delete-candidate-broken-generated-assembly","pending"
"05-内容生产/内容体系/00-缓冲区/选题装配/2026-06-11_T7 03 爱的五种语言_装配稿.md","assembly","918","5","5","10","2","0","False","delete-candidate-broken-generated-assembly","pending"
"05-内容生产/内容体系/00-缓冲区/选题装配/2026-06-11_T7 04 成年人的友谊退化_装配稿.md","assembly","946","5","5","10","2","0","False","delete-candidate-broken-generated-assembly","pending"
"05-内容生产/内容体系/00-缓冲区/选题装配/2026-06-11_T8 01 流量本质_装配稿.md","assembly","890","5","5","10","2","0","False","delete-candidate-broken-generated-assembly","pending"
"05-内容生产/内容体系/00-缓冲区/选题装配/2026-06-11_T8 02 一人企业_装配稿.md","assembly","890","5","5","10","2","0","False","delete-candidate-broken-generated-assembly","pending"
"05-内容生产/内容体系/00-缓冲区/选题装配/2026-06-11_T8 03 HKR内容公式_装配稿.md","assembly","932","5","5","10","2","0","False","delete-candidate-broken-generated-assembly","pending"
"05-内容生产/内容体系/00-缓冲区/选题装配/2026-06-11_T8 04 平台依赖症_装配稿.md","assembly","904","5","5","10","2","0","False","delete-candidate-broken-generated-assembly","pending"
"05-内容生产/内容体系/00-缓冲区/选题装配/2026-06-11_T9 01 中医系统论_装配稿.md","assembly","904","5","5","10","2","0","False","delete-candidate-broken-generated-assembly","pending"
"05-内容生产/内容体系/00-缓冲区/选题装配/2026-06-11_T9 02 气血津液_装配稿.md","assembly","890","5","5","10","2","0","False","delete-candidate-broken-generated-assembly","pending"
"05-内容生产/内容体系/00-缓冲区/选题装配/2026-06-11_T9 03 中西医的认知鸿沟_装配稿.md","assembly","946","5","5","10","2","0","False","delete-candidate-broken-generated-assembly","pending"
"05-内容生产/内容体系/00-缓冲区/选题装配/2026-06-11_W89运行系统的人指出：你不是你的系统_装配稿.md","assembly","934","5","5","4","2","0","False","delete-candidate-broken-generated-assembly","pending"
