"file","bytes","sha256","internal_exact_count","formal_match_count","formal_matches","classification","recommended_disposition","decision"
"05-内容生产/内容体系/00-缓冲区/README.md","872","335E2D891D2E85A6C6D785D7BFEA4E6EC15A5B38ED5F1804CE00285046EA80BA","1","0","","governance-file","keep","keep"
"05-内容生产/内容体系/00-缓冲区/legacy-content-creation/dbs-chatroom-复利.md","2052","5F32B9FDA02DB85D3E691A262AD9C558552F6DD65E1E1F05DE937A60C2B9CA58","1","0","","unique-buffer-content","manual-content-review","pending"
"05-内容生产/内容体系/00-缓冲区/legacy-content-creation/GOAL_ACTION_ALIGNMENT.md","1625","44F77F781FDA4EC59D9028AC5E3EC6C5BFE9502835144C5E14385C775F600B9B","1","0","","unique-buffer-content","manual-content-review","pending"
"05-内容生产/内容体系/00-缓冲区/legacy-content-creation/LEARNING_PATHS.md","4059","7EA98882E8B9566AA97EC2960F2BE426701F1C14F485524DB44EFE4CF5B93823","1","0","","unique-buffer-content","manual-content-review","pending"
"05-内容生产/内容体系/00-缓冲区/legacy-content-creation/README.md","264","D71C5EB0FC3EF5DAF9A45EDCFAE043F353A5B87F253BE5D77DAEA3935DD8AB3E","1","0","","governance-file","keep","keep"
"05-内容生产/内容体系/00-缓冲区/legacy-content-creation/book-decons/拆书-大明王朝1566.md","4680","A32AEA1CBF824629A6075CDB88E4E0E657C06801CCCCE5A50A8378A6441E81F7","1","0","","unique-buffer-content","manual-content-review","pending"
"05-内容生产/内容体系/00-缓冲区/legacy-content-creation/book-decons/拆书-富爸爸穷爸爸.md","5088","A506C193A2F8B5503366BFDD0F522BA914764660849CAE223925D328DCBB4372","1","0","","unique-buffer-content","manual-content-review","pending"
"05-内容生产/内容体系/00-缓冲区/legacy-content-creation/book-decons/拆书-每周工作4小时.md","4839","8560F9A3F38293B3202EE4BDB95D2808027900D92F762747856121145FDE8BAE","1","0","","unique-buffer-content","manual-content-review","pending"
"05-内容生产/内容体系/00-缓冲区/legacy-content-creation/book-decons/拆书-认知觉醒.md","5256","B3DCF4A945ACCA94C119B264AFE2EEA77865BCC2ACEBF2A912BE63A27C38F712","1","0","","unique-buffer-content","manual-content-review","pending"
"05-内容生产/内容体系/00-缓冲区/legacy-content-creation/book-decons/拆书-少有人走的路.md","3637","DBBFF585F58892EF650DE5EBF528D28CE9443D757411E902B50EABF005A79888","1","0","","unique-buffer-content","manual-content-review","pending"
"05-内容生产/内容体系/00-缓冲区/legacy-content-creation/cognition/长文02-三重大脑与元认知.md","6404","F6BB015741151BE44AC53FBAE4E3CB96791B4D5DCC9A2597D658E4C6AE79B98B","1","0","","unique-buffer-content","manual-content-review","pending"
"05-内容生产/内容体系/00-缓冲区/legacy-content-creation/cognition/长文12-第一性原理思考入门.md","4975","4E43FAB37E715ADEEC70C7ED4BA07A424719247D1A20E9B81B3DE82C89E37448","1","0","","unique-buffer-content","manual-content-review","pending"
"05-内容生产/内容体系/00-缓冲区/legacy-content-creation/cognition/长文15-复利思维在生活中的迁移应用.md","4921","9F9F2999CB994A5ABA5D57119CA02100467CE46F01F4F6C050E60443790F0AB4","1","0","","unique-buffer-content","manual-content-review","pending"
"05-内容生产/内容体系/00-缓冲区/legacy-content-creation/cognition/长文24-元认知训练的21天计划.md","4365","29935FCF19E29C6DC707471021B5E94CC935D37D2A39BB9371A835213DC66201","1","0","","unique-buffer-content","manual-content-review","pending"
"05-内容生产/内容体系/00-缓冲区/legacy-content-creation/cognition/长文28-认知驱动_vs_输入驱动.md","3513","2D03DC290B7DA87ED3DFFBAC49C761DBB84BAB8757AE9B68BBCCEC641710C3F9","1","0","","unique-buffer-content","manual-content-review","pending"
"05-内容生产/内容体系/00-缓冲区/legacy-content-creation/cognition/长文32-马斯克五步算法的通用应用.md","3974","6F1FB823D5831964BFCD05691D0F870B89871C4AAA39160EC7299840D39BCD2D","1","0","","unique-buffer-content","manual-content-review","pending"
"05-内容生产/内容体系/00-缓冲区/legacy-content-creation/cognition/长文37-复利效应在习惯养成中的应用.md","3406","E4A30C05217D26A431348B1118E016D7AD36F76C5FEAD25600D3CB9476A38E65","1","0","","unique-buffer-content","manual-content-review","pending"
"05-内容生产/内容体系/00-缓冲区/legacy-content-creation/cognition/长文42-注意力的经济学.md","2865","E34455DDC53F3C65944666FA7DA77B8CE9F75660573A194AE8EE8B09AF47945E","1","0","","unique-buffer-content","manual-content-review","pending"
"05-内容生产/内容体系/00-缓冲区/legacy-content-creation/cognition/长文45-元认知_AI时代的终极竞争力.md","2885","901E82FFF29127D285CF026FA87BF4449A8C43D80C392312B5C6B6903B6CABCE","1","0","","unique-buffer-content","manual-content-review","pending"
"05-内容生产/内容体系/00-缓冲区/legacy-content-creation/cognition/长文46-焦虑的进化心理学解释.md","3683","9A49434986C96C491947F2AC116AF88CA4BE7E84658DD3C7CFA3D355901DAB62","1","0","","unique-buffer-content","manual-content-review","pending"
"05-内容生产/内容体系/00-缓冲区/legacy-content-creation/cognition/长文76-复利思维的认知前设.md","3189","5D62364D29EAE085DDC753F9AE1FD7D62683B8ABC667F106723C1B2F0A7D7228","1","0","","unique-buffer-content","manual-content-review","pending"
"05-内容生产/内容体系/00-缓冲区/legacy-content-creation/cognition/长文77-第一性原理的日常用法.md","3185","9B8592D174477E1295130B5B10049BF8889A8A44032A542F60E6931A8250ACB7","1","0","","unique-buffer-content","manual-content-review","pending"
"05-内容生产/内容体系/00-缓冲区/legacy-content-creation/cognition/长文78-学习不是为了记住.md","2925","2C422A27EF0A87BFB05D1FA3B87A0EABEC16F3AEF83B5AAF3B654368AADF0C76","1","0","","unique-buffer-content","manual-content-review","pending"
"05-内容生产/内容体系/00-缓冲区/legacy-content-creation/cognition/长文79-创造者vs消费者.md","3264","2842BFC65A4303E7F4EA035F6E66FFC3F8B2078FB98505141ECFBB0C94E5F280","1","0","","unique-buffer-content","manual-content-review","pending"
"05-内容生产/内容体系/00-缓冲区/legacy-content-creation/cognition/长文83-系统诊断：当知识和行动脱节.md","4898","A7EAD62D058F38AD2D2C6F26A2CE8C3BC4D20DF9DA1412D9BBD2C90F4871EA09","1","0","","unique-buffer-content","manual-content-review","pending"
"05-内容生产/内容体系/00-缓冲区/legacy-content-creation/cognition/长文84-复利行动方案：从读到做.md","2536","3B0CB8767C41AB9CA6496016452F77568CCBD52B78DF7A21845A733D7B4C4682","1","0","","unique-buffer-content","manual-content-review","pending"
"05-内容生产/内容体系/00-缓冲区/legacy-content-creation/cognition/长文88-现实反馈复利协议：从成瘾止痛切回执行底盘.md","2648","F2F7E8D86100F1D2A3C68D5F21B6BF1987EC30DCBCA6DFB49F053D39F1266E1B","1","0","","unique-buffer-content","manual-content-review","pending"
"05-内容生产/内容体系/00-缓冲区/legacy-content-creation/cognition/长文89-纳瓦尔财富物理学：杠杆专长和复利.md","2328","BCBEF9FF9E176AE0C5C6333B6953B47FDC3453B88DC868CAF63CC3E1D4F2CE85","1","0","","unique-buffer-content","manual-content-review","pending"
"05-内容生产/内容体系/00-缓冲区/legacy-content-creation/cognition/长文90-位置稀缺性与无效努力.md","2612","8B188E7FBF3DFADDAFF7CA9B9BA3D0BDB7DC4DA80E75794C69C465BB78265A81","1","0","","unique-buffer-content","manual-content-review","pending"
"05-内容生产/内容体系/00-缓冲区/legacy-content-creation/cognition/长文91-塔勒布的反脆弱日常化.md","2646","064EFCB977C6A396E8CC9D43A70B522B0CAD420B5FC10A0A7BF78BD2E2B30889","1","0","","unique-buffer-content","manual-content-review","pending"
"05-内容生产/内容体系/00-缓冲区/legacy-content-creation/cognition/长文92-马斯克五步算法：删减比增加难100倍.md","2796","81952D602E40555571CCAA3C0FBF0CF8ABE1A88A87392CBE45195D6FCCD6CC47","1","0","","unique-buffer-content","manual-content-review","pending"
"05-内容生产/内容体系/00-缓冲区/legacy-content-creation/cognition/长文98-乔布斯的现实扭曲力场.md","2693","7AB58841FAD607768EA696D95D43D456B835FA7A136E50EC14388D8D73EDE647","1","0","","unique-buffer-content","manual-content-review","pending"
"05-内容生产/内容体系/00-缓冲区/legacy-content-creation/concept-anatomy/第一性原理__concept-anatomy.md","2322","8A16AB815C4E215C8B3A001E352B7715477094A2E34A9ACBA2D7FBC3D0D96F0F","1","0","","unique-buffer-content","manual-content-review","pending"
"05-内容生产/内容体系/00-缓冲区/legacy-content-creation/concept-anatomy/复利__concept-anatomy.md","4949","61F02028703F55C07F6A1DDB702A757EE88F3B9F263007F42C63ADB953DC0DF8","1","0","","unique-buffer-content","manual-content-review","pending"
"05-内容生产/内容体系/00-缓冲区/legacy-content-creation/concept-anatomy/认知偏差__concept-anatomy.md","3768","B92FA97721598C44A6386F25D393AE81B5A802C26F12E64FFB03DAB2398D295F","1","0","","unique-buffer-content","manual-content-review","pending"
"05-内容生产/内容体系/00-缓冲区/legacy-content-creation/concept-anatomy/系统思维__concept-anatomy.md","2310","6CC5A5BC797C11E43A111EFA96299BA27175434D754C2144D4CE850860F1E61E","1","0","","unique-buffer-content","manual-content-review","pending"
"05-内容生产/内容体系/00-缓冲区/legacy-content-creation/concept-anatomy/心智带宽__concept-anatomy.md","2267","704082F4C2AF0EE5282DA417E087B4808399AC05F1D5DB966D6D47140E00D596","1","0","","unique-buffer-content","manual-content-review","pending"
"05-内容生产/内容体系/00-缓冲区/legacy-content-creation/concept-anatomy/延迟满足__concept-anatomy.md","3859","663581832B712BCFA7E1A302DA22C6A1258F1446102E57844C5F73E46AD64725","1","0","","unique-buffer-content","manual-content-review","pending"
"05-内容生产/内容体系/00-缓冲区/legacy-content-creation/concept-anatomy/元认知__concept-anatomy.md","4317","CFEC4E31C41FB50F5A5F1D21E040A711C7BA086E56B315CC93E9836D30056DD1","1","0","","unique-buffer-content","manual-content-review","pending"
"05-内容生产/内容体系/00-缓冲区/legacy-content-creation/dankoe-methodology/DK01-10条思想原则.md","4636","E696D352C11540FAC8C08984BF412F541E7CB72F264800C620C907D6A4F18854","1","0","","unique-buffer-content","manual-content-review","pending"
"05-内容生产/内容体系/00-缓冲区/legacy-content-creation/dankoe-methodology/DK02-从旧系统退出：6个哲学重建.md","2713","AAAB44474A1559FCE70CC6F5569CDE83455C2736E91829CF4682C47989A11557","1","0","","unique-buffer-content","manual-content-review","pending"
"05-内容生产/内容体系/00-缓冲区/legacy-content-creation/dankoe-methodology/DK03-创作者闭环：每日系统.md","3158","93F4D947FE6B17239AF18CEF6D7E61E6A1B4641C66C1FCE92F4328879B371264","1","0","","unique-buffer-content","manual-content-review","pending"
"05-内容生产/内容体系/00-缓冲区/legacy-content-creation/dankoe-methodology/DK04-90天思想实践计划.md","2342","0A3A5DFE1846F5119CC58D3516A06F70B418370F51E71E87EF4C59208C2EBD74","1","0","","unique-buffer-content","manual-content-review","pending"
"05-内容生产/内容体系/00-缓冲区/legacy-content-creation/dankoe-methodology/DK05-2026关键更新·AI一人企业新范式.md","2546","95F9BDD49116080C0945009662E7631D49A550EC6C9AD955BCBDA89B743D8046","1","0","","unique-buffer-content","manual-content-review","pending"
"05-内容生产/内容体系/00-缓冲区/legacy-content-creation/decision-system/01_事实.md","2485","91ED8CCC5FCBE15FD9C224E20C300AA4B492896ACBB80A349A4C59CBCF74FBD1","1","0","","unique-buffer-content","manual-content-review","pending"
"05-内容生产/内容体系/00-缓冲区/legacy-content-creation/decision-system/02_商业模式诊断.md","3434","85802FC542A1B023489531C3AEC644610DF22E401976F7F7A24EEB72E57D9CF0","1","0","","unique-buffer-content","manual-content-review","pending"
"05-内容生产/内容体系/00-缓冲区/legacy-content-creation/health/公众号-生命之书v1.md","5169","6E3060FEF58B4FF73125CEE6B57824FD227A63D5AE152B615159BC97FA9AB8CC","1","0","","unique-buffer-content","manual-content-review","pending"
"05-内容生产/内容体系/00-缓冲区/legacy-content-creation/health/长文01-重新理解多巴胺.md","5658","A33FBB988397D627090664EADAE81F98284E9EBCB2AA77FEDA55E228B7930D11","1","0","","unique-buffer-content","manual-content-review","pending"
"05-内容生产/内容体系/00-缓冲区/legacy-content-creation/health/长文04-中医系统论.md","5597","E8A71F013EF349FBE2F2264F432E6F59213273FAEB83C58A04C2B24E20FFDA95","1","0","","unique-buffer-content","manual-content-review","pending"
"05-内容生产/内容体系/00-缓冲区/legacy-content-creation/health/长文101-高维人类运维协议：把身体当成生产系统来管理.md","2966","256E93AE01090CB845969EEC5CA5B58062BE9FF4609D3A4A31A3794ADCBC8116","1","0","","unique-buffer-content","manual-content-review","pending"
"05-内容生产/内容体系/00-缓冲区/legacy-content-creation/health/长文13-中医系统论与现代科学的对话.md","4462","DFE71E70CC16E65E1D73665AA8539587840C0E2B77A1B842F7DFDAE5A5982ECE","1","0","","unique-buffer-content","manual-content-review","pending"
"05-内容生产/内容体系/00-缓冲区/legacy-content-creation/health/长文16-糖瘾的双重劫持.md","4286","7249A6AEB8EBE3CAA7A1C1DFA9F430AA2CE2D2C499784A39DEEA63E9AF7CC229","1","0","","unique-buffer-content","manual-content-review","pending"
"05-内容生产/内容体系/00-缓冲区/legacy-content-creation/health/长文18-成瘾者的身份重建.md","3979","9BB35C600543BF684E0FD5A0EBC7EEA24A2BBC8F8817FCA69B034AACFD7316E3","1","0","","unique-buffer-content","manual-content-review","pending"
"05-内容生产/内容体系/00-缓冲区/legacy-content-creation/health/长文22-低碳水饮食的30天实验指南.md","4428","57468973075E62D1099423BA89C7B8952E38CEF60316A091B7DDD5A67B71CDDD","1","0","","unique-buffer-content","manual-content-review","pending"
"05-内容生产/内容体系/00-缓冲区/legacy-content-creation/health/长文23-多巴胺断食实操手册.md","3842","7F656E3F38566E4DDC2D4FF2C22D3B5C6B9BB7AE18F488E53F3B86A68BB7A6B4","1","0","","unique-buffer-content","manual-content-review","pending"
"05-内容生产/内容体系/00-缓冲区/legacy-content-creation/health/长文29-成瘾者的自我重建.md","3604","CF7415CEFDD4CA2B659D62CE0F49F4174E755865694E240E0247A746BEB82518","1","0","","unique-buffer-content","manual-content-review","pending"
"05-内容生产/内容体系/00-缓冲区/legacy-content-creation/health/长文31-低碳水的科学争议与共识.md","3497","E94DE7D5B9774853A1D8E52F949580D1EB3EB4C760274DC60154F36755C81793","1","0","","unique-buffer-content","manual-content-review","pending"
"05-内容生产/内容体系/00-缓冲区/legacy-content-creation/health/长文34-新陈代谢的底层逻辑.md","4139","9C7ADE098CE1639ACA2828E57904BE6114D111F6ADCD4E6EF0F7CE5563042DEF","1","0","","unique-buffer-content","manual-content-review","pending"
"05-内容生产/内容体系/00-缓冲区/legacy-content-creation/health/长文39-中医的现代科学验证.md","3283","3116CC96D1B472F808676A2145B801CE97A6D5C1AD7B36AA5383BC4AF6C14844","1","0","","unique-buffer-content","manual-content-review","pending"
"05-内容生产/内容体系/00-缓冲区/legacy-content-creation/health/长文47-生酮饮食的迷思与真相.md","3185","13DC15C8374A16292D3FB920EB4ADAAE64FADED3AA4BE60ADAC13483FE1792F0","1","0","","unique-buffer-content","manual-content-review","pending"
"05-内容生产/内容体系/00-缓冲区/legacy-content-creation/health/长文72-你为什么总是想吃糖.md","3198","FC6D454CEAA3333EA8D60EF2785CEEBE4E965737EE3067D563EAB4601A5AD810","1","0","","unique-buffer-content","manual-content-review","pending"
"05-内容生产/内容体系/00-缓冲区/legacy-content-creation/health/长文73-代谢综合征不是一种病.md","2849","53BA657ADDCE7D180CE28E2F418B6BCE517C90124DF9108C09226A6D73E22413","1","0","","unique-buffer-content","manual-content-review","pending"
"05-内容生产/内容体系/00-缓冲区/legacy-content-creation/health/长文74-中医的'治未病'与现代预防医学.md","2932","1BB83C1BA600F5EEEE1BD9BD20F79AB8DD97EA60C5795BE3C3D03E93A5974476","1","0","","unique-buffer-content","manual-content-review","pending"
"05-内容生产/内容体系/00-缓冲区/legacy-content-creation/health/长文75-肠道是人体的第二大脑.md","2741","2A226BEEECE4D24898D23186F04538A4A147D74A0DED295274DAE105C41476AF","1","0","","unique-buffer-content","manual-content-review","pending"
"05-内容生产/内容体系/00-缓冲区/legacy-content-creation/health/长文85-21岁的身体是一笔复利投资.md","2872","CE27301B0BEA3B9DF1B0123C009C1C3AA2EE7EBA4BBA9E82646BDA9C6D65E38B","1","0","","unique-buffer-content","manual-content-review","pending"
"05-内容生产/内容体系/00-缓冲区/legacy-content-creation/history-society/长文09-日本失落的三十年.md","4345","63F4016AE4AAAFA0F544EA26EA720C1D27E1A76F3F9908524D8CDD7D34DD9472","1","0","","unique-buffer-content","manual-content-review","pending"
"05-内容生产/内容体系/00-缓冲区/legacy-content-creation/history-society/长文10-大明王朝的现代启示录.md","4252","11C5C8554662D23E358F0FB1DDBCEB14544EFD4BBD75F72A98D9496166F38849","1","0","","unique-buffer-content","manual-content-review","pending"
"05-内容生产/内容体系/00-缓冲区/legacy-content-creation/history-society/长文38-历史周期律的个人启示.md","3370","2C9594A467004F79E2876028782A6A2EF0897E8D15BFF25D383D36469FFD1F15","1","0","","unique-buffer-content","manual-content-review","pending"
"05-内容生产/内容体系/00-缓冲区/legacy-content-creation/history-society/长文52-权力的本质是信息不对称.md","3964","CC0365EAE275DAA982642CA379862E316D784B4CBF8C6B2864530A880EF85838","1","0","","unique-buffer-content","manual-content-review","pending"
"05-内容生产/内容体系/00-缓冲区/legacy-content-creation/history-society/长文53-衰退期的三条生存法则.md","3988","27FCB94386A1B0842108EA9275D7FCCB54C57EAB58FDE9CE3EDE6B98CA06EC13","1","0","","unique-buffer-content","manual-content-review","pending"
"05-内容生产/内容体系/00-缓冲区/legacy-content-creation/history-society/长文54-历史不会重复但总在押韵.md","3631","CA04EBE2CFAB56D1405C68ADF5CD5E52CF3B995811CA0BE3426F92BE247C3119","1","0","","unique-buffer-content","manual-content-review","pending"
"05-内容生产/内容体系/00-缓冲区/legacy-content-creation/history-society/长文55-权力的四种形态.md","3606","4B0A1FC74B43D2139E4ECE22669B6F3A4EAD4C8ECBD59A93CCE00E6EE3A7215E","1","0","","unique-buffer-content","manual-content-review","pending"
"05-内容生产/内容体系/00-缓冲区/legacy-content-creation/history-society/长文99-赫拉利的共同想象：人类如何被虚构统治.md","3134","97ABCBB5A060AACAFCBC9D146CBE079FE8D7DBD8DDD9902C8E9518DBEDDA5BEC","1","0","","unique-buffer-content","manual-content-review","pending"
"05-内容生产/内容体系/00-缓冲区/legacy-content-creation/plain/长文31-低碳水的科学争议与共识_plain.md","1881","1C2D8CB54B16C4D65927C006A3CB9C5048008EFC27D10B5C85088F6776D7A68C","1","0","","unique-buffer-content","manual-content-review","pending"
"05-内容生产/内容体系/00-缓冲区/legacy-content-creation/plain/长文43-穷爸爸富爸爸_两个爸爸的教育启示_plain.md","1742","C20D78725B57CD969C01502127396EC8BFE979BAAA60A611D7D4F4A89A3A3EED","1","0","","unique-buffer-content","manual-content-review","pending"
"05-内容生产/内容体系/00-缓冲区/legacy-content-creation/plain/长文85-21岁的身体是一笔复利投资_plain.md","1825","34F282EB289B7843A2FBCD4F62D8E77791B8CBF1056A252D406E790468037E57","1","0","","unique-buffer-content","manual-content-review","pending"
"05-内容生产/内容体系/00-缓冲区/legacy-content-creation/plain/长文92-马斯克五步算法：删减比增加难100倍_plain.md","1915","3DC2E49E119EEBD9A59EAB637BAA0B5C4D298682AB9490CBD793395EACF5D5AF","1","0","","unique-buffer-content","manual-content-review","pending"
"05-内容生产/内容体系/00-缓冲区/legacy-content-creation/productivity/长文100-达利欧的机器视角：把自己当成系统来优化.md","2708","096BFDA1CFA67FFA0DC4E53B68F81AC2A3D430D11920572556116532A1217ECD","1","0","","unique-buffer-content","manual-content-review","pending"
"05-内容生产/内容体系/00-缓冲区/legacy-content-creation/productivity/长文11-每周工作4小时的真正含义.md","4110","79CE44D7BB7EE9AE8770D64692804726C288FDD04169D73618B7E0D39395750E","1","0","","unique-buffer-content","manual-content-review","pending"
"05-内容生产/内容体系/00-缓冲区/legacy-content-creation/productivity/长文21-忙碌的麻醉作用.md","3704","1088E6A435F2CA64F478E081FF9B49A37A0C1789FBEC115973AA201FC3096DE9","1","0","","unique-buffer-content","manual-content-review","pending"
"05-内容生产/内容体系/00-缓冲区/legacy-content-creation/productivity/长文41-深度工作的保护与恢复.md","3915","DAE6D0FBFB84DC2E6B60584765C9E008B6E10320D7151065BA21DA5D26C9AA90","1","0","","unique-buffer-content","manual-content-review","pending"
"05-内容生产/内容体系/00-缓冲区/legacy-content-creation/productivity/长文51-如何用AI打造个人效率系统.md","3060","4516C14B2DAC32CCCC4C36D066E6C23038D3C5FE35E06703FCEADD39A9724DC9","1","0","","unique-buffer-content","manual-content-review","pending"
"05-内容生产/内容体系/00-缓冲区/legacy-content-creation/productivity/长文60-忙碌不等于高效.md","3092","FB599CC4566122D86EE0A393A3D7222409059932AFD2C85EC6D84FEBFD6B4AA2","1","0","","unique-buffer-content","manual-content-review","pending"
"05-内容生产/内容体系/00-缓冲区/legacy-content-creation/productivity/长文61-DEAL模型：新富足的四步法.md","2465","079C961B6156C6D0F7629A2E5C3156C257BC62195E38E2FCFB8DD268C6F0DBB0","1","0","","unique-buffer-content","manual-content-review","pending"
"05-内容生产/内容体系/00-缓冲区/legacy-content-creation/productivity/长文62-最小可行性习惯.md","2743","D4C8910E6B487F04D937D417867DBD327230683AB5570E662ACDA97F35EFC111","1","0","","unique-buffer-content","manual-content-review","pending"
"05-内容生产/内容体系/00-缓冲区/legacy-content-creation/productivity/长文63-AI时代的新生产力范式.md","2144","1D064A3D08D892F04D23840CABEC42900C984B4C6FBD891C30E4671EAB1A88F0","1","0","","unique-buffer-content","manual-content-review","pending"
"05-内容生产/内容体系/00-缓冲区/legacy-content-creation/productivity/长文96-恐惧设定：费里斯的斯多葛决策法.md","2085","80DD0700A2396B8EB98BD38E925C31F66C5712B8EFDFDAD38E8AA61267117897","1","0","","unique-buffer-content","manual-content-review","pending"
"05-内容生产/内容体系/00-缓冲区/legacy-content-creation/psychology/长文08-自律即自爱.md","4632","68526C9A803C2282D3C67C4729DC628DA9541CE7EEAE4099002A2918F13D647D","1","0","","unique-buffer-content","manual-content-review","pending"
"05-内容生产/内容体系/00-缓冲区/legacy-content-creation/psychology/长文26-少有人走的路_四条纪律深度解读.md","4019","DAB3DB16A5F05E3C47BC191037FB9C8218822E882A8A6DE02B9483D21A9FF4D6","1","0","","unique-buffer-content","manual-content-review","pending"
"05-内容生产/内容体系/00-缓冲区/legacy-content-creation/psychology/长文36-做个皮实的人_抗压能力训练.md","3177","040562A1B279C32004B1B65C0CD6A4986A0AA0611C1EEF83E17E58DAEEB376CB","1","0","","unique-buffer-content","manual-content-review","pending"
"05-内容生产/内容体系/00-缓冲区/legacy-content-creation/psychology/长文50-心智成熟的四个阶段.md","3189","2E955D3561CA2493454FC6CF8CBA20BD550C4DAF8879151EA0CD4C1F50114234","1","0","","unique-buffer-content","manual-content-review","pending"
"05-内容生产/内容体系/00-缓冲区/legacy-content-creation/psychology/长文57-焦虑的数学公式.md","1777","F6084CBB86A48E429C6F8504C10F02DBB0AE7734578957566AF4F7E983F1B64A","1","0","","unique-buffer-content","manual-content-review","pending"
"05-内容生产/内容体系/00-缓冲区/legacy-content-creation/psychology/长文58-真正的自律是自爱.md","1386","FE776136A2D2B01B6F4FA012BA7635B0335C84B8A42AAEAA577161C7B9BF87E3","1","0","","unique-buffer-content","manual-content-review","pending"
"05-内容生产/内容体系/00-缓冲区/legacy-content-creation/psychology/长文59-你不是你的想法.md","2238","059404688736D3897D30046CED5E8E2B63B9F9ED4149E7B0EB0A83F97E924B88","1","0","","unique-buffer-content","manual-content-review","pending"
"05-内容生产/内容体系/00-缓冲区/legacy-content-creation/psychology/长文94-人类误判心理学的25个Bug.md","1813","CEDFD496D7075ED0373104FDD07103047A09AFD3F85DEDF5FEDE4FC35E1A426B","1","0","","unique-buffer-content","manual-content-review","pending"
"05-内容生产/内容体系/00-缓冲区/legacy-content-creation/publishing/pre-flight/PRE_PUBLISH_CHECKLIST.md","7721","9A8B205235FD2ADF3C1ABEB34394D71FF456E381A9D62E490994E84A569868D8","1","0","","unique-buffer-content","manual-content-review","pending"
"05-内容生产/内容体系/00-缓冲区/legacy-content-creation/relationship/长文06-依恋理论.md","4414","5D7D7EC38B28DDD89C63282FD02393C1DCA65B9F5BBD20CDC5A7F575D1D236A1","1","0","","unique-buffer-content","manual-content-review","pending"
"05-内容生产/内容体系/00-缓冲区/legacy-content-creation/relationship/长文20-冲突不是关系的杀手.md","3875","9C6A03E0D057921B8B063B4B7DFB248279AB1377A531B13F2A8A3A9AD1440E27","1","0","","unique-buffer-content","manual-content-review","pending"
"05-内容生产/内容体系/00-缓冲区/legacy-content-creation/relationship/长文33-反依赖_表面独立内心恐惧.md","3897","5908A3069D56965CFC4A03118182F402DA8360D8FFAD7CC53B4AE1E779C55CDF","1","0","","unique-buffer-content","manual-content-review","pending"
"05-内容生产/内容体系/00-缓冲区/legacy-content-creation/relationship/长文44-爱的八次约会_终极关系体检.md","1946","0CD7863D3DECFF4215D7D199F8B210FC0A1F420CFDF5ABA01D3EE6FB0309534B","1","0","","unique-buffer-content","manual-content-review","pending"
"05-内容生产/内容体系/00-缓冲区/legacy-content-creation/relationship/长文64-反依赖：亲密关系中最隐蔽的防御.md","1997","5FE1AEF6DC4E1F9C36F5D87858F444ECC91075EC458903ABA525A864E7180D6A","1","0","","unique-buffer-content","manual-content-review","pending"
"05-内容生产/内容体系/00-缓冲区/legacy-content-creation/relationship/长文65-爱的八次关键对话.md","2262","C23F869AD994D620CF5FB7DCF8589B725E2EA3021761BA50867F0EC2A7C86F0F","1","0","","unique-buffer-content","manual-content-review","pending"
"05-内容生产/内容体系/00-缓冲区/legacy-content-creation/relationship/长文66-爱是能力不是感觉.md","2123","268A5D516581868894B3E1D16218F2F1F7C699BD7409E61F8CC55BF8DB677E82","1","0","","unique-buffer-content","manual-content-review","pending"
"05-内容生产/内容体系/00-缓冲区/legacy-content-creation/relationship/长文67-冲突是关系的免疫系统.md","1566","4E783B10481DB6CCC550141AD4F8E9A128AE1B292311B7678883E20DE29F9D25","1","0","","unique-buffer-content","manual-content-review","pending"
"05-内容生产/内容体系/00-缓冲区/legacy-content-creation/self-media/长文05-流量本质.md","4442","5B654CE36DD009F2BC009A47B6165486B360971FAC052E1B063F6FB0AD846C11","1","0","","unique-buffer-content","manual-content-review","pending"
"05-内容生产/内容体系/00-缓冲区/legacy-content-creation/self-media/长文14-AI时代的一人企业.md","4657","D8A0422A4915337322A4D637F522CEAA748D8B205554BB22F20210AD4361FF1C","1","0","","unique-buffer-content","manual-content-review","pending"
"05-内容生产/内容体系/00-缓冲区/legacy-content-creation/self-media/长文27-内容创作的100篇定律.md","4656","D4E36214EA9AE2E32DFA7D46C803C6C9289D4650CE9271FEC169FB936EEBDC68","1","0","","unique-buffer-content","manual-content-review","pending"
"05-内容生产/内容体系/00-缓冲区/legacy-content-creation/self-media/长文35-Purpose_Profit解读.md","3501","B25E7F829C956363E85A2FA3A3AF9EDB27D12C9FA6C3874063D2CB928CA16BC0","1","0","","unique-buffer-content","manual-content-review","pending"
"05-内容生产/内容体系/00-缓冲区/legacy-content-creation/self-media/长文49-个人IP的底层逻辑.md","3131","4402A6A8B3306052415A10D4BFE9D13F7325E01FD54CE95449639B59B6DB853D","1","0","","unique-buffer-content","manual-content-review","pending"
"05-内容生产/内容体系/00-缓冲区/legacy-content-creation/self-media/长文68-你的知识就是产品.md","2920","1C84CF48B9F10F794078D4A53763FD3C2AF40EA8274DBB88B80D895B675BAEF9","1","0","","unique-buffer-content","manual-content-review","pending"
"05-内容生产/内容体系/00-缓冲区/legacy-content-creation/self-media/长文69-个人IP的底层逻辑.md","2430","15F2FC9F976F3FEB08EA407375A9E01C96201610B71F3927FBDA8C2F0B7A3CEE","1","0","","unique-buffer-content","manual-content-review","pending"
"05-内容生产/内容体系/00-缓冲区/legacy-content-creation/self-media/长文70-内容创作的HKR公式.md","2195","D536BEBE521399B7517D601ABB6E8AE4B6C99F82F142B3CD7F4EC1A024B8E702","1","0","","unique-buffer-content","manual-content-review","pending"
"05-内容生产/内容体系/00-缓冲区/legacy-content-creation/self-media/长文71-AI时代的创作者优势.md","2387","AB957047AB7D2D9E08C8FBB20514FFE12DEB0DFA51743CC7897D920ADB869EC9","1","0","","unique-buffer-content","manual-content-review","pending"
"05-内容生产/内容体系/00-缓冲区/legacy-content-creation/self-media/长文86-1288元买到的七条人生底线.md","3569","DAF1B95C1C2AA5FFB5C7E9BDBEAA4BBAEA74F4F677DCB68B42848A9347773003","1","0","","unique-buffer-content","manual-content-review","pending"
"05-内容生产/内容体系/00-缓冲区/legacy-content-creation/self-media/长文87-Dan Koe个人资产飞轮.md","2791","E0FBC69BBB9AB08B203CE58C8AAA24B3565928BB8482424870C221BFA7A32167","1","0","","unique-buffer-content","manual-content-review","pending"
"05-内容生产/内容体系/00-缓冲区/legacy-content-creation/self-media/长文95-Sam Altman的指数增长思维.md","2835","D5839B0A38E55E2D609B91C69B019910D9BFEBEF0C642B1FE98485525D35A755","1","0","","unique-buffer-content","manual-content-review","pending"
"05-内容生产/内容体系/00-缓冲区/legacy-content-creation/self-media/长文97-Paul Graham的创造者手艺哲学.md","2810","EE5FCEB15998B9373B4BE23032684FB10773CD44BEC7A0ADF8A9F0B155E14076","1","0","","unique-buffer-content","manual-content-review","pending"
"05-内容生产/内容体系/00-缓冲区/legacy-content-creation/social-cards/card-82-财务自由的数学定义.html","2252","77B28751155D6B1DF942E5BB7E816ECC53094212FE73E168CDB9CC1CFFEB9C51","1","0","","unique-buffer-content","manual-content-review","pending"
"05-内容生产/内容体系/00-缓冲区/legacy-content-creation/social-cards/card-83-系统诊断：当知识和行动脱节.html","2248","4963596521F07453DDF60B5C578726BA0208C23D3E02D2CC2E35377C7E0D76B1","1","0","","unique-buffer-content","manual-content-review","pending"
"05-内容生产/内容体系/00-缓冲区/legacy-content-creation/social-cards/card-85-21岁的身体是一笔复利投资.html","2224","11EAE4080A62EDC08651CA5AB61C72D6491213764A54525C8C2F76AAA6779A72","1","0","","unique-buffer-content","manual-content-review","pending"
"05-内容生产/内容体系/00-缓冲区/legacy-content-creation/social-cards/card-86-1288元买到的七条人生底线.html","2309","828D9BD370976853F9A6A469F2CBB1C4F5C8E98C76A59A1FAA8CA32C324F65C4","1","0","","unique-buffer-content","manual-content-review","pending"
"05-内容生产/内容体系/00-缓冲区/legacy-content-creation/social-cards/card-89-纳瓦尔财富物理学：杠杆专长和复利.html","2072","B8A527E532270415790A2EF193E32B818BDADC88CD3A0BADC9C4623CAFEAEA73","1","0","","unique-buffer-content","manual-content-review","pending"
"05-内容生产/内容体系/00-缓冲区/legacy-content-creation/visual-assets/COVER_GUIDE.md","2135","007F95FDC30EC6DA8EAA0F095C3EE16D698B215DB0FDDF703E18EFA26675C8D3","1","0","","unique-buffer-content","manual-content-review","pending"
"05-内容生产/内容体系/00-缓冲区/legacy-content-creation/visual-assets/INFOGRAPHIC_SPEC.md","1419","1708A356A860A14811F5FC45DD4BC8CF828D1A428A9BA14670961680A003EC01","1","0","","unique-buffer-content","manual-content-review","pending"
"05-内容生产/内容体系/00-缓冲区/legacy-content-creation/wealth/长文03-资产vs负债.md","4581","C4F16D1E98505BF3911E5B5C9CAA7E177097E74FD671DC80D47CEF57023EEC56","1","0","","unique-buffer-content","manual-content-review","pending"
"05-内容生产/内容体系/00-缓冲区/legacy-content-creation/wealth/长文07-价值投资生活哲学.md","3387","CE9416ABBEAE6FF604A726684CF151D896FB19CFA69A5E1466780977044DF4A6","1","0","","unique-buffer-content","manual-content-review","pending"
"05-内容生产/内容体系/00-缓冲区/legacy-content-creation/wealth/长文17-数字资产的复利效应.md","3033","95D2F7986D8850A34201F59F2CD5C87478125B3D5FD8E7B4EEA1FCABFF53FD22","1","0","","unique-buffer-content","manual-content-review","pending"
"05-内容生产/内容体系/00-缓冲区/legacy-content-creation/wealth/长文19-富爸爸的核心框架.md","2796","A990450C64D738FC08CDBB609F34A5D10C3B1E55BA02B7DD9AD0006D15C70E34","1","0","","unique-buffer-content","manual-content-review","pending"
"05-内容生产/内容体系/00-缓冲区/legacy-content-creation/wealth/长文25-下牌桌vs赢得多.md","2712","F43ACD2763C3059CF644816375AEBAB7315AC6CD7BD26B13B05DCE3E2A3EF087","1","0","","unique-buffer-content","manual-content-review","pending"
"05-内容生产/内容体系/00-缓冲区/legacy-content-creation/wealth/长文30-价值心法深度解读.md","2343","E2FACA88B840010FE91ACD5A64D8CF2E6258012BFB076B914ADC9A47D1E024E2","1","0","","unique-buffer-content","manual-content-review","pending"
"05-内容生产/内容体系/00-缓冲区/legacy-content-creation/wealth/长文40-AI时代的资产重新定义.md","2066","B78376E15D6D73F0762F149B3D97BE957813A3F73259060B6AAA9B5F159B99A6","1","0","","unique-buffer-content","manual-content-review","pending"
"05-内容生产/内容体系/00-缓冲区/legacy-content-creation/wealth/长文43-穷爸爸富爸爸_两个爸爸的教育启示.md","1627","2032B34EBCB59C21BFE66F08C5FF91C80C7C09DDD5E202F8FEAF1FA95881DB9D","1","0","","unique-buffer-content","manual-content-review","pending"
"05-内容生产/内容体系/00-缓冲区/legacy-content-creation/wealth/长文48-被动收入的四种模式.md","1937","D633C318E6FF1709E57E514209EC3B05C010D305F60CCEFEFC4FDA1A64059EDA","1","0","","unique-buffer-content","manual-content-review","pending"
"05-内容生产/内容体系/00-缓冲区/legacy-content-creation/wealth/长文80-金钱的四种人格.md","1852","C400038807E26FF170FBAB84DDAD59B78D4C37E5A4A5DF6AB4148F9209F2E303","1","0","","unique-buffer-content","manual-content-review","pending"
"05-内容生产/内容体系/00-缓冲区/legacy-content-creation/wealth/长文81-价值投资的认知基础.md","2379","E9927F014C6C70F7193998158C94C8B6A74B01A6455233AEE4A5F68F9C574B9C","1","0","","unique-buffer-content","manual-content-review","pending"
"05-内容生产/内容体系/00-缓冲区/legacy-content-creation/wealth/长文82-财务自由的数学定义.md","1671","664C3CF9825E06B561B3198903B03561A5B67880FFDF91B704369C2E8113FD1E","1","0","","unique-buffer-content","manual-content-review","pending"
"05-内容生产/内容体系/00-缓冲区/legacy-content-creation/wealth/长文93-巴菲特的三重安全边际.md","1643","F783DC98B08E605FB6F52AC2A2A314F21EE3630F72F5DFC12C8F4CB0FBE0047F","1","0","","unique-buffer-content","manual-content-review","pending"
"05-内容生产/内容体系/00-缓冲区/选题装配/2026-06-11_100篇 = 10次 10篇周期 的迭代_装配稿.md","1898","E19C3F086D3B5F1F22442737FC657608983BF2C69986F87AEC6C7452A2EDF5FB","1","0","","unique-buffer-content","manual-content-review","pending"
"05-内容生产/内容体系/00-缓冲区/选题装配/2026-06-11_14天实验框架：Day1-3基线记录不改变只记录当前状态_装配稿.md","2410","022EF6E127B9BF155E4DE600A9E06744F4315CFA692FE8530D13BEC25D0B5997","1","0","","unique-buffer-content","manual-content-review","pending"
"05-内容生产/内容体系/00-缓冲区/选题装配/2026-06-11_2024年是我人生最灰暗的一年_装配稿.md","2334","C3E5CB3118BE172711B387C98FFFFF0A100562B65AE5E2C0AA2D8654B4691363","1","0","","unique-buffer-content","manual-content-review","pending"
"05-内容生产/内容体系/00-缓冲区/选题装配/2026-06-11_31-60篇(跃升期)：质量开始明显上升_装配稿.md","2568","41EA3132B062520698113A2C99009E38C64702B88B198407E90907D252F44E16","1","0","","unique-buffer-content","manual-content-review","pending"
"05-内容生产/内容体系/00-缓冲区/选题装配/2026-06-11_把每篇文章看作一个数字资产(WLH-003)_装配稿.md","3465","CE2B08B572A441CC3E9230546F27CEC373C709A81493E1E851D5149A3A69DCBB","1","0","","unique-buffer-content","manual-content-review","pending"
"05-内容生产/内容体系/00-缓冲区/选题装配/2026-06-11_本文全部核心论点均来自DBS内容系统的已抽取内容单元_装配稿.md","2597","5F791CCFD1BCF79D2F9E58D934D9E1F5AF8C54C2E0028E580AC58715BF71A691","1","0","","unique-buffer-content","manual-content-review","pending"
"05-内容生产/内容体系/00-缓冲区/选题装配/2026-06-11_补充分析 2026-06-11_装配稿.md","2521","599AEE8976C3B93830F848A1AD985F6F7CD3235CC3D7EB8FD63565B04B806BFE","1","0","","unique-buffer-content","manual-content-review","pending"
"05-内容生产/内容体系/00-缓冲区/选题装配/2026-06-11_操作层1：把 应该 换成 值得_装配稿.md","1925","B227F67BA82A1D13864A799EFC6B5FB008355A69C2E4120D1253E20B30E8FEFB","1","0","","unique-buffer-content","manual-content-review","pending"
"05-内容生产/内容体系/00-缓冲区/选题装配/2026-06-11_操作层2：把 100%执行 换成 维持链条_装配稿.md","2121","C8D139776B04A8EF355A2A594A31749B79CDA2441DF5D131D9F321842F932D8C","1","0","","unique-buffer-content","manual-content-review","pending"
"05-内容生产/内容体系/00-缓冲区/选题装配/2026-06-11_操作层3：把 结果导向 换成 身份导向_装配稿.md","2117","A95D0786E38818E752BCFEDDA83F248791419CE5719CBBD183C6A0AAFA03D08B","1","0","","unique-buffer-content","manual-content-review","pending"
"05-内容生产/内容体系/00-缓冲区/选题装配/2026-06-11_常见误用：课题分离≠冷漠_装配稿.md","2126","774B65D3D80D91252E2533B889182C15A8DF3ED2E9E8FCD8CBAEC0843750182B","1","0","","unique-buffer-content","manual-content-review","pending"
"05-内容生产/内容体系/00-缓冲区/选题装配/2026-06-11_但 大多数人都在用 不等于 这个框架是对的_装配稿.md","3148","A16C48B635FC2BCC0DDD15A93ED711D4A8DBB48038F8D0907D5F0410A50BEBB8","1","0","","unique-buffer-content","manual-content-review","pending"
"05-内容生产/内容体系/00-缓冲区/选题装配/2026-06-11_第1层(环境防御)：W73环境暴政的直接应用_装配稿.md","2446","C1C15114E8D9B32DC07D7F3AF38E174BDB9D908FFA9A49725D2D5C7CBE2E7251","1","0","","unique-buffer-content","manual-content-review","pending"
"05-内容生产/内容体系/00-缓冲区/选题装配/2026-06-11_第2层(时间防御)：每天固定2-3小时的 深度工作块_装配稿.md","2352","C2981B10FCD99824EA546B99FB8A0AC93F146E1847AFC7C3C52E24FB46A00E56","1","0","","unique-buffer-content","manual-content-review","pending"
"05-内容生产/内容体系/00-缓冲区/选题装配/2026-06-11_惦记税 是什么_装配稿.md","2300","922FE23A6030DD2EEA2B32D481010042F690E3E544BF310D580A59DE4A7F64F2","1","0","","unique-buffer-content","manual-content-review","pending"
"05-内容生产/内容体系/00-缓冲区/选题装配/2026-06-11_工具2 目的论（Teleology）_装配稿.md","2135","3A4E7DC750E9CD9C735F82B9688354A93CDCDF01A508EA9C7785599FB6419BAD","1","0","","unique-buffer-content","manual-content-review","pending"
"05-内容生产/内容体系/00-缓冲区/选题装配/2026-06-11_公众号100篇：每篇2000-5000字深度长文_装配稿.md","2090","C6C4892F6F0B925504096B68C1E4FD0C2A5E6AB458E8E1FDA9F057A01380D989","1","0","","unique-buffer-content","manual-content-review","pending"
"05-内容生产/内容体系/00-缓冲区/选题装配/2026-06-11_恢复策略：中断后的第一篇——不要补前面的，直接写今天的_装配稿.md","2593","9BB735C9796056476FEC1650E8D53040DE7BF28F6D26AC4B66DAA8FF8DF68880","1","0","","unique-buffer-content","manual-content-review","pending"
"05-内容生产/内容体系/00-缓冲区/选题装配/2026-06-11_级别2：社交茧房_装配稿.md","2133","23663D4A8BE6D524A3DEFE2DD13600C13BB0618089FA1936E7FFA45B51F1727A","1","0","","unique-buffer-content","manual-content-review","pending"
"05-内容生产/内容体系/00-缓冲区/选题装配/2026-06-11_级别3：认知茧房_装配稿.md","2296","294C2E2486565500D1C4C6D2D003B1D805BE8DF3A4F40278EAE87C63575C2FC1","1","0","","unique-buffer-content","manual-content-review","pending"
"05-内容生产/内容体系/00-缓冲区/选题装配/2026-06-11_建造者1：算法推荐系统_装配稿.md","2238","44370119BE08608F00F81692C379533F7E7C0148DF1A1651372E039CFB9EC624","1","0","","unique-buffer-content","manual-content-review","pending"
"05-内容生产/内容体系/00-缓冲区/选题装配/2026-06-11_建造者2：你自己的认知Bug_装配稿.md","1948","7906F80651D0C1D645551D5C6C42DC08E2E6B4854E4545314B24938721C93528","1","0","","unique-buffer-content","manual-content-review","pending"
"05-内容生产/内容体系/00-缓冲区/选题装配/2026-06-11_建造者3：信息不对称的系统性强化_装配稿.md","2073","443699D4EDF08E1BBA1AFBCC5B1B5085045C13F718010653E3FAC825FE27C73B","1","0","","unique-buffer-content","manual-content-review","pending"
"05-内容生产/内容体系/00-缓冲区/选题装配/2026-06-11_具体区分：当你在比较中感到自卑时，你的第一反应是什么_装配稿.md","2558","019C73A62CBBD56433A972CA2B8DE565D5571078399B08C785672870A02E5597","1","0","","unique-buffer-content","manual-content-review","pending"
"05-内容生产/内容体系/00-缓冲区/选题装配/2026-06-11_那段时间，每天靠健身抵抗抑郁_装配稿.md","2324","675CF093EA0F2635E91374D90B8034DEE3DEF831162ACB30D98FB51578E24A62","1","0","","unique-buffer-content","manual-content-review","pending"
"05-内容生产/内容体系/00-缓冲区/选题装配/2026-06-11_内在负荷：任务本身固有的复杂度_装配稿.md","2042","6869A469B9FC7D4C2936E976B2697C0021ADBE092A7B1DD72A133959CC13A8FB","1","0","","unique-buffer-content","manual-content-review","pending"
"05-内容生产/内容体系/00-缓冲区/选题装配/2026-06-11_你每天损失的不是5分钟——是3.3小时的深度注意力_装配稿.md","2394","91EB64F86B3CA95D738E290E445DED0ABB3CFF2C39A8C30D1AB269205F5DD94D","1","0","","unique-buffer-content","manual-content-review","pending"
"05-内容生产/内容体系/00-缓冲区/选题装配/2026-06-11_然后——这3件事必须在上午完成_装配稿.md","2010","79BE2169831E5465061C95FD8E5861A1719EF8036690034B1CC1BB9147C3E3A0","1","0","","unique-buffer-content","manual-content-review","pending"
"05-内容生产/内容体系/00-缓冲区/选题装配/2026-06-11_如果你的答案是 不愿意 ——明天不要增加忙碌_装配稿.md","2326","9E60FF7EEB22ACA77EA0BF6CB3B6C877E6D2D1AAFAF28DD7AEDBF63B56CDD6B5","1","0","","unique-buffer-content","manual-content-review","pending"
"05-内容生产/内容体系/00-缓冲区/选题装配/2026-06-11_三个要素不需要均等_装配稿.md","1784","8C602200C97DE6A8344C1EF34A79B0BD7CEC5433DFB5CDA4C1E7E0615D072229","1","0","","unique-buffer-content","manual-content-review","pending"
"05-内容生产/内容体系/00-缓冲区/选题装配/2026-06-11_外在负荷：任务呈现方式带来的额外负担_装配稿.md","2186","D27F16A31A99917E6C18E5FB3C4831E85A444B971CF8DDB1E1EE9E91C7A6370E","1","0","","unique-buffer-content","manual-content-review","pending"
"05-内容生产/内容体系/00-缓冲区/选题装配/2026-06-11_为什么这一步对你很关键：你的110篇文章在本地_装配稿.md","2219","1065CDBA9FBA4361B0B8D025CF53FD7023007BEED71991044A7F6C6636D922E9","1","0","","unique-buffer-content","manual-content-review","pending"
"05-内容生产/内容体系/00-缓冲区/选题装配/2026-06-11_用户用0.5秒决定是否点开你的内容_装配稿.md","2153","B9BE172E1A0F7F1E333A21B89367FDA4C80FAA34E1BB9C71999E3C52AB00A3BD","1","0","","unique-buffer-content","manual-content-review","pending"
"05-内容生产/内容体系/00-缓冲区/选题装配/2026-06-11_有信息量：AI可以给你任何已知的信息_装配稿.md","2219","1564F43EDDE0FC5E561C554A35B9B6CE651EF20FA1FD5914D6DECEAE16FD49FF","1","0","","unique-buffer-content","manual-content-review","pending"
"05-内容生产/内容体系/00-缓冲区/选题装配/2026-06-11_这不仅是理论分歧——这是世界观的分水岭_装配稿.md","2234","11448BE96C28B1D20927D46B8AE04D8A946F17430B597B7BB874A9FA97D6AC5F","1","0","","unique-buffer-content","manual-content-review","pending"
"05-内容生产/内容体系/00-缓冲区/选题装配/2026-06-11_C1 1 多巴胺基线崩塌与修复_装配稿.md","2168","8500CDB81DFCA297DCBDB210AEE74F75CB8AFAE0B9AD77AA741798FA1D33F6EB","1","0","","unique-buffer-content","manual-content-review","pending"
"05-内容生产/内容体系/00-缓冲区/选题装配/2026-06-11_C1 2 饮食决策框架_装配稿.md","2000","DD324261F4ADF124BAE62D973B387D6FA971C25155C497F9500C7DE06769365E","1","0","","unique-buffer-content","manual-content-review","pending"
"05-内容生产/内容体系/00-缓冲区/选题装配/2026-06-11_C1 3 昼夜节律重建_装配稿.md","2000","B7ADCD5D518A065B90FEC54B7FC288C1D65EAAA2441C71D8BA2888709E354182","1","0","","unique-buffer-content","manual-content-review","pending"
"05-内容生产/内容体系/00-缓冲区/选题装配/2026-06-11_C1 4 成瘾不是意志力问题_装配稿.md","2126","A060573282E1C29E9005D7F4193635F5DD91DC451BB130ECF55348058A35A478","1","0","","unique-buffer-content","manual-content-review","pending"
"05-内容生产/内容体系/00-缓冲区/选题装配/2026-06-11_C1 5 睡眠不是休息_装配稿.md","2000","F443483F35778EC6BF406E1EE89991E6AE9EE0BC369CC25E3DE85B4FABA63B6D","1","0","","unique-buffer-content","manual-content-review","pending"
"05-内容生产/内容体系/00-缓冲区/选题装配/2026-06-11_C2 1 先避毁灭再求收益_装配稿.md","2084","F501AE128E6807EDA77BC7B2C4C77CD0133D2A2A87D98BCFDE61611F909A5DE9","1","0","","unique-buffer-content","manual-content-review","pending"
"05-内容生产/内容体系/00-缓冲区/选题装配/2026-06-11_C2 2 认知负债陷阱_装配稿.md","2000","1B6A269239F43BCA97F126CA658EDAD0BB571E14A54A96163C603982580FF89E","1","0","","unique-buffer-content","manual-content-review","pending"
"05-内容生产/内容体系/00-缓冲区/选题装配/2026-06-11_C2 3 六格复盘_装配稿.md","1916","3A38B500CE60A817CF4B7685811EEAB41D1C18D5B88BD03DD8BB527E97510802","1","0","","unique-buffer-content","manual-content-review","pending"
"05-内容生产/内容体系/00-缓冲区/选题装配/2026-06-11_C2 4 认知目标函数_装配稿.md","2000","F2C72E3ED27FC352977886CDA45A52058B091B5C91014E34316F15DD2E655BEE","1","0","","unique-buffer-content","manual-content-review","pending"
"05-内容生产/内容体系/00-缓冲区/选题装配/2026-06-11_C2 5 游戏不是敌人_装配稿.md","2000","D6FFB05DC0D9FBC20D8E9F4331F844EC57DC6B94179C0E5665E0568C722DA066","1","0","","unique-buffer-content","manual-content-review","pending"
"05-内容生产/内容体系/00-缓冲区/选题装配/2026-06-11_C3 1 资产还是负债_装配稿.md","2000","1B4FFEF73D11317BDCFB6AB03974BA71AFF89C290D967BDFFB336611B6015580","1","0","","unique-buffer-content","manual-content-review","pending"
"05-内容生产/内容体系/00-缓冲区/选题装配/2026-06-11_C3 2 杠铃策略_装配稿.md","1916","26B4CB791172C21CA7CB15DA8E1FB8BBBB66E20B74553F0013E8C9452156E467","1","0","","unique-buffer-content","manual-content-review","pending"
"05-内容生产/内容体系/00-缓冲区/选题装配/2026-06-11_C3 3 一人企业模型_装配稿.md","2000","A85862D6FE769598C94E9B6F9EA49CB1A4935953479C06D526EF436B9EAAEBC9","1","0","","unique-buffer-content","manual-content-review","pending"
"05-内容生产/内容体系/00-缓冲区/选题装配/2026-06-11_C3 4 复利不是数学公式_装配稿.md","2084","AEEF0E3BE3FE170DB53AF11142824B3C8E56718A1ECDBB153FBF62FBF2FB9B37","1","0","","unique-buffer-content","manual-content-review","pending"
"05-内容生产/内容体系/00-缓冲区/选题装配/2026-06-11_C3 5 交易的唯一正确目标_装配稿.md","2126","06D57AA1A0904687D9E52FE426B709CAD8531AEB5CFFE17642FFFB2F46E752CA","1","0","","unique-buffer-content","manual-content-review","pending"
"05-内容生产/内容体系/00-缓冲区/选题装配/2026-06-11_C4 1 三位一体创作_装配稿.md","2000","7DCFF801674F607595D8CBB65687FF5D1D4D7BB2A54AEAC6B9325264D8318716","1","0","","unique-buffer-content","manual-content-review","pending"
"05-内容生产/内容体系/00-缓冲区/选题装配/2026-06-11_C4 2 平台策略_装配稿.md","1916","3E769F38770139AB388B4E398A1EDD376BAEF3C1A54B678B4FA1A7E3E7121282","1","0","","unique-buffer-content","manual-content-review","pending"
"05-内容生产/内容体系/00-缓冲区/选题装配/2026-06-11_C4 3 内容产品化_装配稿.md","1958","399491F3283D1446ECC42CE8DE66C21DED0B42CC514E5C68D89648D90AD60A7A","1","0","","unique-buffer-content","manual-content-review","pending"
"05-内容生产/内容体系/00-缓冲区/选题装配/2026-06-11_C4 4 注意力是第一资产_装配稿.md","2084","B9446C7C8616F27E4936A72E5187797A0948BBD0C84AE6633B9029F23987D73E","1","0","","unique-buffer-content","manual-content-review","pending"
"05-内容生产/内容体系/00-缓冲区/选题装配/2026-06-11_C4 5 发布不是终点_装配稿.md","2000","DC523E8993F47EFF5C5F834094E06B544A6F648927BB1E416E66F86DE4F45D85","1","0","","unique-buffer-content","manual-content-review","pending"
"05-内容生产/内容体系/00-缓冲区/选题装配/2026-06-11_C5 1 反依赖_装配稿.md","1874","5BC849C4E8255762511E391D1F3CA644BAE6E0528764F6BA406AF49B1E6A9321","1","0","","unique-buffer-content","manual-content-review","pending"
"05-内容生产/内容体系/00-缓冲区/选题装配/2026-06-11_C5 2 形象管理_装配稿.md","1916","CC882E9965932D14AAC45EF89995DB0EAE41A44917515A61A3725A5084362BBA","1","0","","unique-buffer-content","manual-content-review","pending"
"05-内容生产/内容体系/00-缓冲区/选题装配/2026-06-11_C5 3 代际错位_装配稿.md","1916","9FAE39F6800056C53C61AA3F2E0406A3EF54E3BFD20C9E1B2C324096618C03BF","1","0","","unique-buffer-content","manual-content-review","pending"
"05-内容生产/内容体系/00-缓冲区/选题装配/2026-06-11_C5 4 形象不是虚伪_装配稿.md","2000","189A48A29C3B313A4771F66AA987EB057DCED906E0413145874C4FBADAD836FA","1","0","","unique-buffer-content","manual-content-review","pending"
"05-内容生产/内容体系/00-缓冲区/选题装配/2026-06-11_C5 5 代际错位即杠杆_装配稿.md","2042","0450F59EE730D8CC74C6022A505F5EE0CADF302F8A38F9016CE936BA6AE0890B","1","0","","unique-buffer-content","manual-content-review","pending"
"05-内容生产/内容体系/00-缓冲区/选题装配/2026-06-11_C6 1 负循环破解_装配稿.md","1958","9B6A267E54D8215889879A337B37739BCC212906EAD97E015704106E4DAF0706","1","0","","unique-buffer-content","manual-content-review","pending"
"05-内容生产/内容体系/00-缓冲区/选题装配/2026-06-11_C6 2 P0单一主线_装配稿.md","1944","ECF1B6267C04B43A93CD67819305CF4635BEA47DF9FC40A0674BABDC31451AA7","1","0","","unique-buffer-content","manual-content-review","pending"
"05-内容生产/内容体系/00-缓冲区/选题装配/2026-06-11_C6 3 14天实验SOP_装配稿.md","1944","2310C36D013E301E72AF3ED25B6B8EC71E0CFAED08CE092AD6B9AFC65D686CA9","1","0","","unique-buffer-content","manual-content-review","pending"
"05-内容生产/内容体系/00-缓冲区/选题装配/2026-06-11_C6 4 最小可行性系统_装配稿.md","2042","6363CA39A4DC5E60A98B4C31849263074D1C8ED8A3E275152A4E447D5AF905B8","1","0","","unique-buffer-content","manual-content-review","pending"
"05-内容生产/内容体系/00-缓冲区/选题装配/2026-06-11_C6 5 环境的暴政_装配稿.md","1958","90E50D0F2214BD3DC48F6A604135352639F90B060D4772798FB8B76FF86CDD2D","1","0","","unique-buffer-content","manual-content-review","pending"
"05-内容生产/内容体系/00-缓冲区/选题装配/2026-06-11_C7 1 第一性原理_装配稿.md","1958","5985097A768200619D93C8B3162066BBC3AD467970455074D290368E331D50F2","1","0","","unique-buffer-content","manual-content-review","pending"
"05-内容生产/内容体系/00-缓冲区/选题装配/2026-06-11_C7 2 芒格格栅_装配稿.md","1916","AC488C8637891E4A07AD0F28CB0551CBA57EF82E822F5D20F8A4B789F32F6E83","1","0","","unique-buffer-content","manual-content-review","pending"
"05-内容生产/内容体系/00-缓冲区/选题装配/2026-06-11_C7 3 反脆弱_装配稿.md","2981","A69A1FD1A72111E2A45C9B0E79F7BA0D2003FD40BA60077DF92DEB8F8F564BE3","1","0","","unique-buffer-content","manual-content-review","pending"
"05-内容生产/内容体系/00-缓冲区/选题装配/2026-06-11_C7 4 反共识不是叛逆_装配稿.md","2042","D9F7F2173CE6645701294A69F1DD616A7AD6797D15461FC09E525C4B97044B80","1","0","","unique-buffer-content","manual-content-review","pending"
"05-内容生产/内容体系/00-缓冲区/选题装配/2026-06-11_C7 5 系统大于目标_装配稿.md","2000","2B40152D0141375AFBD974AB1F8DE2B413A621042C1F3E1556231CB40D2995EE","1","0","","unique-buffer-content","manual-content-review","pending"
"05-内容生产/内容体系/00-缓冲区/选题装配/2026-06-11_CH01 meta abilities_装配稿.md","1944","88428D9253B1284026E4E16B803AA9988F75F944F43A8237293255F8655EC5A3","1","0","","unique-buffer-content","manual-content-review","pending"
"05-内容生产/内容体系/00-缓冲区/选题装配/2026-06-11_CH03 physical health_装配稿.md","1958","313B94612A98292DBD41B8FE69C5889D12ECD046F95920666F025D456F402C64","1","0","","unique-buffer-content","manual-content-review","pending"
"05-内容生产/内容体系/00-缓冲区/选题装配/2026-06-11_CH04 wealth business_装配稿.md","1958","5CF17DA9853A8AE99B49C975D20EB6D93ABB26951DEF24CD5736F441C261F8D5","1","0","","unique-buffer-content","manual-content-review","pending"
"05-内容生产/内容体系/00-缓冲区/选题装配/2026-06-11_CH07 problem solving_装配稿.md","1958","9191E85C094EBEE7E88FA30C847E811DB5DD73EBCD55E27FEEC7E5D01D4A48EF","1","0","","unique-buffer-content","manual-content-review","pending"
"05-内容生产/内容体系/00-缓冲区/选题装配/2026-06-11_D01 AI时代独立思考的价值_装配稿.md","2140","8E2EB49CE2883F07F9067B71C545503C838DBAC2E2895B658A9D907D9AE5CE2A","1","0","","unique-buffer-content","manual-content-review","pending"
"05-内容生产/内容体系/00-缓冲区/选题装配/2026-06-11_D02 资产vs负债_装配稿.md","1930","E71244CB4C51116E19FBA44B8DA7ED61959F97D862BE6A0DD1E7A736D0B57865","1","0","","unique-buffer-content","manual-content-review","pending"
"05-内容生产/内容体系/00-缓冲区/选题装配/2026-06-11_D03 多巴胺天平_装配稿.md","1944","D0710AB4F71AB8921FA006B4609A58DCF078AF6DC9159306DAEE6C621F1A6906","1","0","","unique-buffer-content","manual-content-review","pending"
"05-内容生产/内容体系/00-缓冲区/选题装配/2026-06-11_D05 认知Bug防御_装配稿.md","1944","69DB5A8CACC4959E88856F451A607F42F0892E6046E9BF9DEFC712E2E9FFEABA","1","0","","unique-buffer-content","manual-content-review","pending"
"05-内容生产/内容体系/00-缓冲区/选题装配/2026-06-11_D07 最小可行性习惯_装配稿.md","2028","886133BD3225D50C60EE8153191F0D09A791ED688B4BF0E713FBF0C57ECDAE1B","1","0","","unique-buffer-content","manual-content-review","pending"
"05-内容生产/内容体系/00-缓冲区/选题装配/2026-06-11_D08 复利曲线_装配稿.md","1902","C40F11C399B6A63DDEF8F84483328D77193DD8246EBF3CF9DF0FA49DF198DCD0","1","0","","unique-buffer-content","manual-content-review","pending"
"05-内容生产/内容体系/00-缓冲区/选题装配/2026-06-11_D09 内容创作四根命脉_装配稿.md","2070","6F2B3747C888EC162238AC217BA0876247547015AD8CCC8AA7923F573DAA99D3","1","0","","unique-buffer-content","manual-content-review","pending"
"05-内容生产/内容体系/00-缓冲区/选题装配/2026-06-11_D100 内容产品化_装配稿.md","1958","17E47CBAD1A4FEF43933D97BE4EF0106CC661CAF58C8E33DE769A04B1EEA7A01","1","0","","unique-buffer-content","manual-content-review","pending"
"05-内容生产/内容体系/00-缓冲区/选题装配/2026-06-11_D101 发布不是终点_装配稿.md","2000","6B860C2152C243B9286BC3B84B441A8BE61C3699A0F4B161AB5D4118DCB88D91","1","0","","unique-buffer-content","manual-content-review","pending"
"05-内容生产/内容体系/00-缓冲区/选题装配/2026-06-11_D102 环境的暴政_装配稿.md","1958","735D854F57C43BDCC2DBDDC3A658CB3174BE3C7FA76354158E3969BDBAA97F6A","1","0","","unique-buffer-content","manual-content-review","pending"
"05-内容生产/内容体系/00-缓冲区/选题装配/2026-06-11_D103 饮食决策框架_装配稿.md","2000","7EC3AD0A74F229D770B79310E1BA47868B3DC64F27039EA33E9A4F28851D09A0","1","0","","unique-buffer-content","manual-content-review","pending"
"05-内容生产/内容体系/00-缓冲区/选题装配/2026-06-11_D104 昼夜节律重建_装配稿.md","2000","874CC1A5C7DCBF2634F9F8DDFF586F4929F1F15BCF9C3555F6EEB098030C126E","1","0","","unique-buffer-content","manual-content-review","pending"
"05-内容生产/内容体系/00-缓冲区/选题装配/2026-06-11_D105 成瘾不是意志力问题_装配稿.md","2126","C1C02CFA4112FA110C5AC45753F0363631F08D39CC381ACC307EB0D27E18151B","1","0","","unique-buffer-content","manual-content-review","pending"
"05-内容生产/内容体系/00-缓冲区/选题装配/2026-06-11_D106 睡眠不是休息_装配稿.md","2000","0372C0A282B359B3FB2E8EB6077D7099F72A1C8260EC2F7B6CBFE73B1BFF2267","1","0","","unique-buffer-content","manual-content-review","pending"
"05-内容生产/内容体系/00-缓冲区/选题装配/2026-06-11_D107 认知目标函数_装配稿.md","2000","F3703C93E35A1D98DE856CEF50D7A7F58060E9BCD409CC59CDA367DB34860E3F","1","0","","unique-buffer-content","manual-content-review","pending"
"05-内容生产/内容体系/00-缓冲区/选题装配/2026-06-11_D108 形象不是虚伪_装配稿.md","2000","6F4B75FF23FD90E8BDC1CBE3F9244EA4745AD0A562379E24C1F932188A85C1FA","1","0","","unique-buffer-content","manual-content-review","pending"
"05-内容生产/内容体系/00-缓冲区/选题装配/2026-06-11_D109 代际错位即杠杆_装配稿.md","2042","B96BA9FF08C8F6901C0E5E2BACE2E0A5BEDEA38B6853BA0D4716D242CB3E0703","1","0","","unique-buffer-content","manual-content-review","pending"
"05-内容生产/内容体系/00-缓冲区/选题装配/2026-06-11_D11 共同想象与权力_装配稿.md","2028","2B9E7B5F78099536BE854DA4B689965E099748964F507A62482518C8743A30D1","1","0","","unique-buffer-content","manual-content-review","pending"
"05-内容生产/内容体系/00-缓冲区/选题装配/2026-06-11_D110 多巴胺基线崩塌与修复_装配稿.md","2168","ABF750A1D307A6E995E3B1F32236B4F57AFF2931016B5A623AD358B61FF9E227","1","0","","unique-buffer-content","manual-content-review","pending"
"05-内容生产/内容体系/00-缓冲区/选题装配/2026-06-11_D12 三重大脑的真相_装配稿.md","2028","A5A6BA2551D07C281CA1FB998274956F5A8EDC9AA5F4CC3A1C3D7ED551B5C4A3","1","0","","unique-buffer-content","manual-content-review","pending"
"05-内容生产/内容体系/00-缓冲区/选题装配/2026-06-11_D13 依恋模式_装配稿.md","1902","E9A9A999F4EF1B7361F9FF60B364B97CA0B6EF9271B0D24FFCB456D882C11FA1","1","0","","unique-buffer-content","manual-content-review","pending"
"05-内容生产/内容体系/00-缓冲区/选题装配/2026-06-11_D14 第一性原理深钻_装配稿.md","2028","BA993CCA71CB47D9AA62541EF64F5C247645CF1E153222FEE11F8122B91C3C80","1","0","","unique-buffer-content","manual-content-review","pending"
"05-内容生产/内容体系/00-缓冲区/选题装配/2026-06-11_D16 22岁试错期权_装配稿.md","1972","FF57895DD1EC289FCC6DC0B567827F4F211BA54D0069B0BFBB1EA60233502D07","1","0","","unique-buffer-content","manual-content-review","pending"
"05-内容生产/内容体系/00-缓冲区/选题装配/2026-06-11_D17 信息转化率_装配稿.md","1944","6709029C4C811750C573C5EDB4F5A2C05F98E95F459E5A19647FB60AF1D619A2","1","0","","unique-buffer-content","manual-content-review","pending"
"05-内容生产/内容体系/00-缓冲区/选题装配/2026-06-11_D18 知道验证的鸿沟_装配稿.md","2028","C1AED0A6D8078A781736892EDA2848653093B24A2BC06935AFC44B63063269A1","1","0","","unique-buffer-content","manual-content-review","pending"
"05-内容生产/内容体系/00-缓冲区/选题装配/2026-06-11_D19 环境暴政_装配稿.md","1902","31271977A8DCC35F2AF0DFF7E754A3002149F138E09EF2D1B366D3FF98157DE3","1","0","","unique-buffer-content","manual-content-review","pending"
"05-内容生产/内容体系/00-缓冲区/选题装配/2026-06-11_D20 连续天数_装配稿.md","1902","229EC452E77EB86ACAE163D3A951BE329F2A0DDDF4E23DA795C8F790E49A8257","1","0","","unique-buffer-content","manual-content-review","pending"
"05-内容生产/内容体系/00-缓冲区/选题装配/2026-06-11_D21 形象杠杆_装配稿.md","1902","F4643EF9B34DD317D89C09EDB3C8AFE871C5B4BCACF5F0C83D15D1BA3C2E443E","1","0","","unique-buffer-content","manual-content-review","pending"
"05-内容生产/内容体系/00-缓冲区/选题装配/2026-06-11_D22 拖延的三种类型_装配稿.md","2028","25888402658781AA34F37A17951B734C99BA7C3D9757211CF9DC402A262C779C","1","0","","unique-buffer-content","manual-content-review","pending"
"05-内容生产/内容体系/00-缓冲区/选题装配/2026-06-11_D23 情绪是数据_装配稿.md","1944","F1012AD01815DE73A9A98AC3E2146D105F85AD44D92B70187D4A59CA917E4E9A","1","0","","unique-buffer-content","manual-content-review","pending"
"05-内容生产/内容体系/00-缓冲区/选题装配/2026-06-11_D24 反脆弱未来_装配稿.md","3001","0C075DC82D317936FC2EE6545E9EAFB83BD32BD12D035D63FF3D350FFF7B1DA6","1","0","","unique-buffer-content","manual-content-review","pending"
"05-内容生产/内容体系/00-缓冲区/选题装配/2026-06-11_D26 焦虑公式_装配稿.md","1902","FF9B40D26F240150D53EF373CB6D90E65527C6871F32DC15011E1B4EACB49864","1","0","","unique-buffer-content","manual-content-review","pending"
"05-内容生产/内容体系/00-缓冲区/选题装配/2026-06-11_D27 元认知训练_装配稿.md","1944","64C2B5011E2B2F62D5B14F713976490CBF315A0D5E04BDEA384DA2A38D4A7BD6","1","0","","unique-buffer-content","manual-content-review","pending"
"05-内容生产/内容体系/00-缓冲区/选题装配/2026-06-11_D28 注意力管理_装配稿.md","1944","94E1242B53AEDE92E29620B638759FA0D6676B79BE893ECC3CE19801D4117CD6","1","0","","unique-buffer-content","manual-content-review","pending"
"05-内容生产/内容体系/00-缓冲区/选题装配/2026-06-11_D29 依恋可改变_装配稿.md","1944","3721DE93234E1F4E708439D0C1D85A7A0EF355D4D845729C0FA755AAEAFDFA4E","1","0","","unique-buffer-content","manual-content-review","pending"
"05-内容生产/内容体系/00-缓冲区/选题装配/2026-06-11_D30 历史的教训_装配稿.md","1944","2E0474AE5754C058FB7487274916EDDA67E606752F7321C5793E64B83EBDDFE5","1","0","","unique-buffer-content","manual-content-review","pending"
"05-内容生产/内容体系/00-缓冲区/选题装配/2026-06-11_D32 延迟满足_装配稿.md","1902","B451E03044F479945CFFADC622F4A1D3EEA0BBCB4BBF80A5FA2B960F65E3C588","1","0","","unique-buffer-content","manual-content-review","pending"
"05-内容生产/内容体系/00-缓冲区/选题装配/2026-06-11_D33 社交媒体税_装配稿.md","1944","F0E9B0F12AC3C41DEDFED3E4594B8E4E94C5E6D50C9B041847416B3B34C4B5A6","1","0","","unique-buffer-content","manual-content-review","pending"
"05-内容生产/内容体系/00-缓冲区/选题装配/2026-06-11_D34 知识转化率_装配稿.md","1944","3CEC2D22C34B04FFE632E77266780F621A2F58F32C1911A8C36772D0E76507A3","1","0","","unique-buffer-content","manual-content-review","pending"
"05-内容生产/内容体系/00-缓冲区/选题装配/2026-06-11_D35 环境设计_装配稿.md","1902","F59F1A42BD98CCD7603E417239829FFDBE6A3074A1120B13BEA1EC3A427DE234","1","0","","unique-buffer-content","manual-content-review","pending"
"05-内容生产/内容体系/00-缓冲区/选题装配/2026-06-11_D36 个人IP本质_装配稿.md","1930","E9221B9614D1758B0EF3A1BACEA7D6C30ED8B04491B56D03AE66A8BFDBA0143A","1","0","","unique-buffer-content","manual-content-review","pending"
"05-内容生产/内容体系/00-缓冲区/选题装配/2026-06-11_D37 创作系统进化_装配稿.md","1986","69E7E7D99F5E6ABFFF6C55239D28701DB53CC016F1E07470AA8539E373A2CFF5","1","0","","unique-buffer-content","manual-content-review","pending"
"05-内容生产/内容体系/00-缓冲区/选题装配/2026-06-11_D38 深度工作_装配稿.md","1902","51434192FC5C4CBF4AD65CDE0E2C5C6F01B2D01F4F6C96249C5A9E4AA079B078","1","0","","unique-buffer-content","manual-content-review","pending"
"05-内容生产/内容体系/00-缓冲区/选题装配/2026-06-11_D39 决策质量_装配稿.md","1902","81E84440DCE85393089918FDD978BD2430722E070E8F28BBD86510DAF2DA4F9B","1","0","","unique-buffer-content","manual-content-review","pending"
"05-内容生产/内容体系/00-缓冲区/选题装配/2026-06-11_D40 终身学习_装配稿.md","1902","F770F5508D63F7DB1DE8005122DAE14E79351D5B952A6073D26CDF58933ACC45","1","0","","unique-buffer-content","manual-content-review","pending"
"05-内容生产/内容体系/00-缓冲区/选题装配/2026-06-11_D41 概念解剖_装配稿.md","1902","46348D9B82EA27F4AC1F1FCB2077C3AF5EAAE9F927E2881039B4E3017F02FCA4","1","0","","unique-buffer-content","manual-content-review","pending"
"05-内容生产/内容体系/00-缓冲区/选题装配/2026-06-11_D42 写作与思考_装配稿.md","1944","7D32D88A887F1797A62330C905AEDAA8B550AFCD53927D1C8FACAB27A5F257F0","1","0","","unique-buffer-content","manual-content-review","pending"
"05-内容生产/内容体系/00-缓冲区/选题装配/2026-06-11_D43 数字极简_装配稿.md","1902","F7229BDB3BFD0FAC387B33225F8B38511374F61C2E20026833E81218FEA94B08","1","0","","unique-buffer-content","manual-content-review","pending"
"05-内容生产/内容体系/00-缓冲区/选题装配/2026-06-11_D44 复利暗面_装配稿.md","1902","3C241C36EC2F9E691F59F6F761BA1DAB4631E08589C3B974B84477185F18B247","1","0","","unique-buffer-content","manual-content-review","pending"
"05-内容生产/内容体系/00-缓冲区/选题装配/2026-06-11_D45 关系权力_装配稿.md","1902","F6C60ED889338710472597315FBD02D4CFA998F54341A8F9943CE0C168B57746","1","0","","unique-buffer-content","manual-content-review","pending"
"05-内容生产/内容体系/00-缓冲区/选题装配/2026-06-11_D46 创作者经济学_装配稿.md","1986","694EC9ECC57CD38047240108BBA954D9CC6DB0CD8A5C451C4143F11CA104CB50","1","0","","unique-buffer-content","manual-content-review","pending"
"05-内容生产/内容体系/00-缓冲区/选题装配/2026-06-11_D47 睡眠与认知_装配稿.md","1944","8515D0039A03AA99320801043A53E968F23376C73319BDB62DAAFABD25C09058","1","0","","unique-buffer-content","manual-content-review","pending"
"05-内容生产/内容体系/00-缓冲区/选题装配/2026-06-11_D48 失败的科学_装配稿.md","1944","F0DA9A9CB09B4137CEDF4ACF2FDCBFD3C55F85A4E05399FD4ECB7D5A9F9FD59F","1","0","","unique-buffer-content","manual-content-review","pending"
"05-内容生产/内容体系/00-缓冲区/选题装配/2026-06-11_D49 知识管理vs应用_装配稿.md","2014","DF780BF3DF4FF13278B7C0D4DD74BC855A6A99802E0B49AE4502964620177F92","1","0","","unique-buffer-content","manual-content-review","pending"
"05-内容生产/内容体系/00-缓冲区/选题装配/2026-06-11_D50 个人系统升级_装配稿.md","1986","F3DFD656B655D2CB8324664467E5B986A36015FE5E18CC6FC5DA82972B4FE1E9","1","0","","unique-buffer-content","manual-content-review","pending"
"05-内容生产/内容体系/00-缓冲区/选题装配/2026-06-11_D51 阅人术_装配稿.md","1860","4BACA780887DF914E5B9609A5061904B4FE832DF881B84F0F7F54C184EE286BB","1","0","","unique-buffer-content","manual-content-review","pending"
"05-内容生产/内容体系/00-缓冲区/选题装配/2026-06-11_D52 谈判框架_装配稿.md","1902","B04DF5C68A24D74108C32097686F5FA008AC68AF20F31D6D4917DC50D93B9572","1","0","","unique-buffer-content","manual-content-review","pending"
"05-内容生产/内容体系/00-缓冲区/选题装配/2026-06-11_D53 独处价值_装配稿.md","1902","ADCDB4892671ABBBCFE725EB7591B36E9DF302B1AEE2B3477A12C16B5402EABF","1","0","","unique-buffer-content","manual-content-review","pending"
"05-内容生产/内容体系/00-缓冲区/选题装配/2026-06-11_D54 阅读方法论_装配稿.md","1944","643138C8ED8F6635DCD1395873677B68BF55FBCC2C3BC9300C70462FDD7FD30A","1","0","","unique-buffer-content","manual-content-review","pending"
"05-内容生产/内容体系/00-缓冲区/选题装配/2026-06-11_D55 身体与思维_装配稿.md","1944","1CF920E83A08B803AB54FA6D7394BA0946191B0F8024CB836229FADED30CF95C","1","0","","unique-buffer-content","manual-content-review","pending"
"05-内容生产/内容体系/00-缓冲区/选题装配/2026-06-11_D56 运气与努力_装配稿.md","1944","A623067F341B16FAC09D7B156A2E13B8A56E78460131875E20FA29356999A2F1","1","0","","unique-buffer-content","manual-content-review","pending"
"05-内容生产/内容体系/00-缓冲区/选题装配/2026-06-11_D57 影响力原理_装配稿.md","1944","CBE54BA6D44B045965FB5D5BE3A1FB4FE873536A45053D8AC60BBCBDEA79CB42","1","0","","unique-buffer-content","manual-content-review","pending"
"05-内容生产/内容体系/00-缓冲区/选题装配/2026-06-11_D58 提问的艺术_装配稿.md","1944","0672BCA72D7257F4509CEDCF48572461DC3C367ADC57C532BAF57AA924791C6B","1","0","","unique-buffer-content","manual-content-review","pending"
"05-内容生产/内容体系/00-缓冲区/选题装配/2026-06-11_D59 自我叙事_装配稿.md","1902","71E0CA45AADE571B06523B4B0A81EE08B9275D58DA893203F41CB8823F41036E","1","0","","unique-buffer-content","manual-content-review","pending"
"05-内容生产/内容体系/00-缓冲区/选题装配/2026-06-11_D60 从0到1_装配稿.md","1846","5FA12E597C42BF80F71CAD90650672098DA27B1B7C4DE086928D2786C145365E","1","0","","unique-buffer-content","manual-content-review","pending"
"05-内容生产/内容体系/00-缓冲区/选题装配/2026-06-11_D61 选择悖论_装配稿.md","1902","F6AD0319F840538989E5B5EDD970FA630D907E88DD75E45F3AC2D32451F568AF","1","0","","unique-buffer-content","manual-content-review","pending"
"05-内容生产/内容体系/00-缓冲区/选题装配/2026-06-11_D62 完美主义_装配稿.md","1902","D682E3DA15C043AF5EC2152CC24414230007F7D65759D0A1EBB8E2A9E3BB7E6A","1","0","","unique-buffer-content","manual-content-review","pending"
"05-内容生产/内容体系/00-缓冲区/选题装配/2026-06-11_D63 习惯神经科学_装配稿.md","1986","607AC458D99F545C03572E18431635D57092CE810F465438056FF75759CC6166","1","0","","unique-buffer-content","manual-content-review","pending"
"05-内容生产/内容体系/00-缓冲区/选题装配/2026-06-11_D64 导师与自学_装配稿.md","1944","944F979C3F21D21B084EC5690FABEBE9318ADD3BB403FD43BBF7F3E3D15D6B7F","1","0","","unique-buffer-content","manual-content-review","pending"
"05-内容生产/内容体系/00-缓冲区/选题装配/2026-06-11_D65 金钱心理学_装配稿.md","1944","EE98006735CF3433160F79E9969DC86E32BB11D628966C32714CF3BF06F3EC99","1","0","","unique-buffer-content","manual-content-review","pending"
"05-内容生产/内容体系/00-缓冲区/选题装配/2026-06-11_D66 熵与秩序_装配稿.md","1902","733D8CB9F8DF6CFA6BB826D7C38F287A094755FA2586CE29950E45D429B26BF9","1","0","","unique-buffer-content","manual-content-review","pending"
"05-内容生产/内容体系/00-缓冲区/选题装配/2026-06-11_D67 FOMO与JOMO_装配稿.md","1888","7DBC958CFD5A8ACC4C5098267EF566FA3973D2D4BB7ADA834503ED1454D992A7","1","0","","unique-buffer-content","manual-content-review","pending"
"05-内容生产/内容体系/00-缓冲区/选题装配/2026-06-11_D68 边界设定_装配稿.md","1902","AC263EC35C8C84A5B4157851EFBE7D0FE4B13877666C75E656259DBD015CA010","1","0","","unique-buffer-content","manual-content-review","pending"
"05-内容生产/内容体系/00-缓冲区/选题装配/2026-06-11_D69 创造力的日常_装配稿.md","1986","D05D7C85306AF9B62DD01D397A2F8BDC23544C9ACE2D4063A67D40C4330A1544","1","0","","unique-buffer-content","manual-content-review","pending"
"05-内容生产/内容体系/00-缓冲区/选题装配/2026-06-11_D70 脆弱的力量_装配稿.md","1944","94F78FA9C5F3A2C60855929C55F6FF433D40A1DB45EB83EBFC4C059DE0A41C14","1","0","","unique-buffer-content","manual-content-review","pending"
"05-内容生产/内容体系/00-缓冲区/选题装配/2026-06-11_D71 时间的感知_装配稿.md","1944","995489218D6FEF999AEF972C545C7B1EDB6FEF3E8712919F1848F94E06A70C98","1","0","","unique-buffer-content","manual-content-review","pending"
"05-内容生产/内容体系/00-缓冲区/选题装配/2026-06-11_D72 社交资本_装配稿.md","1902","2890103A660964A5DC5BDB9C83E376569D7958F3B3DE5205458DDEB8E140537F","1","0","","unique-buffer-content","manual-content-review","pending"
"05-内容生产/内容体系/00-缓冲区/选题装配/2026-06-11_D73 身份与标签_装配稿.md","1944","7888E4E63C4A75EDD1540CB3A7F6B981010E08659871ABAD104ACB5244895255","1","0","","unique-buffer-content","manual-content-review","pending"
"05-内容生产/内容体系/00-缓冲区/选题装配/2026-06-11_D74 反馈的勇气_装配稿.md","1944","D39B88FF658FB90C962468AD303E755632DA200AAAD1B0D3C612A34A21D0FA34","1","0","","unique-buffer-content","manual-content-review","pending"
"05-内容生产/内容体系/00-缓冲区/选题装配/2026-06-11_D75 输出驱动学习_装配稿.md","1986","491E910239CCB5B70B707ABCD56A328D80148301809BE25473C97203743CB66C","1","0","","unique-buffer-content","manual-content-review","pending"
"05-内容生产/内容体系/00-缓冲区/选题装配/2026-06-11_D77 动机的科学_装配稿.md","1944","128E1F133CE744017F4B5EF56CFB551258056061B43A4D903E32784E6C74045A","1","0","","unique-buffer-content","manual-content-review","pending"
"05-内容生产/内容体系/00-缓冲区/选题装配/2026-06-11_D78 感恩的科学_装配稿.md","1944","CB1DEBB195D2132FA1EA723034459AF0B8EA6E3549AF5734A7AEF52BD857396C","1","0","","unique-buffer-content","manual-content-review","pending"
"05-内容生产/内容体系/00-缓冲区/选题装配/2026-06-11_D79 故事的力量_装配稿.md","1944","E5C5A25C9254F888219859396BF9CDFAA48624861824B5250DC8A4F8CF9F46FE","1","0","","unique-buffer-content","manual-content-review","pending"
"05-内容生产/内容体系/00-缓冲区/选题装配/2026-06-11_D80 反依赖与亲密恐惧_装配稿.md","2070","642F42622642D240671AD5471D050E1D98080459E9E3C95F051C505F4092C8DC","1","0","","unique-buffer-content","manual-content-review","pending"
"05-内容生产/内容体系/00-缓冲区/选题装配/2026-06-11_D81 形象管理ROI科学_装配稿.md","2028","7A63AFA155D8BF8469E0DDCF30A2E0E363D59C478D7607DB66989627E467CEE7","1","0","","unique-buffer-content","manual-content-review","pending"
"05-内容生产/内容体系/00-缓冲区/选题装配/2026-06-11_D82 代际错位_装配稿.md","1902","827900ECCBDA789F528C5C0465363AF45484E36BD5A230EC82D8A0D898F2EFD7","1","0","","unique-buffer-content","manual-content-review","pending"
"05-内容生产/内容体系/00-缓冲区/选题装配/2026-06-11_D83 负循环破解_装配稿.md","1944","A9FFEB4248502F63B3EAF1A6B22EE8C4C6E76CCB3EAA33389A96B4C48DE68E30","1","0","","unique-buffer-content","manual-content-review","pending"
"05-内容生产/内容体系/00-缓冲区/选题装配/2026-06-11_D84 P0单一主线_装配稿.md","1930","24F00C29726FA7F6039028819EA87ADCD08B9F00B1FFB6B4AF7834FA538752D0","1","0","","unique-buffer-content","manual-content-review","pending"
"05-内容生产/内容体系/00-缓冲区/选题装配/2026-06-11_D85 14天实验SOP_装配稿.md","1930","9559AA9C7B2371695B7F6DFBCDF89D7F964F5E80E229310EE534ABA4D1F54C58","1","0","","unique-buffer-content","manual-content-review","pending"
"05-内容生产/内容体系/00-缓冲区/选题装配/2026-06-11_D86 最小可行性系统_装配稿.md","2028","130731D2E06AC2EAE36FACBB11259489DC9C2D047AD755D7D5F2529A74F1AB81","1","0","","unique-buffer-content","manual-content-review","pending"
"05-内容生产/内容体系/00-缓冲区/选题装配/2026-06-11_D87 芒格格栅_装配稿.md","1902","64740896C9C2292129E7E4880C1C3A8221CF1C7726C258FECEBACAE85F4130C2","1","0","","unique-buffer-content","manual-content-review","pending"
"05-内容生产/内容体系/00-缓冲区/选题装配/2026-06-11_D88 系统大于目标_装配稿.md","1986","D5FE24169C7ADA83E5CEDCFFD73F169017F3B0CCEC324BB331E23B32DE208E17","1","0","","unique-buffer-content","manual-content-review","pending"
"05-内容生产/内容体系/00-缓冲区/选题装配/2026-06-11_D89 反共识不是叛逆_装配稿.md","2028","67A5F43F434AE03A35532731CA9782C65FDC6F91A1A25827C655BECF8E34E31A","1","0","","unique-buffer-content","manual-content-review","pending"
"05-内容生产/内容体系/00-缓冲区/选题装配/2026-06-11_D90 反脆弱进阶_装配稿.md","3001","1B3C93E74EE3E576FF81A815643A5A38C586B83B9316426AE73A3F3D9BBB78C2","1","0","","unique-buffer-content","manual-content-review","pending"
"05-内容生产/内容体系/00-缓冲区/选题装配/2026-06-11_D91 一人企业AI杠杆_装配稿.md","2014","E51FECBFD0074DA33387A15F662045E10F73CCF9E4BB7B3CE07DB2A2F6B617C7","1","0","","unique-buffer-content","manual-content-review","pending"
"05-内容生产/内容体系/00-缓冲区/选题装配/2026-06-11_D92 杠铃策略_装配稿.md","1902","A2D543F0880BD2860D710DFFEFD5C3C33CB5EBABA5D9B6293969CE3FD87017C0","1","0","","unique-buffer-content","manual-content-review","pending"
"05-内容生产/内容体系/00-缓冲区/选题装配/2026-06-11_D93 交易的正确目标_装配稿.md","2028","2DDAC902988416B332791F5B96EF4DFB83B7A2F356358C09F88C407F4094065A","1","0","","unique-buffer-content","manual-content-review","pending"
"05-内容生产/内容体系/00-缓冲区/选题装配/2026-06-11_D94 游戏不是敌人_装配稿.md","1986","AF1D4C4596EFC2D7B773AA8CF91EF1CAE1CE295C2EAD189CB4FDD0B80EE78A3A","1","0","","unique-buffer-content","manual-content-review","pending"
"05-内容生产/内容体系/00-缓冲区/选题装配/2026-06-11_D95 三位一体创作_装配稿.md","1986","117F70257AEE9E0507AA016CF8F2EDBA15D254E0D724C0B3E93B216E390DF90D","1","0","","unique-buffer-content","manual-content-review","pending"
"05-内容生产/内容体系/00-缓冲区/选题装配/2026-06-11_D96 平台策略_装配稿.md","1902","3BE84CB23C4358C96F089C379773BA42F03621EC7DE76EFAEFCE1FE3F8A5B386","1","0","","unique-buffer-content","manual-content-review","pending"
"05-内容生产/内容体系/00-缓冲区/选题装配/2026-06-11_D97 先避毁灭再求收益_装配稿.md","2070","A559FFC552799BC04A7448963DB87FC0100E1C11B8838DD85FC4AA548FCB3DBD","1","0","","unique-buffer-content","manual-content-review","pending"
"05-内容生产/内容体系/00-缓冲区/选题装配/2026-06-11_D98 认知负债陷阱_装配稿.md","1986","921883B114D5FC03AF7324AE1C466B925285143056FFFB5C729897ED1A326D89","1","0","","unique-buffer-content","manual-content-review","pending"
"05-内容生产/内容体系/00-缓冲区/选题装配/2026-06-11_D99 六格复盘_装配稿.md","1902","A37CB881047728CBDAFB4434A72B2B6AA311E5B93EA3AE9E250040854D9FB865","1","0","","unique-buffer-content","manual-content-review","pending"
"05-内容生产/内容体系/00-缓冲区/选题装配/2026-06-11_DBS ACTION BARRIERS_装配稿.md","1944","F3782FD864FF5F1004020DFDB53015D79C0A20596B778C0609B94FE03551A57A","1","0","","unique-buffer-content","manual-content-review","pending"
"05-内容生产/内容体系/00-缓冲区/选题装配/2026-06-11_DBS CONTENT FULL DIAGNOSIS_装配稿.md","2042","FC871D6552CE301570807075FAE817C234CEBB50013DBA11D1D13029BE23C930","1","0","","unique-buffer-content","manual-content-review","pending"
"05-内容生产/内容体系/00-缓冲区/选题装配/2026-06-11_DBS DECISION MATRIX_装配稿.md","1944","1D3B9E718C894D48085B4D8933F7574CEB696345A023434CFF3A000071800D1E","1","0","","unique-buffer-content","manual-content-review","pending"
"05-内容生产/内容体系/00-缓冲区/选题装配/2026-06-11_DBS DEEP ANALYSIS 2026 06 11_装配稿.md","2070","AC07A6A9958CACFB9C601BEA5DB3267557DD92072D2EFDE55D8FB0511D99C6AF","1","0","","unique-buffer-content","manual-content-review","pending"
"05-内容生产/内容体系/00-缓冲区/选题装配/2026-06-11_DBS DIAGNOSIS MONETIZATION_装配稿.md","2042","C275A3274E681D9D96D2607B2B0ED3384CA4119FF481D69A4B05D5EB13808301","1","0","","unique-buffer-content","manual-content-review","pending"
"05-内容生产/内容体系/00-缓冲区/选题装配/2026-06-11_DBS GOAL AUDIT_装配稿.md","1874","C2F3CB94F8A51090B3EB48F6BFB0B195BB0B09E76074E8F58DCB4BCE2E6F19E0","1","0","","unique-buffer-content","manual-content-review","pending"
"05-内容生产/内容体系/00-缓冲区/选题装配/2026-06-11_DBS REPORT COMPREHENSIVE_装配稿.md","2014","C768DBC72D8472C845FD93AD8CA315EE1F1F39F3ECC09FD127A85FAB4F040073","1","0","","unique-buffer-content","manual-content-review","pending"
"05-内容生产/内容体系/00-缓冲区/选题装配/2026-06-11_DBS SKILL PATTERNS DEEP DIVE_装配稿.md","2070","7241CB0CEB37F996D15BC3696E478DE2258763D16B1395E1281ECEBF6C0E8B94","1","0","","unique-buffer-content","manual-content-review","pending"
"05-内容生产/内容体系/00-缓冲区/选题装配/2026-06-11_EIGHT CHAPTERS_装配稿.md","1874","8C634B900CD0E1D428669A2BE08A4D76EAD4F620BFBC6F004E1719697004D7A9","1","0","","unique-buffer-content","manual-content-review","pending"
"05-内容生产/内容体系/00-缓冲区/选题装配/2026-06-11_EPILOGUE_装配稿.md","1790","2CFEB8D7F0B0EE2389616E8E6C984131188C9E6729D9ACACB4FD41AA835A1E56","1","0","","unique-buffer-content","manual-content-review","pending"
"05-内容生产/内容体系/00-缓冲区/选题装配/2026-06-11_n 你不是在 管理时间 ，而是你是在 保卫注意力_装配稿.md","2354","1736FB4C1E6EEFB92ECBDB15D62EEB25787DB4796D50E5801894EE2C60A7A959","1","0","","unique-buffer-content","manual-content-review","pending"
"05-内容生产/内容体系/00-缓冲区/选题装配/2026-06-11_PREFACE_装配稿.md","1776","70C81E59B6CB56B9D96D70DF93934CC5716EAA7C4328123ED0A2CA60EF47B1B9","1","0","","unique-buffer-content","manual-content-review","pending"
"05-内容生产/内容体系/00-缓冲区/选题装配/2026-06-11_REPAIR REPORT_装配稿.md","1860","3560B08EAD50E2C9413887DDCBE40142A20FBED54F34A14951DC5053F5B8D40F","1","0","","unique-buffer-content","manual-content-review","pending"
"05-内容生产/内容体系/00-缓冲区/选题装配/2026-06-11_T1 01 多巴胺本质_装配稿.md","1972","0EFD4CDAB087F04BC8EBC9E924D34188EA8F3EAF73E7FE22A28B4A621FE0C94E","1","0","","unique-buffer-content","manual-content-review","pending"
"05-内容生产/内容体系/00-缓冲区/选题装配/2026-06-11_T1 01 多巴胺不是快乐分子_装配稿.md","2140","B0E9E6B04A157703179347356A70804A605130D291DEC60FF00BC6F99BD33922","1","0","","unique-buffer-content","manual-content-review","pending"
"05-内容生产/内容体系/00-缓冲区/选题装配/2026-06-11_T1 02 成瘾的反面是连接_装配稿.md","2098","AD469BACA9967DCBD3BA32CEE298149F120E1888F0A212136DDB828E90E9D678","1","0","","unique-buffer-content","manual-content-review","pending"
"05-内容生产/内容体系/00-缓冲区/选题装配/2026-06-11_T1 03 痛苦天平_装配稿.md","1930","BB489CE0DE3A0955DD6E5BA8348CA43CB013B0C603433A8DA69942F2E013BD56","1","0","","unique-buffer-content","manual-content-review","pending"
"05-内容生产/内容体系/00-缓冲区/选题装配/2026-06-11_T10 01 自律即自爱_装配稿.md","1986","C393DED3F00355AA4EF1D82B42CEF783BE8A3F3B5EDECF06C9B326C5D5E8535E","1","0","","unique-buffer-content","manual-content-review","pending"
"05-内容生产/内容体系/00-缓冲区/选题装配/2026-06-11_T10 02 反脆弱_装配稿.md","2989","B5B104F722485ED24A5E8447AC730EDAB821964DE4B63AACF1611C6C29A69558","1","0","","unique-buffer-content","manual-content-review","pending"
"05-内容生产/内容体系/00-缓冲区/选题装配/2026-06-11_T10 03 复杂系统的问题解决_装配稿.md","2154","E693190565D3036B3CC3EBEB60E4E42F89FAE3CB274A28769A7F241DA125AF74","1","0","","unique-buffer-content","manual-content-review","pending"
"05-内容生产/内容体系/00-缓冲区/选题装配/2026-06-11_T2 01 肥胖的真凶是胰岛素_装配稿.md","2140","6B849FA4D5903CF0446402B7F1B6B5E5274F210D07F7B47E195E9DAFB49722FD","1","0","","unique-buffer-content","manual-content-review","pending"
"05-内容生产/内容体系/00-缓冲区/选题装配/2026-06-11_T2 01 胰岛素真相_装配稿.md","1972","E7032D35CF67B012E17C493472AAB16102DCA90146FE196CE3E3E2D66878896A","1","0","","unique-buffer-content","manual-content-review","pending"
"05-内容生产/内容体系/00-缓冲区/选题装配/2026-06-11_T2 02 代谢灵活性_装配稿.md","1972","3EA33798B0E21C0197B5BB36E97224F3B6FE077E83C333AC29B1F8C3847FBFA1","1","0","","unique-buffer-content","manual-content-review","pending"
"05-内容生产/内容体系/00-缓冲区/选题装配/2026-06-11_T2 03 生酮饮食的真相_装配稿.md","2056","F9F9D2EE816D2444108F5643ACB4686ED74402A4860F8B2B401520F509E3CCE4","1","0","","unique-buffer-content","manual-content-review","pending"
"05-内容生产/内容体系/00-缓冲区/选题装配/2026-06-11_T3 01 你不是意志力薄弱_装配稿.md","2098","681E865B26D2563904BD6292D8CDC964C26FA56CAACEDF326C25F1A4387EF540","1","0","","unique-buffer-content","manual-content-review","pending"
"05-内容生产/内容体系/00-缓冲区/选题装配/2026-06-11_T3 02 焦虑公式_装配稿.md","1930","8CE31862B163B84261007C444CF3E6E0746F5D67020B5997F1B0FC6698519664","1","0","","unique-buffer-content","manual-content-review","pending"
"05-内容生产/内容体系/00-缓冲区/选题装配/2026-06-11_T3 02 焦虑数学公式_装配稿.md","2014","B2412C43F71E7A2B9F0DE0450CD8EFC3BB17C6F660B25839BA3F95AF6190094B","1","0","","unique-buffer-content","manual-content-review","pending"
"05-内容生产/内容体系/00-缓冲区/选题装配/2026-06-11_T3 03 元认知超能力_装配稿.md","2014","90BE2D45FE59BB47C688111C869AAE9889C75B3C1625B179D32708F5F12AD263","1","0","","unique-buffer-content","manual-content-review","pending"
"05-内容生产/内容体系/00-缓冲区/选题装配/2026-06-11_T3 04 第一性原理_装配稿.md","1972","71BE1450D0E8B56A3B607E55326C3AA2C7D47383E988A1437150F487D332368E","1","0","","unique-buffer-content","manual-content-review","pending"
"05-内容生产/内容体系/00-缓冲区/选题装配/2026-06-11_T3 05 认知卸载的危险_装配稿.md","2056","5E0BF4827B081940D77DDE0C6261AA2AF182432C7204CE098D14A0C80D332EDC","1","0","","unique-buffer-content","manual-content-review","pending"
"05-内容生产/内容体系/00-缓冲区/选题装配/2026-06-11_T3 06 信息节食_装配稿.md","1930","FD2E95F60D9FE3F01E9DFD3CDD51107ECCFB93C2D0E5FA434F00E3BABCD37433","1","0","","unique-buffer-content","manual-content-review","pending"
"05-内容生产/内容体系/00-缓冲区/选题装配/2026-06-11_T4 01 8020法则_装配稿.md","1902","AF3D8B847E1140928A97CCB161B57E2F3D1AB909231848B89A1C1051161C59E8","1","0","","unique-buffer-content","manual-content-review","pending"
"05-内容生产/内容体系/00-缓冲区/选题装配/2026-06-11_T4 02 DEAL模型_装配稿.md","1902","36CB097912BF3950EA223F7B02D23F2A446E69A2C1D09063CF273C2B40E1A7BB","1","0","","unique-buffer-content","manual-content-review","pending"
"05-内容生产/内容体系/00-缓冲区/选题装配/2026-06-11_T4 03 最小可行性习惯_装配稿.md","2056","19451EC8F07E1F5801D26CAB63F8003ECB2886A58A79B631EFCD3F22D6650AE8","1","0","","unique-buffer-content","manual-content-review","pending"
"05-内容生产/内容体系/00-缓冲区/选题装配/2026-06-11_T5 01 资产vs负债_装配稿.md","1958","F39FAAB239A8A5B83D5D01C00B2EC05B1DC52515A783FC9BA96407316CE5D16A","1","0","","unique-buffer-content","manual-content-review","pending"
"05-内容生产/内容体系/00-缓冲区/选题装配/2026-06-11_T5 02 复利思维_装配稿.md","1930","D4976653ABDAE516B7C46BB7F57ED2E752DAE4C2F3560CAC23DE8A37C6281EF4","1","0","","unique-buffer-content","manual-content-review","pending"
"05-内容生产/内容体系/00-缓冲区/选题装配/2026-06-11_T5 02 复利哲学_装配稿.md","1930","74CA3973BB31C7FF22B137BA4A754D34B651CAC0B0D0425CE4C108972B589E73","1","0","","unique-buffer-content","manual-content-review","pending"
"05-内容生产/内容体系/00-缓冲区/选题装配/2026-06-11_T5 03 价值投资_装配稿.md","1930","31FE63878F54D016DA52EE6942F062646A5D1C432F8CA236B7D625ECB32FC032","1","0","","unique-buffer-content","manual-content-review","pending"
"05-内容生产/内容体系/00-缓冲区/选题装配/2026-06-11_T5 04 资产定义权_装配稿.md","1972","4C2E3DE714B520228605210BE389ED518BFD07A28AF4240FE77E7C77498FF6CF","1","0","","unique-buffer-content","manual-content-review","pending"
"05-内容生产/内容体系/00-缓冲区/选题装配/2026-06-11_T5 05 被动收入的四种模式_装配稿.md","3307","119D0BD3F2DC6BE5E56EA5D9994D70963B90C8099C001933C25A2A6ABE6852E5","1","0","","unique-buffer-content","manual-content-review","pending"
"05-内容生产/内容体系/00-缓冲区/选题装配/2026-06-11_T6 01 权力的信息论_装配稿.md","2014","390A16D30DCA21075F9C839E193F5841DB788703E416ADCCE4973A7CCCAD59EF","1","0","","unique-buffer-content","manual-content-review","pending"
"05-内容生产/内容体系/00-缓冲区/选题装配/2026-06-11_T6 02 衰退生存_装配稿.md","1930","DD037D8929D2744AC3FB89426C9D2094A5DA6E7BABA4667B58DF2026E6B895D1","1","0","","unique-buffer-content","manual-content-review","pending"
"05-内容生产/内容体系/00-缓冲区/选题装配/2026-06-11_T6 03 大明王朝1566_装配稿.md","1986","1D903BD49034B542055D3B0723E5E1A0089CB75C314D2067D48936D970E38CA1","1","0","","unique-buffer-content","manual-content-review","pending"
"05-内容生产/内容体系/00-缓冲区/选题装配/2026-06-11_T6 04 制度成本的隐性分配_装配稿.md","2140","571FD8B5AE5DDB700659FE43AA7D0FE9EFEA78AF7265D6E13CE49A5CEA9FC62D","1","0","","unique-buffer-content","manual-content-review","pending"
"05-内容生产/内容体系/00-缓冲区/选题装配/2026-06-11_T7 01 依恋理论_装配稿.md","1930","A8B842EB217BB13F69405CD769DB3564EECF7E15F3356AD9CA204980F23C22F8","1","0","","unique-buffer-content","manual-content-review","pending"
"05-内容生产/内容体系/00-缓冲区/选题装配/2026-06-11_T7 02 爱的八次约会_装配稿.md","2014","9282B9C3D07AECAECB96C67BB9E81233CD41FAD701FEABEBB027233A39C2B8E2","1","0","","unique-buffer-content","manual-content-review","pending"
"05-内容生产/内容体系/00-缓冲区/选题装配/2026-06-11_T7 03 爱的五种语言_装配稿.md","2014","B3349FEC65FA6D966AAE24F7E640EE24CE58F2D1D8D0FFC8F8B30DC8D2A53E1C","1","0","","unique-buffer-content","manual-content-review","pending"
"05-内容生产/内容体系/00-缓冲区/选题装配/2026-06-11_T7 04 成年人的友谊退化_装配稿.md","2098","249D099032F578346F7D6AE468494D0AA35E475484E2B391228F136BDBCBD768","1","0","","unique-buffer-content","manual-content-review","pending"
"05-内容生产/内容体系/00-缓冲区/选题装配/2026-06-11_T8 01 流量本质_装配稿.md","1930","2503228CA28CC40B54B810CA1572D848137C7839A9158AEF17045EF2957B1342","1","0","","unique-buffer-content","manual-content-review","pending"
"05-内容生产/内容体系/00-缓冲区/选题装配/2026-06-11_T8 02 一人企业_装配稿.md","1930","17C160DC2F6F2188AC977112F9F6C0E9D81F30DC7B25EEFFBD81FA1B7F1DB924","1","0","","unique-buffer-content","manual-content-review","pending"
"05-内容生产/内容体系/00-缓冲区/选题装配/2026-06-11_T8 03 HKR内容公式_装配稿.md","1972","EAA35C4138738985551CB687E770F56F5AEC026830D56608C2D12733A840DF15","1","0","","unique-buffer-content","manual-content-review","pending"
"05-内容生产/内容体系/00-缓冲区/选题装配/2026-06-11_T8 04 平台依赖症_装配稿.md","1972","011B80D9CAAA08C267EE5F051C5541B2369F8FEFFFE4EA17169008530BC538C1","1","0","","unique-buffer-content","manual-content-review","pending"
"05-内容生产/内容体系/00-缓冲区/选题装配/2026-06-11_T9 01 中医系统论_装配稿.md","1972","71AB3C95457460838D9924E2A64EC4AC5533684594E1524927F7D27B1EFCEE01","1","0","","unique-buffer-content","manual-content-review","pending"
"05-内容生产/内容体系/00-缓冲区/选题装配/2026-06-11_T9 02 气血津液_装配稿.md","1930","6414143F6B461441A55E6DF56A472DC146DFFE855245AA8A1DE92FBC2CB0AE40","1","0","","unique-buffer-content","manual-content-review","pending"
"05-内容生产/内容体系/00-缓冲区/选题装配/2026-06-11_T9 03 中西医的认知鸿沟_装配稿.md","2098","2689A9C5E4DCC418194EDF5BBBA323A7D3E3362DB934CEC702A31F9D6ABF1217","1","0","","unique-buffer-content","manual-content-review","pending"
"05-内容生产/内容体系/00-缓冲区/选题装配/2026-06-11_W89运行系统的人指出：你不是你的系统_装配稿.md","2138","CAA9C5F2ADBEFCE1969D91B4E691CB30E54C7018BE87E7EDBC476A4964BD1D50","1","0","","unique-buffer-content","manual-content-review","pending"
