"file","sha256","bytes","reason","deleted_at"
"05-内容生产/内容体系/00-缓冲区/选题装配/2026-06-11_100篇 = 10次 10篇周期 的迭代_装配稿.md","E19C3F086D3B5F1F22442737FC657608983BF2C69986F87AEC6C7452A2EDF5FB","1898","generated assembly; broken source-unit links; placeholder/template output","2026-07-15"
"05-内容生产/内容体系/00-缓冲区/选题装配/2026-06-11_14天实验框架：Day1-3基线记录不改变只记录当前状态_装配稿.md","022EF6E127B9BF155E4DE600A9E06744F4315CFA692FE8530D13BEC25D0B5997","2410","generated assembly; broken source-unit links; placeholder/template output","2026-07-15"
"05-内容生产/内容体系/00-缓冲区/选题装配/2026-06-11_2024年是我人生最灰暗的一年_装配稿.md","C3E5CB3118BE172711B387C98FFFFF0A100562B65AE5E2C0AA2D8654B4691363","2334","generated assembly; broken source-unit links; placeholder/template output","2026-07-15"
"05-内容生产/内容体系/00-缓冲区/选题装配/2026-06-11_31-60篇(跃升期)：质量开始明显上升_装配稿.md","41EA3132B062520698113A2C99009E38C64702B88B198407E90907D252F44E16","2568","generated assembly; broken source-unit links; placeholder/template output","2026-07-15"
"05-内容生产/内容体系/00-缓冲区/选题装配/2026-06-11_把每篇文章看作一个数字资产(WLH-003)_装配稿.md","CE2B08B572A441CC3E9230546F27CEC373C709A81493E1E851D5149A3A69DCBB","3465","generated assembly; broken source-unit links; placeholder/template output","2026-07-15"
"05-内容生产/内容体系/00-缓冲区/选题装配/2026-06-11_本文全部核心论点均来自DBS内容系统的已抽取内容单元_装配稿.md","5F791CCFD1BCF79D2F9E58D934D9E1F5AF8C54C2E0028E580AC58715BF71A691","2597","generated assembly; broken source-unit links; placeholder/template output","2026-07-15"
"05-内容生产/内容体系/00-缓冲区/选题装配/2026-06-11_补充分析 2026-06-11_装配稿.md","599AEE8976C3B93830F848A1AD985F6F7CD3235CC3D7EB8FD63565B04B806BFE","2521","generated assembly; broken source-unit links; placeholder/template output","2026-07-15"
"05-内容生产/内容体系/00-缓冲区/选题装配/2026-06-11_操作层1：把 应该 换成 值得_装配稿.md","B227F67BA82A1D13864A799EFC6B5FB008355A69C2E4120D1253E20B30E8FEFB","1925","generated assembly; broken source-unit links; placeholder/template output","2026-07-15"
"05-内容生产/内容体系/00-缓冲区/选题装配/2026-06-11_操作层2：把 100%执行 换成 维持链条_装配稿.md","C8D139776B04A8EF355A2A594A31749B79CDA2441DF5D131D9F321842F932D8C","2121","generated assembly; broken source-unit links; placeholder/template output","2026-07-15"
"05-内容生产/内容体系/00-缓冲区/选题装配/2026-06-11_操作层3：把 结果导向 换成 身份导向_装配稿.md","A95D0786E38818E752BCFEDDA83F248791419CE5719CBBD183C6A0AAFA03D08B","2117","generated assembly; broken source-unit links; placeholder/template output","2026-07-15"
"05-内容生产/内容体系/00-缓冲区/选题装配/2026-06-11_常见误用：课题分离≠冷漠_装配稿.md","774B65D3D80D91252E2533B889182C15A8DF3ED2E9E8FCD8CBAEC0843750182B","2126","generated assembly; broken source-unit links; placeholder/template output","2026-07-15"
"05-内容生产/内容体系/00-缓冲区/选题装配/2026-06-11_但 大多数人都在用 不等于 这个框架是对的_装配稿.md","A16C48B635FC2BCC0DDD15A93ED711D4A8DBB48038F8D0907D5F0410A50BEBB8","3148","generated assembly; broken source-unit links; placeholder/template output","2026-07-15"
"05-内容生产/内容体系/00-缓冲区/选题装配/2026-06-11_第1层(环境防御)：W73环境暴政的直接应用_装配稿.md","C1C15114E8D9B32DC07D7F3AF38E174BDB9D908FFA9A49725D2D5C7CBE2E7251","2446","generated assembly; broken source-unit links; placeholder/template output","2026-07-15"
"05-内容生产/内容体系/00-缓冲区/选题装配/2026-06-11_第2层(时间防御)：每天固定2-3小时的 深度工作块_装配稿.md","C2981B10FCD99824EA546B99FB8A0AC93F146E1847AFC7C3C52E24FB46A00E56","2352","generated assembly; broken source-unit links; placeholder/template output","2026-07-15"
"05-内容生产/内容体系/00-缓冲区/选题装配/2026-06-11_惦记税 是什么_装配稿.md","922FE23A6030DD2EEA2B32D481010042F690E3E544BF310D580A59DE4A7F64F2","2300","generated assembly; broken source-unit links; placeholder/template output","2026-07-15"
"05-内容生产/内容体系/00-缓冲区/选题装配/2026-06-11_工具2 目的论（Teleology）_装配稿.md","3A4E7DC750E9CD9C735F82B9688354A93CDCDF01A508EA9C7785599FB6419BAD","2135","generated assembly; broken source-unit links; placeholder/template output","2026-07-15"
"05-内容生产/内容体系/00-缓冲区/选题装配/2026-06-11_公众号100篇：每篇2000-5000字深度长文_装配稿.md","C6C4892F6F0B925504096B68C1E4FD0C2A5E6AB458E8E1FDA9F057A01380D989","2090","generated assembly; broken source-unit links; placeholder/template output","2026-07-15"
"05-内容生产/内容体系/00-缓冲区/选题装配/2026-06-11_恢复策略：中断后的第一篇——不要补前面的，直接写今天的_装配稿.md","9BB735C9796056476FEC1650E8D53040DE7BF28F6D26AC4B66DAA8FF8DF68880","2593","generated assembly; broken source-unit links; placeholder/template output","2026-07-15"
"05-内容生产/内容体系/00-缓冲区/选题装配/2026-06-11_级别2：社交茧房_装配稿.md","23663D4A8BE6D524A3DEFE2DD13600C13BB0618089FA1936E7FFA45B51F1727A","2133","generated assembly; broken source-unit links; placeholder/template output","2026-07-15"
"05-内容生产/内容体系/00-缓冲区/选题装配/2026-06-11_级别3：认知茧房_装配稿.md","294C2E2486565500D1C4C6D2D003B1D805BE8DF3A4F40278EAE87C63575C2FC1","2296","generated assembly; broken source-unit links; placeholder/template output","2026-07-15"
"05-内容生产/内容体系/00-缓冲区/选题装配/2026-06-11_建造者1：算法推荐系统_装配稿.md","44370119BE08608F00F81692C379533F7E7C0148DF1A1651372E039CFB9EC624","2238","generated assembly; broken source-unit links; placeholder/template output","2026-07-15"
"05-内容生产/内容体系/00-缓冲区/选题装配/2026-06-11_建造者2：你自己的认知Bug_装配稿.md","7906F80651D0C1D645551D5C6C42DC08E2E6B4854E4545314B24938721C93528","1948","generated assembly; broken source-unit links; placeholder/template output","2026-07-15"
"05-内容生产/内容体系/00-缓冲区/选题装配/2026-06-11_建造者3：信息不对称的系统性强化_装配稿.md","443699D4EDF08E1BBA1AFBCC5B1B5085045C13F718010653E3FAC825FE27C73B","2073","generated assembly; broken source-unit links; placeholder/template output","2026-07-15"
"05-内容生产/内容体系/00-缓冲区/选题装配/2026-06-11_具体区分：当你在比较中感到自卑时，你的第一反应是什么_装配稿.md","019C73A62CBBD56433A972CA2B8DE565D5571078399B08C785672870A02E5597","2558","generated assembly; broken source-unit links; placeholder/template output","2026-07-15"
"05-内容生产/内容体系/00-缓冲区/选题装配/2026-06-11_那段时间，每天靠健身抵抗抑郁_装配稿.md","675CF093EA0F2635E91374D90B8034DEE3DEF831162ACB30D98FB51578E24A62","2324","generated assembly; broken source-unit links; placeholder/template output","2026-07-15"
"05-内容生产/内容体系/00-缓冲区/选题装配/2026-06-11_内在负荷：任务本身固有的复杂度_装配稿.md","6869A469B9FC7D4C2936E976B2697C0021ADBE092A7B1DD72A133959CC13A8FB","2042","generated assembly; broken source-unit links; placeholder/template output","2026-07-15"
"05-内容生产/内容体系/00-缓冲区/选题装配/2026-06-11_你每天损失的不是5分钟——是3.3小时的深度注意力_装配稿.md","91EB64F86B3CA95D738E290E445DED0ABB3CFF2C39A8C30D1AB269205F5DD94D","2394","generated assembly; broken source-unit links; placeholder/template output","2026-07-15"
"05-内容生产/内容体系/00-缓冲区/选题装配/2026-06-11_然后——这3件事必须在上午完成_装配稿.md","79BE2169831E5465061C95FD8E5861A1719EF8036690034B1CC1BB9147C3E3A0","2010","generated assembly; broken source-unit links; placeholder/template output","2026-07-15"
"05-内容生产/内容体系/00-缓冲区/选题装配/2026-06-11_如果你的答案是 不愿意 ——明天不要增加忙碌_装配稿.md","9E60FF7EEB22ACA77EA0BF6CB3B6C877E6D2D1AAFAF28DD7AEDBF63B56CDD6B5","2326","generated assembly; broken source-unit links; placeholder/template output","2026-07-15"
"05-内容生产/内容体系/00-缓冲区/选题装配/2026-06-11_三个要素不需要均等_装配稿.md","8C602200C97DE6A8344C1EF34A79B0BD7CEC5433DFB5CDA4C1E7E0615D072229","1784","generated assembly; broken source-unit links; placeholder/template output","2026-07-15"
"05-内容生产/内容体系/00-缓冲区/选题装配/2026-06-11_外在负荷：任务呈现方式带来的额外负担_装配稿.md","D27F16A31A99917E6C18E5FB3C4831E85A444B971CF8DDB1E1EE9E91C7A6370E","2186","generated assembly; broken source-unit links; placeholder/template output","2026-07-15"
"05-内容生产/内容体系/00-缓冲区/选题装配/2026-06-11_为什么这一步对你很关键：你的110篇文章在本地_装配稿.md","1065CDBA9FBA4361B0B8D025CF53FD7023007BEED71991044A7F6C6636D922E9","2219","generated assembly; broken source-unit links; placeholder/template output","2026-07-15"
"05-内容生产/内容体系/00-缓冲区/选题装配/2026-06-11_用户用0.5秒决定是否点开你的内容_装配稿.md","B9BE172E1A0F7F1E333A21B89367FDA4C80FAA34E1BB9C71999E3C52AB00A3BD","2153","generated assembly; broken source-unit links; placeholder/template output","2026-07-15"
"05-内容生产/内容体系/00-缓冲区/选题装配/2026-06-11_有信息量：AI可以给你任何已知的信息_装配稿.md","1564F43EDDE0FC5E561C554A35B9B6CE651EF20FA1FD5914D6DECEAE16FD49FF","2219","generated assembly; broken source-unit links; placeholder/template output","2026-07-15"
"05-内容生产/内容体系/00-缓冲区/选题装配/2026-06-11_这不仅是理论分歧——这是世界观的分水岭_装配稿.md","11448BE96C28B1D20927D46B8AE04D8A946F17430B597B7BB874A9FA97D6AC5F","2234","generated assembly; broken source-unit links; placeholder/template output","2026-07-15"
"05-内容生产/内容体系/00-缓冲区/选题装配/2026-06-11_C1 1 多巴胺基线崩塌与修复_装配稿.md","8500CDB81DFCA297DCBDB210AEE74F75CB8AFAE0B9AD77AA741798FA1D33F6EB","2168","generated assembly; broken source-unit links; placeholder/template output","2026-07-15"
"05-内容生产/内容体系/00-缓冲区/选题装配/2026-06-11_C1 2 饮食决策框架_装配稿.md","DD324261F4ADF124BAE62D973B387D6FA971C25155C497F9500C7DE06769365E","2000","generated assembly; broken source-unit links; placeholder/template output","2026-07-15"
"05-内容生产/内容体系/00-缓冲区/选题装配/2026-06-11_C1 3 昼夜节律重建_装配稿.md","B7ADCD5D518A065B90FEC54B7FC288C1D65EAAA2441C71D8BA2888709E354182","2000","generated assembly; broken source-unit links; placeholder/template output","2026-07-15"
"05-内容生产/内容体系/00-缓冲区/选题装配/2026-06-11_C1 4 成瘾不是意志力问题_装配稿.md","A060573282E1C29E9005D7F4193635F5DD91DC451BB130ECF55348058A35A478","2126","generated assembly; broken source-unit links; placeholder/template output","2026-07-15"
"05-内容生产/内容体系/00-缓冲区/选题装配/2026-06-11_C1 5 睡眠不是休息_装配稿.md","F443483F35778EC6BF406E1EE89991E6AE9EE0BC369CC25E3DE85B4FABA63B6D","2000","generated assembly; broken source-unit links; placeholder/template output","2026-07-15"
"05-内容生产/内容体系/00-缓冲区/选题装配/2026-06-11_C2 1 先避毁灭再求收益_装配稿.md","F501AE128E6807EDA77BC7B2C4C77CD0133D2A2A87D98BCFDE61611F909A5DE9","2084","generated assembly; broken source-unit links; placeholder/template output","2026-07-15"
"05-内容生产/内容体系/00-缓冲区/选题装配/2026-06-11_C2 2 认知负债陷阱_装配稿.md","1B6A269239F43BCA97F126CA658EDAD0BB571E14A54A96163C603982580FF89E","2000","generated assembly; broken source-unit links; placeholder/template output","2026-07-15"
"05-内容生产/内容体系/00-缓冲区/选题装配/2026-06-11_C2 3 六格复盘_装配稿.md","3A38B500CE60A817CF4B7685811EEAB41D1C18D5B88BD03DD8BB527E97510802","1916","generated assembly; broken source-unit links; placeholder/template output","2026-07-15"
"05-内容生产/内容体系/00-缓冲区/选题装配/2026-06-11_C2 4 认知目标函数_装配稿.md","F2C72E3ED27FC352977886CDA45A52058B091B5C91014E34316F15DD2E655BEE","2000","generated assembly; broken source-unit links; placeholder/template output","2026-07-15"
"05-内容生产/内容体系/00-缓冲区/选题装配/2026-06-11_C2 5 游戏不是敌人_装配稿.md","D6FFB05DC0D9FBC20D8E9F4331F844EC57DC6B94179C0E5665E0568C722DA066","2000","generated assembly; broken source-unit links; placeholder/template output","2026-07-15"
"05-内容生产/内容体系/00-缓冲区/选题装配/2026-06-11_C3 1 资产还是负债_装配稿.md","1B4FFEF73D11317BDCFB6AB03974BA71AFF89C290D967BDFFB336611B6015580","2000","generated assembly; broken source-unit links; placeholder/template output","2026-07-15"
"05-内容生产/内容体系/00-缓冲区/选题装配/2026-06-11_C3 2 杠铃策略_装配稿.md","26B4CB791172C21CA7CB15DA8E1FB8BBBB66E20B74553F0013E8C9452156E467","1916","generated assembly; broken source-unit links; placeholder/template output","2026-07-15"
"05-内容生产/内容体系/00-缓冲区/选题装配/2026-06-11_C3 3 一人企业模型_装配稿.md","A85862D6FE769598C94E9B6F9EA49CB1A4935953479C06D526EF436B9EAAEBC9","2000","generated assembly; broken source-unit links; placeholder/template output","2026-07-15"
"05-内容生产/内容体系/00-缓冲区/选题装配/2026-06-11_C3 4 复利不是数学公式_装配稿.md","AEEF0E3BE3FE170DB53AF11142824B3C8E56718A1ECDBB153FBF62FBF2FB9B37","2084","generated assembly; broken source-unit links; placeholder/template output","2026-07-15"
"05-内容生产/内容体系/00-缓冲区/选题装配/2026-06-11_C3 5 交易的唯一正确目标_装配稿.md","06D57AA1A0904687D9E52FE426B709CAD8531AEB5CFFE17642FFFB2F46E752CA","2126","generated assembly; broken source-unit links; placeholder/template output","2026-07-15"
"05-内容生产/内容体系/00-缓冲区/选题装配/2026-06-11_C4 1 三位一体创作_装配稿.md","7DCFF801674F607595D8CBB65687FF5D1D4D7BB2A54AEAC6B9325264D8318716","2000","generated assembly; broken source-unit links; placeholder/template output","2026-07-15"
"05-内容生产/内容体系/00-缓冲区/选题装配/2026-06-11_C4 2 平台策略_装配稿.md","3E769F38770139AB388B4E398A1EDD376BAEF3C1A54B678B4FA1A7E3E7121282","1916","generated assembly; broken source-unit links; placeholder/template output","2026-07-15"
"05-内容生产/内容体系/00-缓冲区/选题装配/2026-06-11_C4 3 内容产品化_装配稿.md","399491F3283D1446ECC42CE8DE66C21DED0B42CC514E5C68D89648D90AD60A7A","1958","generated assembly; broken source-unit links; placeholder/template output","2026-07-15"
"05-内容生产/内容体系/00-缓冲区/选题装配/2026-06-11_C4 4 注意力是第一资产_装配稿.md","B9446C7C8616F27E4936A72E5187797A0948BBD0C84AE6633B9029F23987D73E","2084","generated assembly; broken source-unit links; placeholder/template output","2026-07-15"
"05-内容生产/内容体系/00-缓冲区/选题装配/2026-06-11_C4 5 发布不是终点_装配稿.md","DC523E8993F47EFF5C5F834094E06B544A6F648927BB1E416E66F86DE4F45D85","2000","generated assembly; broken source-unit links; placeholder/template output","2026-07-15"
"05-内容生产/内容体系/00-缓冲区/选题装配/2026-06-11_C5 1 反依赖_装配稿.md","5BC849C4E8255762511E391D1F3CA644BAE6E0528764F6BA406AF49B1E6A9321","1874","generated assembly; broken source-unit links; placeholder/template output","2026-07-15"
"05-内容生产/内容体系/00-缓冲区/选题装配/2026-06-11_C5 2 形象管理_装配稿.md","CC882E9965932D14AAC45EF89995DB0EAE41A44917515A61A3725A5084362BBA","1916","generated assembly; broken source-unit links; placeholder/template output","2026-07-15"
"05-内容生产/内容体系/00-缓冲区/选题装配/2026-06-11_C5 3 代际错位_装配稿.md","9FAE39F6800056C53C61AA3F2E0406A3EF54E3BFD20C9E1B2C324096618C03BF","1916","generated assembly; broken source-unit links; placeholder/template output","2026-07-15"
"05-内容生产/内容体系/00-缓冲区/选题装配/2026-06-11_C5 4 形象不是虚伪_装配稿.md","189A48A29C3B313A4771F66AA987EB057DCED906E0413145874C4FBADAD836FA","2000","generated assembly; broken source-unit links; placeholder/template output","2026-07-15"
"05-内容生产/内容体系/00-缓冲区/选题装配/2026-06-11_C5 5 代际错位即杠杆_装配稿.md","0450F59EE730D8CC74C6022A505F5EE0CADF302F8A38F9016CE936BA6AE0890B","2042","generated assembly; broken source-unit links; placeholder/template output","2026-07-15"
"05-内容生产/内容体系/00-缓冲区/选题装配/2026-06-11_C6 1 负循环破解_装配稿.md","9B6A267E54D8215889879A337B37739BCC212906EAD97E015704106E4DAF0706","1958","generated assembly; broken source-unit links; placeholder/template output","2026-07-15"
"05-内容生产/内容体系/00-缓冲区/选题装配/2026-06-11_C6 2 P0单一主线_装配稿.md","ECF1B6267C04B43A93CD67819305CF4635BEA47DF9FC40A0674BABDC31451AA7","1944","generated assembly; broken source-unit links; placeholder/template output","2026-07-15"
"05-内容生产/内容体系/00-缓冲区/选题装配/2026-06-11_C6 3 14天实验SOP_装配稿.md","2310C36D013E301E72AF3ED25B6B8EC71E0CFAED08CE092AD6B9AFC65D686CA9","1944","generated assembly; broken source-unit links; placeholder/template output","2026-07-15"
"05-内容生产/内容体系/00-缓冲区/选题装配/2026-06-11_C6 4 最小可行性系统_装配稿.md","6363CA39A4DC5E60A98B4C31849263074D1C8ED8A3E275152A4E447D5AF905B8","2042","generated assembly; broken source-unit links; placeholder/template output","2026-07-15"
"05-内容生产/内容体系/00-缓冲区/选题装配/2026-06-11_C6 5 环境的暴政_装配稿.md","90E50D0F2214BD3DC48F6A604135352639F90B060D4772798FB8B76FF86CDD2D","1958","generated assembly; broken source-unit links; placeholder/template output","2026-07-15"
"05-内容生产/内容体系/00-缓冲区/选题装配/2026-06-11_C7 1 第一性原理_装配稿.md","5985097A768200619D93C8B3162066BBC3AD467970455074D290368E331D50F2","1958","generated assembly; broken source-unit links; placeholder/template output","2026-07-15"
"05-内容生产/内容体系/00-缓冲区/选题装配/2026-06-11_C7 2 芒格格栅_装配稿.md","AC488C8637891E4A07AD0F28CB0551CBA57EF82E822F5D20F8A4B789F32F6E83","1916","generated assembly; broken source-unit links; placeholder/template output","2026-07-15"
"05-内容生产/内容体系/00-缓冲区/选题装配/2026-06-11_C7 3 反脆弱_装配稿.md","A69A1FD1A72111E2A45C9B0E79F7BA0D2003FD40BA60077DF92DEB8F8F564BE3","2981","generated assembly; broken source-unit links; placeholder/template output","2026-07-15"
"05-内容生产/内容体系/00-缓冲区/选题装配/2026-06-11_C7 4 反共识不是叛逆_装配稿.md","D9F7F2173CE6645701294A69F1DD616A7AD6797D15461FC09E525C4B97044B80","2042","generated assembly; broken source-unit links; placeholder/template output","2026-07-15"
"05-内容生产/内容体系/00-缓冲区/选题装配/2026-06-11_C7 5 系统大于目标_装配稿.md","2B40152D0141375AFBD974AB1F8DE2B413A621042C1F3E1556231CB40D2995EE","2000","generated assembly; broken source-unit links; placeholder/template output","2026-07-15"
"05-内容生产/内容体系/00-缓冲区/选题装配/2026-06-11_CH01 meta abilities_装配稿.md","88428D9253B1284026E4E16B803AA9988F75F944F43A8237293255F8655EC5A3","1944","generated assembly; broken source-unit links; placeholder/template output","2026-07-15"
"05-内容生产/内容体系/00-缓冲区/选题装配/2026-06-11_CH03 physical health_装配稿.md","313B94612A98292DBD41B8FE69C5889D12ECD046F95920666F025D456F402C64","1958","generated assembly; broken source-unit links; placeholder/template output","2026-07-15"
"05-内容生产/内容体系/00-缓冲区/选题装配/2026-06-11_CH04 wealth business_装配稿.md","5CF17DA9853A8AE99B49C975D20EB6D93ABB26951DEF24CD5736F441C261F8D5","1958","generated assembly; broken source-unit links; placeholder/template output","2026-07-15"
"05-内容生产/内容体系/00-缓冲区/选题装配/2026-06-11_CH07 problem solving_装配稿.md","9191E85C094EBEE7E88FA30C847E811DB5DD73EBCD55E27FEEC7E5D01D4A48EF","1958","generated assembly; broken source-unit links; placeholder/template output","2026-07-15"
"05-内容生产/内容体系/00-缓冲区/选题装配/2026-06-11_D01 AI时代独立思考的价值_装配稿.md","8E2EB49CE2883F07F9067B71C545503C838DBAC2E2895B658A9D907D9AE5CE2A","2140","generated assembly; broken source-unit links; placeholder/template output","2026-07-15"
"05-内容生产/内容体系/00-缓冲区/选题装配/2026-06-11_D02 资产vs负债_装配稿.md","E71244CB4C51116E19FBA44B8DA7ED61959F97D862BE6A0DD1E7A736D0B57865","1930","generated assembly; broken source-unit links; placeholder/template output","2026-07-15"
"05-内容生产/内容体系/00-缓冲区/选题装配/2026-06-11_D03 多巴胺天平_装配稿.md","D0710AB4F71AB8921FA006B4609A58DCF078AF6DC9159306DAEE6C621F1A6906","1944","generated assembly; broken source-unit links; placeholder/template output","2026-07-15"
"05-内容生产/内容体系/00-缓冲区/选题装配/2026-06-11_D05 认知Bug防御_装配稿.md","69DB5A8CACC4959E88856F451A607F42F0892E6046E9BF9DEFC712E2E9FFEABA","1944","generated assembly; broken source-unit links; placeholder/template output","2026-07-15"
"05-内容生产/内容体系/00-缓冲区/选题装配/2026-06-11_D07 最小可行性习惯_装配稿.md","886133BD3225D50C60EE8153191F0D09A791ED688B4BF0E713FBF0C57ECDAE1B","2028","generated assembly; broken source-unit links; placeholder/template output","2026-07-15"
"05-内容生产/内容体系/00-缓冲区/选题装配/2026-06-11_D08 复利曲线_装配稿.md","C40F11C399B6A63DDEF8F84483328D77193DD8246EBF3CF9DF0FA49DF198DCD0","1902","generated assembly; broken source-unit links; placeholder/template output","2026-07-15"
"05-内容生产/内容体系/00-缓冲区/选题装配/2026-06-11_D09 内容创作四根命脉_装配稿.md","6F2B3747C888EC162238AC217BA0876247547015AD8CCC8AA7923F573DAA99D3","2070","generated assembly; broken source-unit links; placeholder/template output","2026-07-15"
"05-内容生产/内容体系/00-缓冲区/选题装配/2026-06-11_D100 内容产品化_装配稿.md","17E47CBAD1A4FEF43933D97BE4EF0106CC661CAF58C8E33DE769A04B1EEA7A01","1958","generated assembly; broken source-unit links; placeholder/template output","2026-07-15"
"05-内容生产/内容体系/00-缓冲区/选题装配/2026-06-11_D101 发布不是终点_装配稿.md","6B860C2152C243B9286BC3B84B441A8BE61C3699A0F4B161AB5D4118DCB88D91","2000","generated assembly; broken source-unit links; placeholder/template output","2026-07-15"
"05-内容生产/内容体系/00-缓冲区/选题装配/2026-06-11_D102 环境的暴政_装配稿.md","735D854F57C43BDCC2DBDDC3A658CB3174BE3C7FA76354158E3969BDBAA97F6A","1958","generated assembly; broken source-unit links; placeholder/template output","2026-07-15"
"05-内容生产/内容体系/00-缓冲区/选题装配/2026-06-11_D103 饮食决策框架_装配稿.md","7EC3AD0A74F229D770B79310E1BA47868B3DC64F27039EA33E9A4F28851D09A0","2000","generated assembly; broken source-unit links; placeholder/template output","2026-07-15"
"05-内容生产/内容体系/00-缓冲区/选题装配/2026-06-11_D104 昼夜节律重建_装配稿.md","874CC1A5C7DCBF2634F9F8DDFF586F4929F1F15BCF9C3555F6EEB098030C126E","2000","generated assembly; broken source-unit links; placeholder/template output","2026-07-15"
"05-内容生产/内容体系/00-缓冲区/选题装配/2026-06-11_D105 成瘾不是意志力问题_装配稿.md","C1C02CFA4112FA110C5AC45753F0363631F08D39CC381ACC307EB0D27E18151B","2126","generated assembly; broken source-unit links; placeholder/template output","2026-07-15"
"05-内容生产/内容体系/00-缓冲区/选题装配/2026-06-11_D106 睡眠不是休息_装配稿.md","0372C0A282B359B3FB2E8EB6077D7099F72A1C8260EC2F7B6CBFE73B1BFF2267","2000","generated assembly; broken source-unit links; placeholder/template output","2026-07-15"
"05-内容生产/内容体系/00-缓冲区/选题装配/2026-06-11_D107 认知目标函数_装配稿.md","F3703C93E35A1D98DE856CEF50D7A7F58060E9BCD409CC59CDA367DB34860E3F","2000","generated assembly; broken source-unit links; placeholder/template output","2026-07-15"
"05-内容生产/内容体系/00-缓冲区/选题装配/2026-06-11_D108 形象不是虚伪_装配稿.md","6F4B75FF23FD90E8BDC1CBE3F9244EA4745AD0A562379E24C1F932188A85C1FA","2000","generated assembly; broken source-unit links; placeholder/template output","2026-07-15"
"05-内容生产/内容体系/00-缓冲区/选题装配/2026-06-11_D109 代际错位即杠杆_装配稿.md","B96BA9FF08C8F6901C0E5E2BACE2E0A5BEDEA38B6853BA0D4716D242CB3E0703","2042","generated assembly; broken source-unit links; placeholder/template output","2026-07-15"
"05-内容生产/内容体系/00-缓冲区/选题装配/2026-06-11_D11 共同想象与权力_装配稿.md","2B9E7B5F78099536BE854DA4B689965E099748964F507A62482518C8743A30D1","2028","generated assembly; broken source-unit links; placeholder/template output","2026-07-15"
"05-内容生产/内容体系/00-缓冲区/选题装配/2026-06-11_D110 多巴胺基线崩塌与修复_装配稿.md","ABF750A1D307A6E995E3B1F32236B4F57AFF2931016B5A623AD358B61FF9E227","2168","generated assembly; broken source-unit links; placeholder/template output","2026-07-15"
"05-内容生产/内容体系/00-缓冲区/选题装配/2026-06-11_D12 三重大脑的真相_装配稿.md","A5A6BA2551D07C281CA1FB998274956F5A8EDC9AA5F4CC3A1C3D7ED551B5C4A3","2028","generated assembly; broken source-unit links; placeholder/template output","2026-07-15"
"05-内容生产/内容体系/00-缓冲区/选题装配/2026-06-11_D13 依恋模式_装配稿.md","E9A9A999F4EF1B7361F9FF60B364B97CA0B6EF9271B0D24FFCB456D882C11FA1","1902","generated assembly; broken source-unit links; placeholder/template output","2026-07-15"
"05-内容生产/内容体系/00-缓冲区/选题装配/2026-06-11_D14 第一性原理深钻_装配稿.md","BA993CCA71CB47D9AA62541EF64F5C247645CF1E153222FEE11F8122B91C3C80","2028","generated assembly; broken source-unit links; placeholder/template output","2026-07-15"
"05-内容生产/内容体系/00-缓冲区/选题装配/2026-06-11_D16 22岁试错期权_装配稿.md","FF57895DD1EC289FCC6DC0B567827F4F211BA54D0069B0BFBB1EA60233502D07","1972","generated assembly; broken source-unit links; placeholder/template output","2026-07-15"
"05-内容生产/内容体系/00-缓冲区/选题装配/2026-06-11_D17 信息转化率_装配稿.md","6709029C4C811750C573C5EDB4F5A2C05F98E95F459E5A19647FB60AF1D619A2","1944","generated assembly; broken source-unit links; placeholder/template output","2026-07-15"
"05-内容生产/内容体系/00-缓冲区/选题装配/2026-06-11_D18 知道验证的鸿沟_装配稿.md","C1AED0A6D8078A781736892EDA2848653093B24A2BC06935AFC44B63063269A1","2028","generated assembly; broken source-unit links; placeholder/template output","2026-07-15"
"05-内容生产/内容体系/00-缓冲区/选题装配/2026-06-11_D19 环境暴政_装配稿.md","31271977A8DCC35F2AF0DFF7E754A3002149F138E09EF2D1B366D3FF98157DE3","1902","generated assembly; broken source-unit links; placeholder/template output","2026-07-15"
"05-内容生产/内容体系/00-缓冲区/选题装配/2026-06-11_D20 连续天数_装配稿.md","229EC452E77EB86ACAE163D3A951BE329F2A0DDDF4E23DA795C8F790E49A8257","1902","generated assembly; broken source-unit links; placeholder/template output","2026-07-15"
"05-内容生产/内容体系/00-缓冲区/选题装配/2026-06-11_D21 形象杠杆_装配稿.md","F4643EF9B34DD317D89C09EDB3C8AFE871C5B4BCACF5F0C83D15D1BA3C2E443E","1902","generated assembly; broken source-unit links; placeholder/template output","2026-07-15"
"05-内容生产/内容体系/00-缓冲区/选题装配/2026-06-11_D22 拖延的三种类型_装配稿.md","25888402658781AA34F37A17951B734C99BA7C3D9757211CF9DC402A262C779C","2028","generated assembly; broken source-unit links; placeholder/template output","2026-07-15"
"05-内容生产/内容体系/00-缓冲区/选题装配/2026-06-11_D23 情绪是数据_装配稿.md","F1012AD01815DE73A9A98AC3E2146D105F85AD44D92B70187D4A59CA917E4E9A","1944","generated assembly; broken source-unit links; placeholder/template output","2026-07-15"
"05-内容生产/内容体系/00-缓冲区/选题装配/2026-06-11_D24 反脆弱未来_装配稿.md","0C075DC82D317936FC2EE6545E9EAFB83BD32BD12D035D63FF3D350FFF7B1DA6","3001","generated assembly; broken source-unit links; placeholder/template output","2026-07-15"
"05-内容生产/内容体系/00-缓冲区/选题装配/2026-06-11_D26 焦虑公式_装配稿.md","FF9B40D26F240150D53EF373CB6D90E65527C6871F32DC15011E1B4EACB49864","1902","generated assembly; broken source-unit links; placeholder/template output","2026-07-15"
"05-内容生产/内容体系/00-缓冲区/选题装配/2026-06-11_D27 元认知训练_装配稿.md","64C2B5011E2B2F62D5B14F713976490CBF315A0D5E04BDEA384DA2A38D4A7BD6","1944","generated assembly; broken source-unit links; placeholder/template output","2026-07-15"
"05-内容生产/内容体系/00-缓冲区/选题装配/2026-06-11_D28 注意力管理_装配稿.md","94E1242B53AEDE92E29620B638759FA0D6676B79BE893ECC3CE19801D4117CD6","1944","generated assembly; broken source-unit links; placeholder/template output","2026-07-15"
"05-内容生产/内容体系/00-缓冲区/选题装配/2026-06-11_D29 依恋可改变_装配稿.md","3721DE93234E1F4E708439D0C1D85A7A0EF355D4D845729C0FA755AAEAFDFA4E","1944","generated assembly; broken source-unit links; placeholder/template output","2026-07-15"
"05-内容生产/内容体系/00-缓冲区/选题装配/2026-06-11_D30 历史的教训_装配稿.md","2E0474AE5754C058FB7487274916EDDA67E606752F7321C5793E64B83EBDDFE5","1944","generated assembly; broken source-unit links; placeholder/template output","2026-07-15"
"05-内容生产/内容体系/00-缓冲区/选题装配/2026-06-11_D32 延迟满足_装配稿.md","B451E03044F479945CFFADC622F4A1D3EEA0BBCB4BBF80A5FA2B960F65E3C588","1902","generated assembly; broken source-unit links; placeholder/template output","2026-07-15"
"05-内容生产/内容体系/00-缓冲区/选题装配/2026-06-11_D33 社交媒体税_装配稿.md","F0E9B0F12AC3C41DEDFED3E4594B8E4E94C5E6D50C9B041847416B3B34C4B5A6","1944","generated assembly; broken source-unit links; placeholder/template output","2026-07-15"
"05-内容生产/内容体系/00-缓冲区/选题装配/2026-06-11_D34 知识转化率_装配稿.md","3CEC2D22C34B04FFE632E77266780F621A2F58F32C1911A8C36772D0E76507A3","1944","generated assembly; broken source-unit links; placeholder/template output","2026-07-15"
"05-内容生产/内容体系/00-缓冲区/选题装配/2026-06-11_D35 环境设计_装配稿.md","F59F1A42BD98CCD7603E417239829FFDBE6A3074A1120B13BEA1EC3A427DE234","1902","generated assembly; broken source-unit links; placeholder/template output","2026-07-15"
"05-内容生产/内容体系/00-缓冲区/选题装配/2026-06-11_D36 个人IP本质_装配稿.md","E9221B9614D1758B0EF3A1BACEA7D6C30ED8B04491B56D03AE66A8BFDBA0143A","1930","generated assembly; broken source-unit links; placeholder/template output","2026-07-15"
"05-内容生产/内容体系/00-缓冲区/选题装配/2026-06-11_D37 创作系统进化_装配稿.md","69E7E7D99F5E6ABFFF6C55239D28701DB53CC016F1E07470AA8539E373A2CFF5","1986","generated assembly; broken source-unit links; placeholder/template output","2026-07-15"
"05-内容生产/内容体系/00-缓冲区/选题装配/2026-06-11_D38 深度工作_装配稿.md","51434192FC5C4CBF4AD65CDE0E2C5C6F01B2D01F4F6C96249C5A9E4AA079B078","1902","generated assembly; broken source-unit links; placeholder/template output","2026-07-15"
"05-内容生产/内容体系/00-缓冲区/选题装配/2026-06-11_D39 决策质量_装配稿.md","81E84440DCE85393089918FDD978BD2430722E070E8F28BBD86510DAF2DA4F9B","1902","generated assembly; broken source-unit links; placeholder/template output","2026-07-15"
"05-内容生产/内容体系/00-缓冲区/选题装配/2026-06-11_D40 终身学习_装配稿.md","F770F5508D63F7DB1DE8005122DAE14E79351D5B952A6073D26CDF58933ACC45","1902","generated assembly; broken source-unit links; placeholder/template output","2026-07-15"
"05-内容生产/内容体系/00-缓冲区/选题装配/2026-06-11_D41 概念解剖_装配稿.md","46348D9B82EA27F4AC1F1FCB2077C3AF5EAAE9F927E2881039B4E3017F02FCA4","1902","generated assembly; broken source-unit links; placeholder/template output","2026-07-15"
"05-内容生产/内容体系/00-缓冲区/选题装配/2026-06-11_D42 写作与思考_装配稿.md","7D32D88A887F1797A62330C905AEDAA8B550AFCD53927D1C8FACAB27A5F257F0","1944","generated assembly; broken source-unit links; placeholder/template output","2026-07-15"
"05-内容生产/内容体系/00-缓冲区/选题装配/2026-06-11_D43 数字极简_装配稿.md","F7229BDB3BFD0FAC387B33225F8B38511374F61C2E20026833E81218FEA94B08","1902","generated assembly; broken source-unit links; placeholder/template output","2026-07-15"
"05-内容生产/内容体系/00-缓冲区/选题装配/2026-06-11_D44 复利暗面_装配稿.md","3C241C36EC2F9E691F59F6F761BA1DAB4631E08589C3B974B84477185F18B247","1902","generated assembly; broken source-unit links; placeholder/template output","2026-07-15"
"05-内容生产/内容体系/00-缓冲区/选题装配/2026-06-11_D45 关系权力_装配稿.md","F6C60ED889338710472597315FBD02D4CFA998F54341A8F9943CE0C168B57746","1902","generated assembly; broken source-unit links; placeholder/template output","2026-07-15"
"05-内容生产/内容体系/00-缓冲区/选题装配/2026-06-11_D46 创作者经济学_装配稿.md","694EC9ECC57CD38047240108BBA954D9CC6DB0CD8A5C451C4143F11CA104CB50","1986","generated assembly; broken source-unit links; placeholder/template output","2026-07-15"
"05-内容生产/内容体系/00-缓冲区/选题装配/2026-06-11_D47 睡眠与认知_装配稿.md","8515D0039A03AA99320801043A53E968F23376C73319BDB62DAAFABD25C09058","1944","generated assembly; broken source-unit links; placeholder/template output","2026-07-15"
"05-内容生产/内容体系/00-缓冲区/选题装配/2026-06-11_D48 失败的科学_装配稿.md","F0DA9A9CB09B4137CEDF4ACF2FDCBFD3C55F85A4E05399FD4ECB7D5A9F9FD59F","1944","generated assembly; broken source-unit links; placeholder/template output","2026-07-15"
"05-内容生产/内容体系/00-缓冲区/选题装配/2026-06-11_D49 知识管理vs应用_装配稿.md","DF780BF3DF4FF13278B7C0D4DD74BC855A6A99802E0B49AE4502964620177F92","2014","generated assembly; broken source-unit links; placeholder/template output","2026-07-15"
"05-内容生产/内容体系/00-缓冲区/选题装配/2026-06-11_D50 个人系统升级_装配稿.md","F3DFD656B655D2CB8324664467E5B986A36015FE5E18CC6FC5DA82972B4FE1E9","1986","generated assembly; broken source-unit links; placeholder/template output","2026-07-15"
"05-内容生产/内容体系/00-缓冲区/选题装配/2026-06-11_D51 阅人术_装配稿.md","4BACA780887DF914E5B9609A5061904B4FE832DF881B84F0F7F54C184EE286BB","1860","generated assembly; broken source-unit links; placeholder/template output","2026-07-15"
"05-内容生产/内容体系/00-缓冲区/选题装配/2026-06-11_D52 谈判框架_装配稿.md","B04DF5C68A24D74108C32097686F5FA008AC68AF20F31D6D4917DC50D93B9572","1902","generated assembly; broken source-unit links; placeholder/template output","2026-07-15"
"05-内容生产/内容体系/00-缓冲区/选题装配/2026-06-11_D53 独处价值_装配稿.md","ADCDB4892671ABBBCFE725EB7591B36E9DF302B1AEE2B3477A12C16B5402EABF","1902","generated assembly; broken source-unit links; placeholder/template output","2026-07-15"
"05-内容生产/内容体系/00-缓冲区/选题装配/2026-06-11_D54 阅读方法论_装配稿.md","643138C8ED8F6635DCD1395873677B68BF55FBCC2C3BC9300C70462FDD7FD30A","1944","generated assembly; broken source-unit links; placeholder/template output","2026-07-15"
"05-内容生产/内容体系/00-缓冲区/选题装配/2026-06-11_D55 身体与思维_装配稿.md","1CF920E83A08B803AB54FA6D7394BA0946191B0F8024CB836229FADED30CF95C","1944","generated assembly; broken source-unit links; placeholder/template output","2026-07-15"
"05-内容生产/内容体系/00-缓冲区/选题装配/2026-06-11_D56 运气与努力_装配稿.md","A623067F341B16FAC09D7B156A2E13B8A56E78460131875E20FA29356999A2F1","1944","generated assembly; broken source-unit links; placeholder/template output","2026-07-15"
"05-内容生产/内容体系/00-缓冲区/选题装配/2026-06-11_D57 影响力原理_装配稿.md","CBE54BA6D44B045965FB5D5BE3A1FB4FE873536A45053D8AC60BBCBDEA79CB42","1944","generated assembly; broken source-unit links; placeholder/template output","2026-07-15"
"05-内容生产/内容体系/00-缓冲区/选题装配/2026-06-11_D58 提问的艺术_装配稿.md","0672BCA72D7257F4509CEDCF48572461DC3C367ADC57C532BAF57AA924791C6B","1944","generated assembly; broken source-unit links; placeholder/template output","2026-07-15"
"05-内容生产/内容体系/00-缓冲区/选题装配/2026-06-11_D59 自我叙事_装配稿.md","71E0CA45AADE571B06523B4B0A81EE08B9275D58DA893203F41CB8823F41036E","1902","generated assembly; broken source-unit links; placeholder/template output","2026-07-15"
"05-内容生产/内容体系/00-缓冲区/选题装配/2026-06-11_D60 从0到1_装配稿.md","5FA12E597C42BF80F71CAD90650672098DA27B1B7C4DE086928D2786C145365E","1846","generated assembly; broken source-unit links; placeholder/template output","2026-07-15"
"05-内容生产/内容体系/00-缓冲区/选题装配/2026-06-11_D61 选择悖论_装配稿.md","F6AD0319F840538989E5B5EDD970FA630D907E88DD75E45F3AC2D32451F568AF","1902","generated assembly; broken source-unit links; placeholder/template output","2026-07-15"
"05-内容生产/内容体系/00-缓冲区/选题装配/2026-06-11_D62 完美主义_装配稿.md","D682E3DA15C043AF5EC2152CC24414230007F7D65759D0A1EBB8E2A9E3BB7E6A","1902","generated assembly; broken source-unit links; placeholder/template output","2026-07-15"
"05-内容生产/内容体系/00-缓冲区/选题装配/2026-06-11_D63 习惯神经科学_装配稿.md","607AC458D99F545C03572E18431635D57092CE810F465438056FF75759CC6166","1986","generated assembly; broken source-unit links; placeholder/template output","2026-07-15"
"05-内容生产/内容体系/00-缓冲区/选题装配/2026-06-11_D64 导师与自学_装配稿.md","944F979C3F21D21B084EC5690FABEBE9318ADD3BB403FD43BBF7F3E3D15D6B7F","1944","generated assembly; broken source-unit links; placeholder/template output","2026-07-15"
"05-内容生产/内容体系/00-缓冲区/选题装配/2026-06-11_D65 金钱心理学_装配稿.md","EE98006735CF3433160F79E9969DC86E32BB11D628966C32714CF3BF06F3EC99","1944","generated assembly; broken source-unit links; placeholder/template output","2026-07-15"
"05-内容生产/内容体系/00-缓冲区/选题装配/2026-06-11_D66 熵与秩序_装配稿.md","733D8CB9F8DF6CFA6BB826D7C38F287A094755FA2586CE29950E45D429B26BF9","1902","generated assembly; broken source-unit links; placeholder/template output","2026-07-15"
"05-内容生产/内容体系/00-缓冲区/选题装配/2026-06-11_D67 FOMO与JOMO_装配稿.md","7DBC958CFD5A8ACC4C5098267EF566FA3973D2D4BB7ADA834503ED1454D992A7","1888","generated assembly; broken source-unit links; placeholder/template output","2026-07-15"
"05-内容生产/内容体系/00-缓冲区/选题装配/2026-06-11_D68 边界设定_装配稿.md","AC263EC35C8C84A5B4157851EFBE7D0FE4B13877666C75E656259DBD015CA010","1902","generated assembly; broken source-unit links; placeholder/template output","2026-07-15"
"05-内容生产/内容体系/00-缓冲区/选题装配/2026-06-11_D69 创造力的日常_装配稿.md","D05D7C85306AF9B62DD01D397A2F8BDC23544C9ACE2D4063A67D40C4330A1544","1986","generated assembly; broken source-unit links; placeholder/template output","2026-07-15"
"05-内容生产/内容体系/00-缓冲区/选题装配/2026-06-11_D70 脆弱的力量_装配稿.md","94F78FA9C5F3A2C60855929C55F6FF433D40A1DB45EB83EBFC4C059DE0A41C14","1944","generated assembly; broken source-unit links; placeholder/template output","2026-07-15"
"05-内容生产/内容体系/00-缓冲区/选题装配/2026-06-11_D71 时间的感知_装配稿.md","995489218D6FEF999AEF972C545C7B1EDB6FEF3E8712919F1848F94E06A70C98","1944","generated assembly; broken source-unit links; placeholder/template output","2026-07-15"
"05-内容生产/内容体系/00-缓冲区/选题装配/2026-06-11_D72 社交资本_装配稿.md","2890103A660964A5DC5BDB9C83E376569D7958F3B3DE5205458DDEB8E140537F","1902","generated assembly; broken source-unit links; placeholder/template output","2026-07-15"
"05-内容生产/内容体系/00-缓冲区/选题装配/2026-06-11_D73 身份与标签_装配稿.md","7888E4E63C4A75EDD1540CB3A7F6B981010E08659871ABAD104ACB5244895255","1944","generated assembly; broken source-unit links; placeholder/template output","2026-07-15"
"05-内容生产/内容体系/00-缓冲区/选题装配/2026-06-11_D74 反馈的勇气_装配稿.md","D39B88FF658FB90C962468AD303E755632DA200AAAD1B0D3C612A34A21D0FA34","1944","generated assembly; broken source-unit links; placeholder/template output","2026-07-15"
"05-内容生产/内容体系/00-缓冲区/选题装配/2026-06-11_D75 输出驱动学习_装配稿.md","491E910239CCB5B70B707ABCD56A328D80148301809BE25473C97203743CB66C","1986","generated assembly; broken source-unit links; placeholder/template output","2026-07-15"
"05-内容生产/内容体系/00-缓冲区/选题装配/2026-06-11_D77 动机的科学_装配稿.md","128E1F133CE744017F4B5EF56CFB551258056061B43A4D903E32784E6C74045A","1944","generated assembly; broken source-unit links; placeholder/template output","2026-07-15"
"05-内容生产/内容体系/00-缓冲区/选题装配/2026-06-11_D78 感恩的科学_装配稿.md","CB1DEBB195D2132FA1EA723034459AF0B8EA6E3549AF5734A7AEF52BD857396C","1944","generated assembly; broken source-unit links; placeholder/template output","2026-07-15"
"05-内容生产/内容体系/00-缓冲区/选题装配/2026-06-11_D79 故事的力量_装配稿.md","E5C5A25C9254F888219859396BF9CDFAA48624861824B5250DC8A4F8CF9F46FE","1944","generated assembly; broken source-unit links; placeholder/template output","2026-07-15"
"05-内容生产/内容体系/00-缓冲区/选题装配/2026-06-11_D80 反依赖与亲密恐惧_装配稿.md","642F42622642D240671AD5471D050E1D98080459E9E3C95F051C505F4092C8DC","2070","generated assembly; broken source-unit links; placeholder/template output","2026-07-15"
"05-内容生产/内容体系/00-缓冲区/选题装配/2026-06-11_D81 形象管理ROI科学_装配稿.md","7A63AFA155D8BF8469E0DDCF30A2E0E363D59C478D7607DB66989627E467CEE7","2028","generated assembly; broken source-unit links; placeholder/template output","2026-07-15"
"05-内容生产/内容体系/00-缓冲区/选题装配/2026-06-11_D82 代际错位_装配稿.md","827900ECCBDA789F528C5C0465363AF45484E36BD5A230EC82D8A0D898F2EFD7","1902","generated assembly; broken source-unit links; placeholder/template output","2026-07-15"
"05-内容生产/内容体系/00-缓冲区/选题装配/2026-06-11_D83 负循环破解_装配稿.md","A9FFEB4248502F63B3EAF1A6B22EE8C4C6E76CCB3EAA33389A96B4C48DE68E30","1944","generated assembly; broken source-unit links; placeholder/template output","2026-07-15"
"05-内容生产/内容体系/00-缓冲区/选题装配/2026-06-11_D84 P0单一主线_装配稿.md","24F00C29726FA7F6039028819EA87ADCD08B9F00B1FFB6B4AF7834FA538752D0","1930","generated assembly; broken source-unit links; placeholder/template output","2026-07-15"
"05-内容生产/内容体系/00-缓冲区/选题装配/2026-06-11_D85 14天实验SOP_装配稿.md","9559AA9C7B2371695B7F6DFBCDF89D7F964F5E80E229310EE534ABA4D1F54C58","1930","generated assembly; broken source-unit links; placeholder/template output","2026-07-15"
"05-内容生产/内容体系/00-缓冲区/选题装配/2026-06-11_D86 最小可行性系统_装配稿.md","130731D2E06AC2EAE36FACBB11259489DC9C2D047AD755D7D5F2529A74F1AB81","2028","generated assembly; broken source-unit links; placeholder/template output","2026-07-15"
"05-内容生产/内容体系/00-缓冲区/选题装配/2026-06-11_D87 芒格格栅_装配稿.md","64740896C9C2292129E7E4880C1C3A8221CF1C7726C258FECEBACAE85F4130C2","1902","generated assembly; broken source-unit links; placeholder/template output","2026-07-15"
"05-内容生产/内容体系/00-缓冲区/选题装配/2026-06-11_D88 系统大于目标_装配稿.md","D5FE24169C7ADA83E5CEDCFFD73F169017F3B0CCEC324BB331E23B32DE208E17","1986","generated assembly; broken source-unit links; placeholder/template output","2026-07-15"
"05-内容生产/内容体系/00-缓冲区/选题装配/2026-06-11_D89 反共识不是叛逆_装配稿.md","67A5F43F434AE03A35532731CA9782C65FDC6F91A1A25827C655BECF8E34E31A","2028","generated assembly; broken source-unit links; placeholder/template output","2026-07-15"
"05-内容生产/内容体系/00-缓冲区/选题装配/2026-06-11_D90 反脆弱进阶_装配稿.md","1B3C93E74EE3E576FF81A815643A5A38C586B83B9316426AE73A3F3D9BBB78C2","3001","generated assembly; broken source-unit links; placeholder/template output","2026-07-15"
"05-内容生产/内容体系/00-缓冲区/选题装配/2026-06-11_D91 一人企业AI杠杆_装配稿.md","E51FECBFD0074DA33387A15F662045E10F73CCF9E4BB7B3CE07DB2A2F6B617C7","2014","generated assembly; broken source-unit links; placeholder/template output","2026-07-15"
"05-内容生产/内容体系/00-缓冲区/选题装配/2026-06-11_D92 杠铃策略_装配稿.md","A2D543F0880BD2860D710DFFEFD5C3C33CB5EBABA5D9B6293969CE3FD87017C0","1902","generated assembly; broken source-unit links; placeholder/template output","2026-07-15"
"05-内容生产/内容体系/00-缓冲区/选题装配/2026-06-11_D93 交易的正确目标_装配稿.md","2DDAC902988416B332791F5B96EF4DFB83B7A2F356358C09F88C407F4094065A","2028","generated assembly; broken source-unit links; placeholder/template output","2026-07-15"
"05-内容生产/内容体系/00-缓冲区/选题装配/2026-06-11_D94 游戏不是敌人_装配稿.md","AF1D4C4596EFC2D7B773AA8CF91EF1CAE1CE295C2EAD189CB4FDD0B80EE78A3A","1986","generated assembly; broken source-unit links; placeholder/template output","2026-07-15"
"05-内容生产/内容体系/00-缓冲区/选题装配/2026-06-11_D95 三位一体创作_装配稿.md","117F70257AEE9E0507AA016CF8F2EDBA15D254E0D724C0B3E93B216E390DF90D","1986","generated assembly; broken source-unit links; placeholder/template output","2026-07-15"
"05-内容生产/内容体系/00-缓冲区/选题装配/2026-06-11_D96 平台策略_装配稿.md","3BE84CB23C4358C96F089C379773BA42F03621EC7DE76EFAEFCE1FE3F8A5B386","1902","generated assembly; broken source-unit links; placeholder/template output","2026-07-15"
"05-内容生产/内容体系/00-缓冲区/选题装配/2026-06-11_D97 先避毁灭再求收益_装配稿.md","A559FFC552799BC04A7448963DB87FC0100E1C11B8838DD85FC4AA548FCB3DBD","2070","generated assembly; broken source-unit links; placeholder/template output","2026-07-15"
"05-内容生产/内容体系/00-缓冲区/选题装配/2026-06-11_D98 认知负债陷阱_装配稿.md","921883B114D5FC03AF7324AE1C466B925285143056FFFB5C729897ED1A326D89","1986","generated assembly; broken source-unit links; placeholder/template output","2026-07-15"
"05-内容生产/内容体系/00-缓冲区/选题装配/2026-06-11_D99 六格复盘_装配稿.md","A37CB881047728CBDAFB4434A72B2B6AA311E5B93EA3AE9E250040854D9FB865","1902","generated assembly; broken source-unit links; placeholder/template output","2026-07-15"
"05-内容生产/内容体系/00-缓冲区/选题装配/2026-06-11_DBS ACTION BARRIERS_装配稿.md","F3782FD864FF5F1004020DFDB53015D79C0A20596B778C0609B94FE03551A57A","1944","generated assembly; broken source-unit links; placeholder/template output","2026-07-15"
"05-内容生产/内容体系/00-缓冲区/选题装配/2026-06-11_DBS CONTENT FULL DIAGNOSIS_装配稿.md","FC871D6552CE301570807075FAE817C234CEBB50013DBA11D1D13029BE23C930","2042","generated assembly; broken source-unit links; placeholder/template output","2026-07-15"
"05-内容生产/内容体系/00-缓冲区/选题装配/2026-06-11_DBS DECISION MATRIX_装配稿.md","1D3B9E718C894D48085B4D8933F7574CEB696345A023434CFF3A000071800D1E","1944","generated assembly; broken source-unit links; placeholder/template output","2026-07-15"
"05-内容生产/内容体系/00-缓冲区/选题装配/2026-06-11_DBS DEEP ANALYSIS 2026 06 11_装配稿.md","AC07A6A9958CACFB9C601BEA5DB3267557DD92072D2EFDE55D8FB0511D99C6AF","2070","generated assembly; broken source-unit links; placeholder/template output","2026-07-15"
"05-内容生产/内容体系/00-缓冲区/选题装配/2026-06-11_DBS DIAGNOSIS MONETIZATION_装配稿.md","C275A3274E681D9D96D2607B2B0ED3384CA4119FF481D69A4B05D5EB13808301","2042","generated assembly; broken source-unit links; placeholder/template output","2026-07-15"
"05-内容生产/内容体系/00-缓冲区/选题装配/2026-06-11_DBS GOAL AUDIT_装配稿.md","C2F3CB94F8A51090B3EB48F6BFB0B195BB0B09E76074E8F58DCB4BCE2E6F19E0","1874","generated assembly; broken source-unit links; placeholder/template output","2026-07-15"
"05-内容生产/内容体系/00-缓冲区/选题装配/2026-06-11_DBS REPORT COMPREHENSIVE_装配稿.md","C768DBC72D8472C845FD93AD8CA315EE1F1F39F3ECC09FD127A85FAB4F040073","2014","generated assembly; broken source-unit links; placeholder/template output","2026-07-15"
"05-内容生产/内容体系/00-缓冲区/选题装配/2026-06-11_DBS SKILL PATTERNS DEEP DIVE_装配稿.md","7241CB0CEB37F996D15BC3696E478DE2258763D16B1395E1281ECEBF6C0E8B94","2070","generated assembly; broken source-unit links; placeholder/template output","2026-07-15"
"05-内容生产/内容体系/00-缓冲区/选题装配/2026-06-11_EIGHT CHAPTERS_装配稿.md","8C634B900CD0E1D428669A2BE08A4D76EAD4F620BFBC6F004E1719697004D7A9","1874","generated assembly; broken source-unit links; placeholder/template output","2026-07-15"
"05-内容生产/内容体系/00-缓冲区/选题装配/2026-06-11_EPILOGUE_装配稿.md","2CFEB8D7F0B0EE2389616E8E6C984131188C9E6729D9ACACB4FD41AA835A1E56","1790","generated assembly; broken source-unit links; placeholder/template output","2026-07-15"
"05-内容生产/内容体系/00-缓冲区/选题装配/2026-06-11_n 你不是在 管理时间 ，而是你是在 保卫注意力_装配稿.md","1736FB4C1E6EEFB92ECBDB15D62EEB25787DB4796D50E5801894EE2C60A7A959","2354","generated assembly; broken source-unit links; placeholder/template output","2026-07-15"
"05-内容生产/内容体系/00-缓冲区/选题装配/2026-06-11_PREFACE_装配稿.md","70C81E59B6CB56B9D96D70DF93934CC5716EAA7C4328123ED0A2CA60EF47B1B9","1776","generated assembly; broken source-unit links; placeholder/template output","2026-07-15"
"05-内容生产/内容体系/00-缓冲区/选题装配/2026-06-11_REPAIR REPORT_装配稿.md","3560B08EAD50E2C9413887DDCBE40142A20FBED54F34A14951DC5053F5B8D40F","1860","generated assembly; broken source-unit links; placeholder/template output","2026-07-15"
"05-内容生产/内容体系/00-缓冲区/选题装配/2026-06-11_T1 01 多巴胺本质_装配稿.md","0EFD4CDAB087F04BC8EBC9E924D34188EA8F3EAF73E7FE22A28B4A621FE0C94E","1972","generated assembly; broken source-unit links; placeholder/template output","2026-07-15"
"05-内容生产/内容体系/00-缓冲区/选题装配/2026-06-11_T1 01 多巴胺不是快乐分子_装配稿.md","B0E9E6B04A157703179347356A70804A605130D291DEC60FF00BC6F99BD33922","2140","generated assembly; broken source-unit links; placeholder/template output","2026-07-15"
"05-内容生产/内容体系/00-缓冲区/选题装配/2026-06-11_T1 02 成瘾的反面是连接_装配稿.md","AD469BACA9967DCBD3BA32CEE298149F120E1888F0A212136DDB828E90E9D678","2098","generated assembly; broken source-unit links; placeholder/template output","2026-07-15"
"05-内容生产/内容体系/00-缓冲区/选题装配/2026-06-11_T1 03 痛苦天平_装配稿.md","BB489CE0DE3A0955DD6E5BA8348CA43CB013B0C603433A8DA69942F2E013BD56","1930","generated assembly; broken source-unit links; placeholder/template output","2026-07-15"
"05-内容生产/内容体系/00-缓冲区/选题装配/2026-06-11_T10 01 自律即自爱_装配稿.md","C393DED3F00355AA4EF1D82B42CEF783BE8A3F3B5EDECF06C9B326C5D5E8535E","1986","generated assembly; broken source-unit links; placeholder/template output","2026-07-15"
"05-内容生产/内容体系/00-缓冲区/选题装配/2026-06-11_T10 02 反脆弱_装配稿.md","B5B104F722485ED24A5E8447AC730EDAB821964DE4B63AACF1611C6C29A69558","2989","generated assembly; broken source-unit links; placeholder/template output","2026-07-15"
"05-内容生产/内容体系/00-缓冲区/选题装配/2026-06-11_T10 03 复杂系统的问题解决_装配稿.md","E693190565D3036B3CC3EBEB60E4E42F89FAE3CB274A28769A7F241DA125AF74","2154","generated assembly; broken source-unit links; placeholder/template output","2026-07-15"
"05-内容生产/内容体系/00-缓冲区/选题装配/2026-06-11_T2 01 肥胖的真凶是胰岛素_装配稿.md","6B849FA4D5903CF0446402B7F1B6B5E5274F210D07F7B47E195E9DAFB49722FD","2140","generated assembly; broken source-unit links; placeholder/template output","2026-07-15"
"05-内容生产/内容体系/00-缓冲区/选题装配/2026-06-11_T2 01 胰岛素真相_装配稿.md","E7032D35CF67B012E17C493472AAB16102DCA90146FE196CE3E3E2D66878896A","1972","generated assembly; broken source-unit links; placeholder/template output","2026-07-15"
"05-内容生产/内容体系/00-缓冲区/选题装配/2026-06-11_T2 02 代谢灵活性_装配稿.md","3EA33798B0E21C0197B5BB36E97224F3B6FE077E83C333AC29B1F8C3847FBFA1","1972","generated assembly; broken source-unit links; placeholder/template output","2026-07-15"
"05-内容生产/内容体系/00-缓冲区/选题装配/2026-06-11_T2 03 生酮饮食的真相_装配稿.md","F9F9D2EE816D2444108F5643ACB4686ED74402A4860F8B2B401520F509E3CCE4","2056","generated assembly; broken source-unit links; placeholder/template output","2026-07-15"
"05-内容生产/内容体系/00-缓冲区/选题装配/2026-06-11_T3 01 你不是意志力薄弱_装配稿.md","681E865B26D2563904BD6292D8CDC964C26FA56CAACEDF326C25F1A4387EF540","2098","generated assembly; broken source-unit links; placeholder/template output","2026-07-15"
"05-内容生产/内容体系/00-缓冲区/选题装配/2026-06-11_T3 02 焦虑公式_装配稿.md","8CE31862B163B84261007C444CF3E6E0746F5D67020B5997F1B0FC6698519664","1930","generated assembly; broken source-unit links; placeholder/template output","2026-07-15"
"05-内容生产/内容体系/00-缓冲区/选题装配/2026-06-11_T3 02 焦虑数学公式_装配稿.md","B2412C43F71E7A2B9F0DE0450CD8EFC3BB17C6F660B25839BA3F95AF6190094B","2014","generated assembly; broken source-unit links; placeholder/template output","2026-07-15"
"05-内容生产/内容体系/00-缓冲区/选题装配/2026-06-11_T3 03 元认知超能力_装配稿.md","90BE2D45FE59BB47C688111C869AAE9889C75B3C1625B179D32708F5F12AD263","2014","generated assembly; broken source-unit links; placeholder/template output","2026-07-15"
"05-内容生产/内容体系/00-缓冲区/选题装配/2026-06-11_T3 04 第一性原理_装配稿.md","71BE1450D0E8B56A3B607E55326C3AA2C7D47383E988A1437150F487D332368E","1972","generated assembly; broken source-unit links; placeholder/template output","2026-07-15"
"05-内容生产/内容体系/00-缓冲区/选题装配/2026-06-11_T3 05 认知卸载的危险_装配稿.md","5E0BF4827B081940D77DDE0C6261AA2AF182432C7204CE098D14A0C80D332EDC","2056","generated assembly; broken source-unit links; placeholder/template output","2026-07-15"
"05-内容生产/内容体系/00-缓冲区/选题装配/2026-06-11_T3 06 信息节食_装配稿.md","FD2E95F60D9FE3F01E9DFD3CDD51107ECCFB93C2D0E5FA434F00E3BABCD37433","1930","generated assembly; broken source-unit links; placeholder/template output","2026-07-15"
"05-内容生产/内容体系/00-缓冲区/选题装配/2026-06-11_T4 01 8020法则_装配稿.md","AF3D8B847E1140928A97CCB161B57E2F3D1AB909231848B89A1C1051161C59E8","1902","generated assembly; broken source-unit links; placeholder/template output","2026-07-15"
"05-内容生产/内容体系/00-缓冲区/选题装配/2026-06-11_T4 02 DEAL模型_装配稿.md","36CB097912BF3950EA223F7B02D23F2A446E69A2C1D09063CF273C2B40E1A7BB","1902","generated assembly; broken source-unit links; placeholder/template output","2026-07-15"
"05-内容生产/内容体系/00-缓冲区/选题装配/2026-06-11_T4 03 最小可行性习惯_装配稿.md","19451EC8F07E1F5801D26CAB63F8003ECB2886A58A79B631EFCD3F22D6650AE8","2056","generated assembly; broken source-unit links; placeholder/template output","2026-07-15"
"05-内容生产/内容体系/00-缓冲区/选题装配/2026-06-11_T5 01 资产vs负债_装配稿.md","F39FAAB239A8A5B83D5D01C00B2EC05B1DC52515A783FC9BA96407316CE5D16A","1958","generated assembly; broken source-unit links; placeholder/template output","2026-07-15"
"05-内容生产/内容体系/00-缓冲区/选题装配/2026-06-11_T5 02 复利思维_装配稿.md","D4976653ABDAE516B7C46BB7F57ED2E752DAE4C2F3560CAC23DE8A37C6281EF4","1930","generated assembly; broken source-unit links; placeholder/template output","2026-07-15"
"05-内容生产/内容体系/00-缓冲区/选题装配/2026-06-11_T5 02 复利哲学_装配稿.md","74CA3973BB31C7FF22B137BA4A754D34B651CAC0B0D0425CE4C108972B589E73","1930","generated assembly; broken source-unit links; placeholder/template output","2026-07-15"
"05-内容生产/内容体系/00-缓冲区/选题装配/2026-06-11_T5 03 价值投资_装配稿.md","31FE63878F54D016DA52EE6942F062646A5D1C432F8CA236B7D625ECB32FC032","1930","generated assembly; broken source-unit links; placeholder/template output","2026-07-15"
"05-内容生产/内容体系/00-缓冲区/选题装配/2026-06-11_T5 04 资产定义权_装配稿.md","4C2E3DE714B520228605210BE389ED518BFD07A28AF4240FE77E7C77498FF6CF","1972","generated assembly; broken source-unit links; placeholder/template output","2026-07-15"
"05-内容生产/内容体系/00-缓冲区/选题装配/2026-06-11_T5 05 被动收入的四种模式_装配稿.md","119D0BD3F2DC6BE5E56EA5D9994D70963B90C8099C001933C25A2A6ABE6852E5","3307","generated assembly; broken source-unit links; placeholder/template output","2026-07-15"
"05-内容生产/内容体系/00-缓冲区/选题装配/2026-06-11_T6 01 权力的信息论_装配稿.md","390A16D30DCA21075F9C839E193F5841DB788703E416ADCCE4973A7CCCAD59EF","2014","generated assembly; broken source-unit links; placeholder/template output","2026-07-15"
"05-内容生产/内容体系/00-缓冲区/选题装配/2026-06-11_T6 02 衰退生存_装配稿.md","DD037D8929D2744AC3FB89426C9D2094A5DA6E7BABA4667B58DF2026E6B895D1","1930","generated assembly; broken source-unit links; placeholder/template output","2026-07-15"
"05-内容生产/内容体系/00-缓冲区/选题装配/2026-06-11_T6 03 大明王朝1566_装配稿.md","1D903BD49034B542055D3B0723E5E1A0089CB75C314D2067D48936D970E38CA1","1986","generated assembly; broken source-unit links; placeholder/template output","2026-07-15"
"05-内容生产/内容体系/00-缓冲区/选题装配/2026-06-11_T6 04 制度成本的隐性分配_装配稿.md","571FD8B5AE5DDB700659FE43AA7D0FE9EFEA78AF7265D6E13CE49A5CEA9FC62D","2140","generated assembly; broken source-unit links; placeholder/template output","2026-07-15"
"05-内容生产/内容体系/00-缓冲区/选题装配/2026-06-11_T7 01 依恋理论_装配稿.md","A8B842EB217BB13F69405CD769DB3564EECF7E15F3356AD9CA204980F23C22F8","1930","generated assembly; broken source-unit links; placeholder/template output","2026-07-15"
"05-内容生产/内容体系/00-缓冲区/选题装配/2026-06-11_T7 02 爱的八次约会_装配稿.md","9282B9C3D07AECAECB96C67BB9E81233CD41FAD701FEABEBB027233A39C2B8E2","2014","generated assembly; broken source-unit links; placeholder/template output","2026-07-15"
"05-内容生产/内容体系/00-缓冲区/选题装配/2026-06-11_T7 03 爱的五种语言_装配稿.md","B3349FEC65FA6D966AAE24F7E640EE24CE58F2D1D8D0FFC8F8B30DC8D2A53E1C","2014","generated assembly; broken source-unit links; placeholder/template output","2026-07-15"
"05-内容生产/内容体系/00-缓冲区/选题装配/2026-06-11_T7 04 成年人的友谊退化_装配稿.md","249D099032F578346F7D6AE468494D0AA35E475484E2B391228F136BDBCBD768","2098","generated assembly; broken source-unit links; placeholder/template output","2026-07-15"
"05-内容生产/内容体系/00-缓冲区/选题装配/2026-06-11_T8 01 流量本质_装配稿.md","2503228CA28CC40B54B810CA1572D848137C7839A9158AEF17045EF2957B1342","1930","generated assembly; broken source-unit links; placeholder/template output","2026-07-15"
"05-内容生产/内容体系/00-缓冲区/选题装配/2026-06-11_T8 02 一人企业_装配稿.md","17C160DC2F6F2188AC977112F9F6C0E9D81F30DC7B25EEFFBD81FA1B7F1DB924","1930","generated assembly; broken source-unit links; placeholder/template output","2026-07-15"
"05-内容生产/内容体系/00-缓冲区/选题装配/2026-06-11_T8 03 HKR内容公式_装配稿.md","EAA35C4138738985551CB687E770F56F5AEC026830D56608C2D12733A840DF15","1972","generated assembly; broken source-unit links; placeholder/template output","2026-07-15"
"05-内容生产/内容体系/00-缓冲区/选题装配/2026-06-11_T8 04 平台依赖症_装配稿.md","011B80D9CAAA08C267EE5F051C5541B2369F8FEFFFE4EA17169008530BC538C1","1972","generated assembly; broken source-unit links; placeholder/template output","2026-07-15"
"05-内容生产/内容体系/00-缓冲区/选题装配/2026-06-11_T9 01 中医系统论_装配稿.md","71AB3C95457460838D9924E2A64EC4AC5533684594E1524927F7D27B1EFCEE01","1972","generated assembly; broken source-unit links; placeholder/template output","2026-07-15"
"05-内容生产/内容体系/00-缓冲区/选题装配/2026-06-11_T9 02 气血津液_装配稿.md","6414143F6B461441A55E6DF56A472DC146DFFE855245AA8A1DE92FBC2CB0AE40","1930","generated assembly; broken source-unit links; placeholder/template output","2026-07-15"
"05-内容生产/内容体系/00-缓冲区/选题装配/2026-06-11_T9 03 中西医的认知鸿沟_装配稿.md","2689A9C5E4DCC418194EDF5BBBA323A7D3E3362DB934CEC702A31F9D6ABF1217","2098","generated assembly; broken source-unit links; placeholder/template output","2026-07-15"
"05-内容生产/内容体系/00-缓冲区/选题装配/2026-06-11_W89运行系统的人指出：你不是你的系统_装配稿.md","CAA9C5F2ADBEFCE1969D91B4E691CB30E54C7018BE87E7EDBC476A4964BD1D50","2138","generated assembly; broken source-unit links; placeholder/template output","2026-07-15"
