"draft","same_name_count","outside_paths","bytes"
"W1_注意力战争_v1_draft.md","0","","10695"
"W10_饮食决策框架_v1.md","0","","5048"
"W10_饮食决策框架_v2_expanded.md","0","","9010"
"W11_一人企业中国版_v1.md","0","","5267"
"W11_一人企业中国版_v2_expanded.md","0","","7240"
"W12_交易系统_v1.md","0","","5195"
"W12_交易系统_v2_expanded.md","0","","6767"
"W13_平台策略_v1.md","0","","3181"
"W13_平台策略_v2_expanded.md","0","","5106"
"W14_终极组装指南_v1.md","0","","5564"
"W15_游戏化人生_v1.md","0","","4938"
"W16_生存蓝图_v1.md","0","","6296"
"W16_生存蓝图_v2_expanded.md","0","","8508"
"W17_习惯设计手册_v1.md","0","","6082"
"W18_读书方法论_v1.md","0","","4086"
"W19_致22岁的自己_v1.md","0","","6143"
"W2_反共识生存手册_v1_draft.md","0","","10565"
"W20_独立生存指南_v1.md","0","","6782"
"W21_致不够好的自己_v1.md","0","","5632"
"W22_复盘方法论_v1.md","0","","5780"
"W23_原生家庭_v1.md","0","","5124"
"W24_你和你爸和你自己_v1.md","0","","7383"
"W25_游戏十年_v1.md","0","","5150"
"W26_三十天_v1.md","0","","6646"
"W27_人生操作系统_v1.md","0","","7921"
"W28_反依赖_v1.md","0","","4889"
"W28_反依赖_v2_expanded.md","0","","8221"
"W29_资产审计_v1.md","0","","4865"
"W29_资产审计_v2_expanded.md","0","","6613"
"W3_完美主义破局_v1_draft.md","0","","9440"
"W3_完美主义破局_v2_expanded.md","0","","12275"
"W30_唯一主线_v1.md","0","","4977"
"W30_唯一主线_v2_expanded.md","0","","6973"
"W31_神经可塑性_v1.md","0","","4483"
"W32_先避毁灭_v1.md","0","","2410"
"W33_那个勾_v1.md","0","","1409"
"W34_永远在场_v1.md","0","","3508"
"W35_二十二岁操作手册_v1.md","0","","2239"
"W4_多巴胺重建_v1_draft.md","0","","8115"
"W4_多巴胺重建_v2_expanded.md","0","","9052"
"W5_杠铃策略_v1_draft.md","0","","7421"
"W5_杠铃策略_v2_expanded.md","0","","9697"
"W6_系统大于目标_v1_draft.md","0","","6459"
"W6_系统大于目标_v2_expanded.md","0","","8456"
"W7_认知武器系统_v1.md","0","","9412"
"W7_认知武器系统_v2_expanded.md","0","","12177"
"W8_执行系统设计手册_v1.md","0","","5782"
"W8_执行系统设计手册_v2_expanded.md","0","","8681"
"W9_关系是镜子_v1.md","0","","5251"
"W9_关系是镜子_v2_expanded.md","0","","8099"
