"file","area","bytes","sha256","internal_exact_count","formal_match_count","formal_matches","placeholder_hits","source_signal","publish_signal","mojibake_hits","classification","recommended_disposition","decision"
"08-媒体与产品/媒体/wechat_2026-06-07/00-缓冲区/_WORK_LOG.md","governance","348","20B992200BC1087EF3005B5717C7460C07A48BB13C5CEB8B43A84401902D4E5C","1","0","","0","False","False","0","manual-review","manual-content-review","pending"
"08-媒体与产品/媒体/wechat_2026-06-07/00-缓冲区/DBS_CONTENT_SYSTEM_AUDIT.md","governance","6719","B69B1103484266EC6981F70DE6536B68557440746E56DC8747A769D5B80D045D","1","0","","0","False","False","0","manual-review","manual-content-review","pending"
"08-媒体与产品/媒体/wechat_2026-06-07/00-缓冲区/DBS_SYSTEM_AUDIT.md","governance","3413","1B626BED5F4FC31D1CCF862B05D24AF99E7C2F2A6A3598652526788DDB969EAC","1","0","","0","False","False","0","manual-review","manual-content-review","pending"
"08-媒体与产品/媒体/wechat_2026-06-07/00-缓冲区/README.md","governance","603","6CA18A5FEFEB3641C1F5516FA95AA7C2CE5D3DE897607C111EE52A69A28A7F6F","1","0","","0","False","False","0","governance-file","keep","keep"
"08-媒体与产品/媒体/wechat_2026-06-07/00-缓冲区/_dbs/_REPAIR_REPORT.md","dbs-process","18308","0C9E16DED8D2837C37F25EDBDC085D49999639DC09523BE1A799A3552EB241F6","1","0","","0","False","False","0","process-output","delete-or-archive-process-output","pending"
"08-媒体与产品/媒体/wechat_2026-06-07/00-缓冲区/_dbs/D01_AI时代独立思考的价值.md","dbs-process","9704","EB7E23E69DC196C5EEE157BB6BEDEF9F3DFBB22412256B7AE3B6550025647CDB","1","0","","0","False","False","0","process-output","delete-or-archive-process-output","pending"
"08-媒体与产品/媒体/wechat_2026-06-07/00-缓冲区/_dbs/D02_资产vs负债.md","dbs-process","8324","7900B3C0793B929FFB09654724C811784964262D4E48B7E5F0DF468A1D409A7A","1","0","","0","False","False","0","process-output","delete-or-archive-process-output","pending"
"08-媒体与产品/媒体/wechat_2026-06-07/00-缓冲区/_dbs/D03_多巴胺天平.md","dbs-process","5785","A01400C70C7DEC54A3807B9E07DD44A5B83E2C64CECBF52B0B3632D2291F7D7B","1","0","","0","False","False","0","process-output","delete-or-archive-process-output","pending"
"08-媒体与产品/媒体/wechat_2026-06-07/00-缓冲区/_dbs/D04_HKR流量公式.md","dbs-process","8730","125182D1B592EBCAC79F0D664D6ED925ECD5B5E03525D09253A30679DF167C67","1","0","","0","False","False","0","process-output","delete-or-archive-process-output","pending"
"08-媒体与产品/媒体/wechat_2026-06-07/00-缓冲区/_dbs/D05_认知Bug防御.md","dbs-process","5988","2677A7AEF0CB675E2F2C200F1EBB7E7654499A465655E48C6A78BDBE68861748","1","0","","0","False","False","0","process-output","delete-or-archive-process-output","pending"
"08-媒体与产品/媒体/wechat_2026-06-07/00-缓冲区/_dbs/D06_100篇定律.md","dbs-process","11035","7AA56FAF1AF5D5A677C186915FFA354CD37E9420317A695152D0DAB42101BFC8","1","0","","0","True","False","0","process-output","delete-or-archive-process-output","pending"
"08-媒体与产品/媒体/wechat_2026-06-07/00-缓冲区/_dbs/D07_最小可行性习惯.md","dbs-process","10817","5F80F07F6D5DCF6EF42382FA51461B2F430EF340142B6B4702902D79AE6B5C0F","1","0","","0","True","False","0","process-output","delete-or-archive-process-output","pending"
"08-媒体与产品/媒体/wechat_2026-06-07/00-缓冲区/_dbs/D08_复利曲线.md","dbs-process","10796","9BF0B6D95C0FE535B10441D32F9B3E8FEA16630B8882ABA77FC1B2B53C0EBD6E","1","0","","0","True","False","0","process-output","delete-or-archive-process-output","pending"
"08-媒体与产品/媒体/wechat_2026-06-07/00-缓冲区/_dbs/D09_内容创作四根命脉.md","dbs-process","10193","618EDB60EEDA1BCE53E0F5B84C2DBAA2169032A74839E3C6BE20F8AFD7A6B21A","1","0","","0","True","False","0","process-output","delete-or-archive-process-output","pending"
"08-媒体与产品/媒体/wechat_2026-06-07/00-缓冲区/_dbs/D10_忙碌逃避.md","dbs-process","10059","A0B78A22ACE47A2EA2288A49B7D1CFD540177ED5CD9A14C1C609CE0A114555FE","1","0","","0","True","False","0","process-output","delete-or-archive-process-output","pending"
"08-媒体与产品/媒体/wechat_2026-06-07/00-缓冲区/_dbs/D100_内容产品化.md","dbs-process","10518","8A5640A4B5CE174586C5103053E3030373F59962B0496CDDB73B66B4B31D30A1","1","0","","0","False","False","0","process-output","delete-or-archive-process-output","pending"
"08-媒体与产品/媒体/wechat_2026-06-07/00-缓冲区/_dbs/D101_发布不是终点.md","dbs-process","9370","0D33F3BC23C48980A6A53DB8EF20BC9B89F27C5D067F19DA996FC9DEF919F119","1","0","","0","False","False","0","process-output","delete-or-archive-process-output","pending"
"08-媒体与产品/媒体/wechat_2026-06-07/00-缓冲区/_dbs/D102_环境的暴政.md","dbs-process","9777","C749C85D739A4BE303D2AA3C0CB9B8E2756E7F1A7A9B8B2E19227090C63F256A","1","0","","0","False","False","0","process-output","delete-or-archive-process-output","pending"
"08-媒体与产品/媒体/wechat_2026-06-07/00-缓冲区/_dbs/D103_饮食决策框架.md","dbs-process","9509","8AD472BFFB8A2BE2C11C6889E57022D5357D7CD39186138BF939B1CCE4EACD2A","1","0","","0","False","False","0","process-output","delete-or-archive-process-output","pending"
"08-媒体与产品/媒体/wechat_2026-06-07/00-缓冲区/_dbs/D104_昼夜节律重建.md","dbs-process","9964","91C6BCC242445B8120C7BF16A953982DBCB0FC1737373ED7DBD7906AAFEC38DB","1","0","","0","False","False","0","process-output","delete-or-archive-process-output","pending"
"08-媒体与产品/媒体/wechat_2026-06-07/00-缓冲区/_dbs/D105_成瘾不是意志力问题.md","dbs-process","9969","D6F96D0754BA148BF0143C215E6D4A7A595DDBC72115B48D3C53CAE7F5E5AF3A","1","0","","0","False","False","0","process-output","delete-or-archive-process-output","pending"
"08-媒体与产品/媒体/wechat_2026-06-07/00-缓冲区/_dbs/D106_睡眠不是休息.md","dbs-process","9827","D1CF959F47D36E5418F1CA70E166128BD5523B50F15FB892F33C9515C65ED8B0","1","0","","0","False","False","0","process-output","delete-or-archive-process-output","pending"
"08-媒体与产品/媒体/wechat_2026-06-07/00-缓冲区/_dbs/D107_认知目标函数.md","dbs-process","9470","FCF859479213770409B8C7BAA79155BC809FB0685087073F43DC6C35BE963CF2","1","0","","0","False","False","0","process-output","delete-or-archive-process-output","pending"
"08-媒体与产品/媒体/wechat_2026-06-07/00-缓冲区/_dbs/D108_形象不是虚伪.md","dbs-process","10199","883CC1C7C154B94289B02DF7E6D77320B96D7CB221C3092BE2194FA07640C4CB","1","0","","0","False","False","0","process-output","delete-or-archive-process-output","pending"
"08-媒体与产品/媒体/wechat_2026-06-07/00-缓冲区/_dbs/D109_代际错位即杠杆.md","dbs-process","9509","C4F14C4318CA0769DD2CB48F39F3A0A3FDACFF6FB806799FA91CE03BACB13349","1","0","","0","False","False","0","process-output","delete-or-archive-process-output","pending"
"08-媒体与产品/媒体/wechat_2026-06-07/00-缓冲区/_dbs/D11_共同想象与权力.md","dbs-process","10255","7916FB70FF378EB8C791895E2021990B37B7AE17202F6DCA9ADCD424C4B18DF9","1","0","","0","True","False","0","process-output","delete-or-archive-process-output","pending"
"08-媒体与产品/媒体/wechat_2026-06-07/00-缓冲区/_dbs/D110_多巴胺基线崩塌与修复.md","dbs-process","9771","6052CBAE298BF4723E5A35974415107872F060C4774881236DCA54D091123B4D","1","0","","0","False","False","0","process-output","delete-or-archive-process-output","pending"
"08-媒体与产品/媒体/wechat_2026-06-07/00-缓冲区/_dbs/D12_三重大脑的真相.md","dbs-process","12017","4681F8B97BF5D1620B3A0DF52BFE212E30842B54F9A88DAFB9749621BC1EB920","1","0","","0","True","False","0","process-output","delete-or-archive-process-output","pending"
"08-媒体与产品/媒体/wechat_2026-06-07/00-缓冲区/_dbs/D13_依恋模式.md","dbs-process","11637","547E6FB36BA8F826DD0383AD2C2C3592E92B1E9DBD6E3C2FA6462904DC73F50B","1","0","","0","True","False","0","process-output","delete-or-archive-process-output","pending"
"08-媒体与产品/媒体/wechat_2026-06-07/00-缓冲区/_dbs/D14_第一性原理深钻.md","dbs-process","11658","0B8F8E345C4390220E028B56E38994821F9B44EB79A9845A5F6B49ACA75944FD","1","0","","0","True","False","0","process-output","delete-or-archive-process-output","pending"
"08-媒体与产品/媒体/wechat_2026-06-07/00-缓冲区/_dbs/D15_注意力第一资产.md","dbs-process","11077","D4C530F02ED72ABBCF6FDB1B5CA2F26AD5D5F97C70E997E73DB803C7076B9F50","1","0","","0","True","False","0","process-output","delete-or-archive-process-output","pending"
"08-媒体与产品/媒体/wechat_2026-06-07/00-缓冲区/_dbs/D16_22岁试错期权_发布版.md","dbs-process","7150","675672FA0AE8CA086E48A465F7BF03F4A159DB54909CD8FEDD6314ECEF2CA3A2","1","0","","0","False","False","0","process-output","delete-or-archive-process-output","pending"
"08-媒体与产品/媒体/wechat_2026-06-07/00-缓冲区/_dbs/D16_22岁试错期权.md","dbs-process","10925","51D791AE5B9E3F1A0455D9BE57512A8332F304FAB45C1579CD2C15FC3C45DD68","1","0","","0","True","False","0","process-output","delete-or-archive-process-output","pending"
"08-媒体与产品/媒体/wechat_2026-06-07/00-缓冲区/_dbs/D17_信息转化率.md","dbs-process","11095","6CFD65283528D3497E25F7D3C5F0556D04FD8D1C97D1D289DDE7D9ABEE59F3C7","1","0","","0","True","False","0","process-output","delete-or-archive-process-output","pending"
"08-媒体与产品/媒体/wechat_2026-06-07/00-缓冲区/_dbs/D18_知道验证的鸿沟.md","dbs-process","10597","32088B368A82A8E9CAA82602548A74748D3BC9C0E40F117885F0B0289871E159","1","0","","0","True","False","0","process-output","delete-or-archive-process-output","pending"
"08-媒体与产品/媒体/wechat_2026-06-07/00-缓冲区/_dbs/D19_环境暴政.md","dbs-process","10843","4451CD36EB706F8B537B4BB6E921AAB27EDF6E83ECA9A1F547CAB3959DDF42D3","1","0","","0","True","False","0","process-output","delete-or-archive-process-output","pending"
"08-媒体与产品/媒体/wechat_2026-06-07/00-缓冲区/_dbs/D20_连续天数.md","dbs-process","9988","AD6F3A55B6E9437BF42DD9FE4C4B34D21531DE5728D8FBD9ADEB54F6D04B4B10","1","0","","0","False","False","0","process-output","delete-or-archive-process-output","pending"
"08-媒体与产品/媒体/wechat_2026-06-07/00-缓冲区/_dbs/D21_形象杠杆.md","dbs-process","9485","5EB93F2E7FAD43017AF788B224BBBBA74723066B44077EA6B6683C4A7E1C5548","1","0","","0","False","False","0","process-output","delete-or-archive-process-output","pending"
"08-媒体与产品/媒体/wechat_2026-06-07/00-缓冲区/_dbs/D22_拖延的三种类型.md","dbs-process","9708","43E2F78308996E12DE1DBD70B072CAFDCCC3ED8EEF85EC1582653CDF3CCF5EE7","1","0","","0","False","False","0","process-output","delete-or-archive-process-output","pending"
"08-媒体与产品/媒体/wechat_2026-06-07/00-缓冲区/_dbs/D23_情绪是数据.md","dbs-process","9899","66DC4D6B12EE4F2DCEBD9E1CD6595ED12C8F248085F1293741D2EE61989E5BED","1","0","","0","False","False","0","process-output","delete-or-archive-process-output","pending"
"08-媒体与产品/媒体/wechat_2026-06-07/00-缓冲区/_dbs/D24_反脆弱未来.md","dbs-process","9872","724301FB1E710BB4AA2908327EAB2167E34A55932947CE24852AD7BA0E45C236","1","0","","0","False","False","0","process-output","delete-or-archive-process-output","pending"
"08-媒体与产品/媒体/wechat_2026-06-07/00-缓冲区/_dbs/D25_自律即自爱.md","dbs-process","9842","5CCFF4350960D7BBE42BD1724CD785CD08C32EE99A430757F0C8AE754D12360B","1","0","","0","False","False","0","process-output","delete-or-archive-process-output","pending"
"08-媒体与产品/媒体/wechat_2026-06-07/00-缓冲区/_dbs/D26_焦虑公式.md","dbs-process","9859","309D765346834BB66F9519E992A6C56BE11AEAE192ABB1EE7866E1A7BC4BDA50","1","0","","0","False","False","0","process-output","delete-or-archive-process-output","pending"
"08-媒体与产品/媒体/wechat_2026-06-07/00-缓冲区/_dbs/D27_元认知训练.md","dbs-process","9786","4AAF9308294BB2EBA42F52CC369432F742BBD399EF6505C9E0866E2A82DD4F39","1","0","","0","False","False","0","process-output","delete-or-archive-process-output","pending"
"08-媒体与产品/媒体/wechat_2026-06-07/00-缓冲区/_dbs/D28_注意力管理.md","dbs-process","9610","779D2F006E21294A7101FCA94ED1CD7F38DE541A8D90B45D51FE1424A0370F0D","1","0","","0","False","False","0","process-output","delete-or-archive-process-output","pending"
"08-媒体与产品/媒体/wechat_2026-06-07/00-缓冲区/_dbs/D29_依恋可改变.md","dbs-process","9703","3E7EF2C2BC5D74BB1FBA2AA65CF5D7CE18E1C1AC3C349F87113767AD16E7BED4","1","0","","0","False","False","0","process-output","delete-or-archive-process-output","pending"
"08-媒体与产品/媒体/wechat_2026-06-07/00-缓冲区/_dbs/D30_历史的教训.md","dbs-process","9533","28FEE9BEA6199C0B727A4784D3DCDC170446584F74EE0562A5925848811824FF","1","0","","0","False","False","0","process-output","delete-or-archive-process-output","pending"
"08-媒体与产品/媒体/wechat_2026-06-07/00-缓冲区/_dbs/D31_信息茧房.md","dbs-process","10087","C4FD0B6DA0E1164096ED9EF8D16250B986E95144BC36E68F0E0C4D4438151546","1","0","","0","False","False","0","process-output","delete-or-archive-process-output","pending"
"08-媒体与产品/媒体/wechat_2026-06-07/00-缓冲区/_dbs/D32_延迟满足.md","dbs-process","9676","20BBC589663B56EF99E6DFFB37A0DF0D1EE0A7A66F00254256B2858AE62319D1","1","0","","0","False","False","0","process-output","delete-or-archive-process-output","pending"
"08-媒体与产品/媒体/wechat_2026-06-07/00-缓冲区/_dbs/D33_社交媒体税.md","dbs-process","9483","9C64E54118EA6E8729CBD41A17817DBB780A7AB48A8BB37B2A09F4E20964A192","1","0","","0","False","False","0","process-output","delete-or-archive-process-output","pending"
"08-媒体与产品/媒体/wechat_2026-06-07/00-缓冲区/_dbs/D34_知识转化率.md","dbs-process","10046","3B27C48E49F1AAD0497F18B7BCA69551D0727B66C65907BFCC1A2A23CF43A729","1","0","","0","False","False","0","process-output","delete-or-archive-process-output","pending"
"08-媒体与产品/媒体/wechat_2026-06-07/00-缓冲区/_dbs/D35_环境设计.md","dbs-process","9297","F28BB8F973B629F4266C87B1A09F2123BB67A6502125AF4D961F66133A3BA610","1","0","","0","False","False","0","process-output","delete-or-archive-process-output","pending"
"08-媒体与产品/媒体/wechat_2026-06-07/00-缓冲区/_dbs/D36_个人IP本质.md","dbs-process","9851","520AAA111643BC828A91BEC2563E8DF08EA8285F0F4B61EC5ABBE9303EEBAE12","1","0","","0","False","False","0","process-output","delete-or-archive-process-output","pending"
"08-媒体与产品/媒体/wechat_2026-06-07/00-缓冲区/_dbs/D37_创作系统进化.md","dbs-process","9603","6507D97A22D9B0B381E7808B57337FDF2A3922B77818D2CCFD7DDDA1E4EDE2B9","1","0","","0","False","False","0","process-output","delete-or-archive-process-output","pending"
"08-媒体与产品/媒体/wechat_2026-06-07/00-缓冲区/_dbs/D38_深度工作.md","dbs-process","9609","7B21A3FA3B9B77C495B0D3E32A72147E995E697809E2416C46587E4B22CD20E2","1","0","","0","False","False","0","process-output","delete-or-archive-process-output","pending"
"08-媒体与产品/媒体/wechat_2026-06-07/00-缓冲区/_dbs/D39_决策质量.md","dbs-process","9846","A7C5952EA94998144086595449ACC3C9BBCF485CE882D5D4118A16E79B9A6BDB","1","0","","0","False","False","0","process-output","delete-or-archive-process-output","pending"
"08-媒体与产品/媒体/wechat_2026-06-07/00-缓冲区/_dbs/D40_终身学习.md","dbs-process","9807","44D88A70D2EFC57620642C5CF591402D1F91FFF4CE2A4D8204B90D7937E58437","1","0","","0","False","False","0","process-output","delete-or-archive-process-output","pending"
"08-媒体与产品/媒体/wechat_2026-06-07/00-缓冲区/_dbs/D41_概念解剖.md","dbs-process","9293","BB0EE51ADA07DFA34C2260AFBF6BBFB59D2C3FEDDD85E9AAAEFDF7218B440D21","1","0","","1","False","False","0","process-output","delete-or-archive-process-output","pending"
"08-媒体与产品/媒体/wechat_2026-06-07/00-缓冲区/_dbs/D42_写作与思考.md","dbs-process","9651","1AFE20FD99EAB0F7FEB537F18346EA545A6D0DBD02777D6CCB889C8FD367D3CF","1","0","","0","False","False","0","process-output","delete-or-archive-process-output","pending"
"08-媒体与产品/媒体/wechat_2026-06-07/00-缓冲区/_dbs/D43_数字极简.md","dbs-process","9547","FEE962BFC6788D9B02F7B6F340F946C68B4DD9B95133F6E580E65749F931D331","1","0","","0","False","False","0","process-output","delete-or-archive-process-output","pending"
"08-媒体与产品/媒体/wechat_2026-06-07/00-缓冲区/_dbs/D44_复利暗面.md","dbs-process","9658","B5922D70B25D89F3B5ADD84308E3DC996B3C74D436AF47F20DC8CD744886552C","1","0","","0","False","False","0","process-output","delete-or-archive-process-output","pending"
"08-媒体与产品/媒体/wechat_2026-06-07/00-缓冲区/_dbs/D45_关系权力.md","dbs-process","9460","393FAAA5B970B26609F43E8DE47F813AD25502E58EB6E6D0DCC7199723BDAD8D","1","0","","0","False","False","0","process-output","delete-or-archive-process-output","pending"
"08-媒体与产品/媒体/wechat_2026-06-07/00-缓冲区/_dbs/D46_创作者经济学.md","dbs-process","9709","595C62AC36D2B45048650B4C047C7D373CBF83637A89151C3ABE47194CF6D71C","1","0","","0","False","False","0","process-output","delete-or-archive-process-output","pending"
"08-媒体与产品/媒体/wechat_2026-06-07/00-缓冲区/_dbs/D47_睡眠与认知.md","dbs-process","9833","3798D006DB267DCF15CA61FE55F3CEFE3B0C8261340C69C65B84E5448383BA45","1","0","","0","False","False","0","process-output","delete-or-archive-process-output","pending"
"08-媒体与产品/媒体/wechat_2026-06-07/00-缓冲区/_dbs/D48_失败的科学.md","dbs-process","9344","5E37EEC1FB19980A8DB47DC71F29AB40BA1737FB07ABAA2987419BEE82972960","1","0","","0","False","False","0","process-output","delete-or-archive-process-output","pending"
"08-媒体与产品/媒体/wechat_2026-06-07/00-缓冲区/_dbs/D49_知识管理vs应用.md","dbs-process","9312","0EA45CB7F5F5448B335F6182D2903BCA3451C54011D145B6B2FACB63AE8F7B8D","1","0","","0","False","False","0","process-output","delete-or-archive-process-output","pending"
"08-媒体与产品/媒体/wechat_2026-06-07/00-缓冲区/_dbs/D50_个人系统升级.md","dbs-process","9616","139EC9F0D7168322A514ECBAB473BED13E30F85F454BB53ABEE0E421BA00A7BD","1","0","","0","False","False","0","process-output","delete-or-archive-process-output","pending"
"08-媒体与产品/媒体/wechat_2026-06-07/00-缓冲区/_dbs/D51_阅人术.md","dbs-process","9139","28DA0B3AB1C4950EC12B27FE585F5B51683453F00246D8B3EBE4CAAAC09F3F34","1","0","","0","False","False","0","process-output","delete-or-archive-process-output","pending"
"08-媒体与产品/媒体/wechat_2026-06-07/00-缓冲区/_dbs/D52_谈判框架.md","dbs-process","7924","D3F986222170D78EFD5B8836D7C1B588D44E53C8E7A3ED1B45FA228B1FB7397A","1","0","","0","False","False","0","process-output","delete-or-archive-process-output","pending"
"08-媒体与产品/媒体/wechat_2026-06-07/00-缓冲区/_dbs/D53_独处价值.md","dbs-process","8446","19006E4A099740FB6E3A31A22F944B562C1218BC04A0634FF9B61616E1F84171","1","0","","0","False","False","0","process-output","delete-or-archive-process-output","pending"
"08-媒体与产品/媒体/wechat_2026-06-07/00-缓冲区/_dbs/D54_阅读方法论.md","dbs-process","6883","787129FBEE513234246F16F70E21DD2BEC30D9E80FEC27D06BD443FC8A809371","1","0","","0","False","False","0","process-output","delete-or-archive-process-output","pending"
"08-媒体与产品/媒体/wechat_2026-06-07/00-缓冲区/_dbs/D55_身体与思维.md","dbs-process","6575","3935B43A04F1BD489ED32F4D30A7A925D54CC5557B7DFBFE005E8DE9368C8613","1","0","","0","False","False","0","process-output","delete-or-archive-process-output","pending"
"08-媒体与产品/媒体/wechat_2026-06-07/00-缓冲区/_dbs/D56_运气与努力.md","dbs-process","6160","BA90B7D3B8A19976492FB696FC0B20B705C49F4E4A5DACECABE5BEEF6DDAD110","1","0","","0","False","False","0","process-output","delete-or-archive-process-output","pending"
"08-媒体与产品/媒体/wechat_2026-06-07/00-缓冲区/_dbs/D57_影响力原理.md","dbs-process","8895","E0D2864C4AB67E5632000F925F4F7D056945052EE2F46124E438ECECBB9BC07B","1","0","","0","False","False","0","process-output","delete-or-archive-process-output","pending"
"08-媒体与产品/媒体/wechat_2026-06-07/00-缓冲区/_dbs/D58_提问的艺术.md","dbs-process","8964","4CC4C1CEC19B2C9F7DCC0A852063E17A60076CF4805C2201FB3267C8A04891F1","1","0","","0","False","False","0","process-output","delete-or-archive-process-output","pending"
"08-媒体与产品/媒体/wechat_2026-06-07/00-缓冲区/_dbs/D59_自我叙事.md","dbs-process","8293","C79A192A57E9F3077229A50463608BCCB672D02C0805137978FB249C6493157B","1","0","","0","False","False","0","process-output","delete-or-archive-process-output","pending"
"08-媒体与产品/媒体/wechat_2026-06-07/00-缓冲区/_dbs/D60_从0到1.md","dbs-process","9023","D0A9EDE66BA4F89C40F39D9884FA8D6AA15437E8AADD429DA7394D4E89637DD0","1","0","","0","False","False","0","process-output","delete-or-archive-process-output","pending"
"08-媒体与产品/媒体/wechat_2026-06-07/00-缓冲区/_dbs/D61_选择悖论.md","dbs-process","8913","6832463B7CA8CA849B7085E8039E73A98202951D2AD340BB2F3582A2978A8D12","1","0","","0","False","False","0","process-output","delete-or-archive-process-output","pending"
"08-媒体与产品/媒体/wechat_2026-06-07/00-缓冲区/_dbs/D62_完美主义.md","dbs-process","6279","557C9586D94B2EFCF350D9216868B789F32CF4BA424CD33E72B3D3320B54793D","1","0","","0","False","False","0","process-output","delete-or-archive-process-output","pending"
"08-媒体与产品/媒体/wechat_2026-06-07/00-缓冲区/_dbs/D63_习惯神经科学.md","dbs-process","6743","EA88718113192D281E709E5068F49ACC85F8B8B6ABCFDE1347E7C316EA8BF9A3","1","0","","0","False","False","0","process-output","delete-or-archive-process-output","pending"
"08-媒体与产品/媒体/wechat_2026-06-07/00-缓冲区/_dbs/D64_导师与自学.md","dbs-process","9152","0FD1647E2D1F7F24286A93B8667DCF5501A4C69D78DA1932D409A57D7B819BB5","1","0","","0","False","False","0","process-output","delete-or-archive-process-output","pending"
"08-媒体与产品/媒体/wechat_2026-06-07/00-缓冲区/_dbs/D65_金钱心理学.md","dbs-process","8333","084D7B8655F5A0296AD438A7DF52B0F0474A02B5DC5318BF11F213104D453FDB","1","0","","0","False","False","0","process-output","delete-or-archive-process-output","pending"
"08-媒体与产品/媒体/wechat_2026-06-07/00-缓冲区/_dbs/D66_熵与秩序.md","dbs-process","6331","7315BF4229DDA16139295AD493C4431191AA5874DAF25A42A802B990CB4D44F1","1","0","","0","False","False","0","process-output","delete-or-archive-process-output","pending"
"08-媒体与产品/媒体/wechat_2026-06-07/00-缓冲区/_dbs/D67_FOMO与JOMO.md","dbs-process","6723","6AE5F90D08E5667CA7915D049C932318B3548187F8378A00A1E07427E5273BA9","1","0","","0","False","False","0","process-output","delete-or-archive-process-output","pending"
"08-媒体与产品/媒体/wechat_2026-06-07/00-缓冲区/_dbs/D68_边界设定.md","dbs-process","7165","DE55A7F098BC00146A4554E74C71A46E51AF7AB0C00F64565075C1562CAED485","1","0","","0","False","False","0","process-output","delete-or-archive-process-output","pending"
"08-媒体与产品/媒体/wechat_2026-06-07/00-缓冲区/_dbs/D69_创造力的日常.md","dbs-process","6937","89656B49530FA80796B16BFBA184733CE11B9146CB7D7911A0164E01865C32BD","1","0","","0","False","False","0","process-output","delete-or-archive-process-output","pending"
"08-媒体与产品/媒体/wechat_2026-06-07/00-缓冲区/_dbs/D70_脆弱的力量.md","dbs-process","6901","E6384A3790D65B59ECDC595454665AB32148D5A2A463D28F172495F68F7608A0","1","0","","0","False","False","0","process-output","delete-or-archive-process-output","pending"
"08-媒体与产品/媒体/wechat_2026-06-07/00-缓冲区/_dbs/D71_时间的感知.md","dbs-process","7208","A4DCD697DFC124BA178E07852D2999B1589DB4B62E08569FA919C1004EB4F947","1","0","","0","False","False","0","process-output","delete-or-archive-process-output","pending"
"08-媒体与产品/媒体/wechat_2026-06-07/00-缓冲区/_dbs/D72_社交资本.md","dbs-process","6692","6DE9E6E867AF6BC38F3DEF6931E37F77CDB652459894C7ABE5BCFBA27B01B5BD","1","0","","0","False","False","0","process-output","delete-or-archive-process-output","pending"
"08-媒体与产品/媒体/wechat_2026-06-07/00-缓冲区/_dbs/D73_身份与标签.md","dbs-process","6996","59FC85AA818C30FE6636193D4D385393532C3673413EF8C8EA68B2525CA59688","1","0","","0","False","False","0","process-output","delete-or-archive-process-output","pending"
"08-媒体与产品/媒体/wechat_2026-06-07/00-缓冲区/_dbs/D74_反馈的勇气.md","dbs-process","6895","96008CB8821B5C6C03D68F2EEC2C95C4FDFBD3FB592B6C7CB9A05F44533EEEC5","1","0","","0","False","False","0","process-output","delete-or-archive-process-output","pending"
"08-媒体与产品/媒体/wechat_2026-06-07/00-缓冲区/_dbs/D75_输出驱动学习.md","dbs-process","8395","F637F2683352A28D4ADC5DBB742190ED2D9B2FE688A591283D7663FBBD97B68D","1","0","","0","False","False","0","process-output","delete-or-archive-process-output","pending"
"08-媒体与产品/媒体/wechat_2026-06-07/00-缓冲区/_dbs/D76_认知卸载.md","dbs-process","9611","E9F67EB4ADA21B04A8EB731959C7F827F588F1EFF5FFC3970C311127E27B8957","1","0","","0","True","False","0","process-output","delete-or-archive-process-output","pending"
"08-媒体与产品/媒体/wechat_2026-06-07/00-缓冲区/_dbs/D77_动机的科学.md","dbs-process","6712","D862DF453C11D5B694D8D76374A1D5400AA139FC71353060113A47D510585408","1","0","","0","False","False","0","process-output","delete-or-archive-process-output","pending"
"08-媒体与产品/媒体/wechat_2026-06-07/00-缓冲区/_dbs/D78_感恩的科学.md","dbs-process","8104","535F00C7F6F614AC3BFD69EEA773F6D6BA41597BCCA8802B334B6BC4E1CFA29D","1","0","","0","False","False","0","process-output","delete-or-archive-process-output","pending"
"08-媒体与产品/媒体/wechat_2026-06-07/00-缓冲区/_dbs/D79_故事的力量.md","dbs-process","7790","CC907BFA95346FCB477377E9FB1E171F7DE21592952596D8CE2929C0769AD570","1","0","","0","False","False","0","process-output","delete-or-archive-process-output","pending"
"08-媒体与产品/媒体/wechat_2026-06-07/00-缓冲区/_dbs/D80_反依赖与亲密恐惧.md","dbs-process","7881","16E6DB0461AE4119A7F7348816DE75960F96DAFE551FEF9F17FB5839B5CD1334","1","0","","0","False","False","0","process-output","delete-or-archive-process-output","pending"
"08-媒体与产品/媒体/wechat_2026-06-07/00-缓冲区/_dbs/D81_形象管理ROI科学.md","dbs-process","7216","C0C1409B89E531AAD5DF0047BD0877A4D6C70376C0F40605BED9ECF71F0186E5","1","0","","0","False","False","0","process-output","delete-or-archive-process-output","pending"
"08-媒体与产品/媒体/wechat_2026-06-07/00-缓冲区/_dbs/D82_代际错位.md","dbs-process","7053","3F067D99F21FDC8BBFF72AFC45FA87FE77878CB9E450AB15E5959993BB2A552F","1","0","","0","False","False","0","process-output","delete-or-archive-process-output","pending"
"08-媒体与产品/媒体/wechat_2026-06-07/00-缓冲区/_dbs/D83_负循环破解.md","dbs-process","6373","27657AA03D4D79F42E8E6FF3A70C00EAFAEE340A19D4481019369DF6C0B0991A","1","0","","0","False","False","0","process-output","delete-or-archive-process-output","pending"
"08-媒体与产品/媒体/wechat_2026-06-07/00-缓冲区/_dbs/D84_P0单一主线.md","dbs-process","9002","79012255B922C0015F3A7AF6156F052C8E2006D1EF5E445A30731F1358A2526D","1","0","","0","False","False","0","process-output","delete-or-archive-process-output","pending"
"08-媒体与产品/媒体/wechat_2026-06-07/00-缓冲区/_dbs/D85_14天实验SOP.md","dbs-process","6543","4F1227457E547ACEC21969C9530C3E63B0A25B6E5B55C16B6C3A5E218A740DC3","1","0","","0","False","False","0","process-output","delete-or-archive-process-output","pending"
"08-媒体与产品/媒体/wechat_2026-06-07/00-缓冲区/_dbs/D86_最小可行性系统.md","dbs-process","7333","11B26BC3017A7133E75ED620B573ADEA25EA02A257DCD64C7833F41E84692437","1","0","","0","False","False","0","process-output","delete-or-archive-process-output","pending"
"08-媒体与产品/媒体/wechat_2026-06-07/00-缓冲区/_dbs/D87_芒格格栅.md","dbs-process","8889","384E802EFBE3B996B6FC115784274F1268ECF8268253846703592FF7E175E850","1","0","","0","False","False","0","process-output","delete-or-archive-process-output","pending"
"08-媒体与产品/媒体/wechat_2026-06-07/00-缓冲区/_dbs/D88_系统大于目标.md","dbs-process","8794","17B83BB6331A7902F479BD712FE52452561E99AA48B9798274ED2FA7CDE5170D","1","0","","0","False","False","0","process-output","delete-or-archive-process-output","pending"
"08-媒体与产品/媒体/wechat_2026-06-07/00-缓冲区/_dbs/D89_反共识不是叛逆.md","dbs-process","8789","15928C80FE869C40B6CE7C9CFEA200E3D2D605F59826443C3D81C23CCE5D3DB7","1","0","","0","False","False","0","process-output","delete-or-archive-process-output","pending"
"08-媒体与产品/媒体/wechat_2026-06-07/00-缓冲区/_dbs/D90_反脆弱进阶.md","dbs-process","9326","06B7543E47FA96F2BC784EFC248EFBF36E59580CDA720F9EF37C07992DD5714C","1","0","","0","False","False","0","process-output","delete-or-archive-process-output","pending"
"08-媒体与产品/媒体/wechat_2026-06-07/00-缓冲区/_dbs/D91_一人企业AI杠杆.md","dbs-process","9438","63275B26574522375AE2126ED79C0C5B3C0B2134F418352035F5B608D30C7BF7","1","0","","0","False","False","0","process-output","delete-or-archive-process-output","pending"
"08-媒体与产品/媒体/wechat_2026-06-07/00-缓冲区/_dbs/D92_杠铃策略.md","dbs-process","10244","86EE758534F9D87DAB3A2804E49FE422AC2485DDAFA17FD1CC6D2DBDDDFF224E","1","0","","0","False","False","0","process-output","delete-or-archive-process-output","pending"
"08-媒体与产品/媒体/wechat_2026-06-07/00-缓冲区/_dbs/D93_交易的正确目标.md","dbs-process","10078","0DF8A5B31EAD124A1A4C1DC67AE8D0174308DB25D11357407FEC1B2F17C6A617","1","0","","0","False","False","0","process-output","delete-or-archive-process-output","pending"
"08-媒体与产品/媒体/wechat_2026-06-07/00-缓冲区/_dbs/D94_游戏不是敌人.md","dbs-process","10900","D2201DA3CC64FBB5CE6BCDEF8E4417CC5E485B6BC5163AA2251B07ED987F7737","1","0","","0","False","False","0","process-output","delete-or-archive-process-output","pending"
"08-媒体与产品/媒体/wechat_2026-06-07/00-缓冲区/_dbs/D95_三位一体创作.md","dbs-process","11255","BC977E0AFCCACF0E19583EAB92FCC201A90FDF5CB6BD38F466B5FEC435F46949","1","0","","0","False","False","0","process-output","delete-or-archive-process-output","pending"
"08-媒体与产品/媒体/wechat_2026-06-07/00-缓冲区/_dbs/D96_平台策略.md","dbs-process","11682","763DDBD030695CEB9E76A8142F171682A1F503C970A155418BFA2A3EC1062293","1","0","","0","False","False","0","process-output","delete-or-archive-process-output","pending"
"08-媒体与产品/媒体/wechat_2026-06-07/00-缓冲区/_dbs/D97_先避毁灭再求收益.md","dbs-process","10463","3DB9F4E8ACEAE1976555F20AAF107011A8A56FA3A6796A74A479343C4B5400A1","1","0","","0","False","False","0","process-output","delete-or-archive-process-output","pending"
"08-媒体与产品/媒体/wechat_2026-06-07/00-缓冲区/_dbs/D98_认知负债陷阱.md","dbs-process","9766","6F9ABA0704E7E4D80CADD992E622FDC557CD43287B085ABAD88389CA8965A645","1","0","","0","False","False","0","process-output","delete-or-archive-process-output","pending"
"08-媒体与产品/媒体/wechat_2026-06-07/00-缓冲区/_dbs/D99_六格复盘.md","dbs-process","9856","B8C51732E925EC05828A342A265B4B08E16B25D2B260323D5348778FCCDA99B3","1","0","","0","False","False","0","process-output","delete-or-archive-process-output","pending"
"08-媒体与产品/媒体/wechat_2026-06-07/00-缓冲区/_system/_SYSTEM_OVERVIEW.md","system-process","2023","FF9259A3829D6632450DFE95013A3CE18251E6251AF359614D3AC896EC676C0F","1","0","","0","False","False","0","process-output","delete-or-archive-process-output","pending"
"08-媒体与产品/媒体/wechat_2026-06-07/00-缓冲区/_system/01-内容单元/CAS-01_王者10年42名貂蝉.md","system-process","730","37C3991A4596F7A1965B02A9C812DDC5B7924AB745706FF5154844875D5F0A42","1","0","","0","False","False","0","process-output","delete-or-archive-process-output","pending"
"08-媒体与产品/媒体/wechat_2026-06-07/00-缓冲区/_system/01-内容单元/CAS-02_5300元亏损.md","system-process","587","3828695DDE3D193B8CEE5BF57B1538B4D354546B864CB6013F48A198FA1856E2","1","0","","0","False","False","0","process-output","delete-or-archive-process-output","pending"
"08-媒体与产品/媒体/wechat_2026-06-07/00-缓冲区/_system/01-内容单元/CAS-03_14天晨光实验.md","system-process","629","CA6412E2A696F665A497717078781F0A2695DC9C1C7D9D588D9E05E866484686","1","0","","0","False","False","0","process-output","delete-or-archive-process-output","pending"
"08-媒体与产品/媒体/wechat_2026-06-07/00-缓冲区/_system/01-内容单元/CON-01_多巴胺基线.md","system-process","456","1016D6A982E48CECA32C65872818966D3F3153DC961E48D800A0343B1BEEBB70","1","0","","0","False","False","0","process-output","delete-or-archive-process-output","pending"
"08-媒体与产品/媒体/wechat_2026-06-07/00-缓冲区/_system/01-内容单元/CON-02_一人企业模型.md","system-process","514","708D45F9C09A040D9D9FD583DB105E1B15376E351ECE7D2D56341765DC9F8097","1","0","","0","False","False","0","process-output","delete-or-archive-process-output","pending"
"08-媒体与产品/媒体/wechat_2026-06-07/00-缓冲区/_system/01-内容单元/OPI-01_成瘾不是意志力问题.md","system-process","693","0CB56A532509EABCD29E80C75A719F93F20C35BC6EB02D44FCB1A3AB4ACE1597","1","0","","0","False","False","0","process-output","delete-or-archive-process-output","pending"
"08-媒体与产品/媒体/wechat_2026-06-07/00-缓冲区/_system/01-内容单元/OPI-02_22岁最大资产.md","system-process","711","8A8EF18CA66FA0C53BE8BD306A8C481E3D5C2E81DE2F10F5945F06E6B8BDA6FE","1","0","","0","False","False","0","process-output","delete-or-archive-process-output","pending"
"08-媒体与产品/媒体/wechat_2026-06-07/00-缓冲区/_system/01-内容单元/OPI-03_代际错位是内容资产.md","system-process","733","996A68434E132BE84E91A157E1E083135706EE89A8C5839C18EED3100B953B78","1","0","","0","False","False","0","process-output","delete-or-archive-process-output","pending"
"08-媒体与产品/媒体/wechat_2026-06-07/00-缓冲区/_system/01-内容单元/QST-01_为什么戒不掉游戏.md","system-process","650","2211E656A08464E524A519072AE00597A1559FF5F67A833331F10D8E55DE066F","1","0","","0","False","False","0","process-output","delete-or-archive-process-output","pending"
"08-媒体与产品/媒体/wechat_2026-06-07/00-缓冲区/_system/01-内容单元/SOL-01_多巴胺修复4动作.md","system-process","578","6FC511E6938443DBF408D4CAE7C5FC836ABA91D62DF9E043EF56892E7C559CF2","1","0","","0","False","False","0","process-output","delete-or-archive-process-output","pending"
"08-媒体与产品/媒体/wechat_2026-06-07/00-缓冲区/_system/01-内容单元/SOL-02_一人企业4阶段.md","system-process","522","4CAC21A7783DE4EEE9BF9ABDFF422739C3DBB5A1A984433B856F6A4B00BB731B","1","0","","0","False","False","0","process-output","delete-or-archive-process-output","pending"
"08-媒体与产品/媒体/wechat_2026-06-07/00-缓冲区/_system/01-内容单元/SOL-03_人生OS底线系统.md","system-process","532","C5356F1DB50A161C9771F6C58619ED31E56A9B62249112E8794687BCF121EE42","1","0","","0","False","False","0","process-output","delete-or-archive-process-output","pending"
"08-媒体与产品/媒体/wechat_2026-06-07/00-缓冲区/_system/02-主题地图/TM-01_身体修复飞轮.md","system-process","1057","309F1D8A94141FD45AB587FF5DAB879D0CAFA87397F37A250D39653FF03FA57F","1","0","","0","False","False","0","process-output","delete-or-archive-process-output","pending"
"08-媒体与产品/媒体/wechat_2026-06-07/00-缓冲区/_system/02-主题地图/TM-02_22岁资产配置.md","system-process","921","6C61852512A0965B2E3DEF47E022B6A9DC48EF4493C6778AB602E3078BCF36A7","1","0","","0","False","False","0","process-output","delete-or-archive-process-output","pending"
"08-媒体与产品/媒体/wechat_2026-06-07/00-缓冲区/_system/02-主题地图/TM-03_关系重新编程.md","system-process","955","10043FBB81851F9C206427C14DB6838AEA027AC98D01B5090859F83AAB4591F5","1","0","","0","False","False","0","process-output","delete-or-archive-process-output","pending"
"08-媒体与产品/媒体/wechat_2026-06-07/00-缓冲区/_system/03-装配稿/AD-01_身体修复指南.md","system-process","985","921E822E84D62369D3821BDA1143150C672DF708585E470180C0005EC78D9706","1","0","","0","False","False","0","process-output","delete-or-archive-process-output","pending"
"08-媒体与产品/媒体/wechat_2026-06-07/00-缓冲区/_system/03-装配稿/AD-02_内容创业路线图.md","system-process","1023","394EA1F0CF8325AB83BCF6C42F878D36B5F3C21D3151949F72B66779F740A4E1","1","0","","0","False","False","0","process-output","delete-or-archive-process-output","pending"
"08-媒体与产品/媒体/wechat_2026-06-07/00-缓冲区/草稿/W1_注意力战争_v1_draft.md","draft","10695","22F73D8E062BB0B58A0D84AA25FAE64163595AEE10C962A5DFA62B795ABFF0C1","1","0","","0","False","False","0","draft-review","manual-content-review","pending"
"08-媒体与产品/媒体/wechat_2026-06-07/00-缓冲区/草稿/W10_饮食决策框架_v1.md","draft","5048","8F81544E50B58D3684151D4673B9F470A71B399A58179E6CECC84A35769BF6F0","1","0","","0","False","False","0","draft-review","manual-content-review","pending"
"08-媒体与产品/媒体/wechat_2026-06-07/00-缓冲区/草稿/W10_饮食决策框架_v2_expanded.md","draft","9010","D4DCB445B0EE55A8AB641F3E76C43AF9CA3C8C934C9F60AFFED38D9D25D1E98B","1","0","","0","False","False","0","draft-review","manual-content-review","pending"
"08-媒体与产品/媒体/wechat_2026-06-07/00-缓冲区/草稿/W11_一人企业中国版_v1.md","draft","5267","F50DB6A88A22CDCFFDCFC459B96186B93199EBB90BDAF0CD2B3DC83AC1ED055E","1","0","","0","False","False","0","draft-review","manual-content-review","pending"
"08-媒体与产品/媒体/wechat_2026-06-07/00-缓冲区/草稿/W11_一人企业中国版_v2_expanded.md","draft","7240","4258176388EE26F7EAEBCB6A68CA503A3E3DD414554E910DEAF35F66136EB1BF","1","0","","0","False","False","0","draft-review","manual-content-review","pending"
"08-媒体与产品/媒体/wechat_2026-06-07/00-缓冲区/草稿/W12_交易系统_v1.md","draft","5195","FBC9F13BCC29CB02EB5B66C06FF9409EBFC9BA9E94126EC8A3AA19F26864E7AA","1","0","","0","False","False","0","draft-review","manual-content-review","pending"
"08-媒体与产品/媒体/wechat_2026-06-07/00-缓冲区/草稿/W12_交易系统_v2_expanded.md","draft","6767","F24CF0AC2533D5A234A63793DF8DD6A94BD95147AC0CABC4D721B76F261301A0","1","0","","0","False","False","0","draft-review","manual-content-review","pending"
"08-媒体与产品/媒体/wechat_2026-06-07/00-缓冲区/草稿/W13_平台策略_v1.md","draft","3181","38031D1744BDDD01ECD4996C12F83928CF271352916E261CC53585179661545F","1","0","","0","False","False","0","draft-review","manual-content-review","pending"
"08-媒体与产品/媒体/wechat_2026-06-07/00-缓冲区/草稿/W13_平台策略_v2_expanded.md","draft","5106","AC3A664339965D84B5E8F8B10414980DCA08E87B18B5A7951C4AE64780A46382","1","0","","0","False","False","0","draft-review","manual-content-review","pending"
"08-媒体与产品/媒体/wechat_2026-06-07/00-缓冲区/草稿/W14_终极组装指南_v1.md","draft","5564","E6C75326DCF0D5AC2ADA190FF5CECD8BDD972672DBAFFA312C95E90735A24FCD","1","0","","0","False","False","0","draft-review","manual-content-review","pending"
"08-媒体与产品/媒体/wechat_2026-06-07/00-缓冲区/草稿/W15_游戏化人生_v1.md","draft","4938","4A2EF8D831A9D042D1232D148A5A7FBDCDEF8CBD1FBB25C4D042D276836F69D4","1","0","","0","False","False","0","draft-review","manual-content-review","pending"
"08-媒体与产品/媒体/wechat_2026-06-07/00-缓冲区/草稿/W16_生存蓝图_v1.md","draft","6296","EAC0AB7759E9500FC1E50636449842B2F2067889519394B7CD5682100F00BC60","1","0","","0","False","False","0","draft-review","manual-content-review","pending"
"08-媒体与产品/媒体/wechat_2026-06-07/00-缓冲区/草稿/W16_生存蓝图_v2_expanded.md","draft","8508","4E8C01A9B8D65655E4F7A1419266DA0F9A3994338A1D475F28C5F01263F738EC","1","0","","0","False","False","0","draft-review","manual-content-review","pending"
"08-媒体与产品/媒体/wechat_2026-06-07/00-缓冲区/草稿/W17_习惯设计手册_v1.md","draft","6082","3BFD85A920ACA30F6E89F3D70985073079026FDD55B62F7359B9A1E1CA705E8A","1","0","","0","False","False","0","draft-review","manual-content-review","pending"
"08-媒体与产品/媒体/wechat_2026-06-07/00-缓冲区/草稿/W18_读书方法论_v1.md","draft","4086","30CA25ADD7AF1B65F3646E6DE7202E6830E50A7AD615B05D28C96BEC92B406DB","1","0","","0","False","False","0","draft-review","manual-content-review","pending"
"08-媒体与产品/媒体/wechat_2026-06-07/00-缓冲区/草稿/W19_致22岁的自己_v1.md","draft","6143","32A5A334E58FFBAAAEAC928046847F1DAAFBBFACC5FBAD32E7125911D78890B0","1","0","","0","False","False","0","draft-review","manual-content-review","pending"
"08-媒体与产品/媒体/wechat_2026-06-07/00-缓冲区/草稿/W2_反共识生存手册_v1_draft.md","draft","10565","AE9EA32D5F64C34D2C993F2EA649FA4D761D0094B63F510DA3F74D2A0DDA55CA","1","0","","0","False","False","0","draft-review","manual-content-review","pending"
"08-媒体与产品/媒体/wechat_2026-06-07/00-缓冲区/草稿/W20_独立生存指南_v1.md","draft","6782","56AF0311CE8FFADD7EB778D8F3331A51B794FA1F2BAA2D06B999B78EAB8D6DB7","1","0","","0","False","False","0","draft-review","manual-content-review","pending"
"08-媒体与产品/媒体/wechat_2026-06-07/00-缓冲区/草稿/W21_致不够好的自己_v1.md","draft","5632","6C2C5168B62D952EC8EEF11AB738D90B77C8D6D1E13D40B4B4C3CCA4A3113A17","1","0","","0","False","False","0","draft-review","manual-content-review","pending"
"08-媒体与产品/媒体/wechat_2026-06-07/00-缓冲区/草稿/W22_复盘方法论_v1.md","draft","5780","123A10DB6EFC1CFDD02C779856BD9A04537A35842208EA6B783284D841153AFB","1","0","","0","False","False","0","draft-review","manual-content-review","pending"
"08-媒体与产品/媒体/wechat_2026-06-07/00-缓冲区/草稿/W23_原生家庭_v1.md","draft","5124","478E2F27021E8B3D9CCCBA20CCC221B520045D45ECEC888B2C63FDD37CBA0224","1","0","","0","False","False","0","draft-review","manual-content-review","pending"
"08-媒体与产品/媒体/wechat_2026-06-07/00-缓冲区/草稿/W24_你和你爸和你自己_v1.md","draft","7383","BC0E5E386ED1F704B40513BA597B1B00FEEA7089F1802FE58D5E4BBB34E69AC9","1","0","","0","False","False","0","draft-review","manual-content-review","pending"
"08-媒体与产品/媒体/wechat_2026-06-07/00-缓冲区/草稿/W25_游戏十年_v1.md","draft","5150","0826DC5E12F863181234E8BFC218CFD32F572C182D3E19C572DE0E51DF92D376","1","0","","0","False","False","0","draft-review","manual-content-review","pending"
"08-媒体与产品/媒体/wechat_2026-06-07/00-缓冲区/草稿/W26_三十天_v1.md","draft","6646","B862A51BCC69D86B85FF42AA4DF7E7F79FD90AE5AC49AD783CBA9E589FE107EC","1","0","","1","False","False","0","draft-review","manual-content-review","pending"
"08-媒体与产品/媒体/wechat_2026-06-07/00-缓冲区/草稿/W27_人生操作系统_v1.md","draft","7921","E94D8F39EE6D3916ABDFBF9D0BE81AA4329617E0B943BBB99574F50BFD1FBC59","1","0","","0","False","False","0","draft-review","manual-content-review","pending"
"08-媒体与产品/媒体/wechat_2026-06-07/00-缓冲区/草稿/W28_反依赖_v1.md","draft","4889","D69B77D492AC20A19710412D62B789FDBB283FE6B4AD0FA3C8B04E80ED5EA7E5","1","0","","1","False","False","0","draft-review","manual-content-review","pending"
"08-媒体与产品/媒体/wechat_2026-06-07/00-缓冲区/草稿/W28_反依赖_v2_expanded.md","draft","8221","E5A9AFDDFC2FF753E2D8DDD70ECBFD38E7923A4DC826FDD66A3358E7CAB2967C","1","0","","1","False","False","0","draft-review","manual-content-review","pending"
"08-媒体与产品/媒体/wechat_2026-06-07/00-缓冲区/草稿/W29_资产审计_v1.md","draft","4865","8441C31FFCD317BFF46C631AE2BE60B249C1FD2E922A76FBCFF392D1B99B57B7","1","0","","0","False","False","0","draft-review","manual-content-review","pending"
"08-媒体与产品/媒体/wechat_2026-06-07/00-缓冲区/草稿/W29_资产审计_v2_expanded.md","draft","6613","4F7406F28D4B4F7EA8F1FC856E05BD408BA61362CE63F665CA61770136DEF8CA","1","0","","0","False","False","0","draft-review","manual-content-review","pending"
"08-媒体与产品/媒体/wechat_2026-06-07/00-缓冲区/草稿/W3_完美主义破局_v1_draft.md","draft","9440","9C1A5E4A5F32E69CAA706E847F08C92A35B9F21F9093C6F9F7FFDC900D3CFB0C","1","0","","1","False","False","0","draft-review","manual-content-review","pending"
"08-媒体与产品/媒体/wechat_2026-06-07/00-缓冲区/草稿/W3_完美主义破局_v2_expanded.md","draft","12275","10BFCBE4547C1BFD0634D56C7ACBCEA33EE7BC2BA36B5DF978EE7D7E50F9C657","1","0","","1","False","False","0","draft-review","manual-content-review","pending"
"08-媒体与产品/媒体/wechat_2026-06-07/00-缓冲区/草稿/W30_唯一主线_v1.md","draft","4977","98A1F6B181040539C41AF0293DE3BEB8961038661C3DCF8EEB5372ADF6243582","1","0","","0","False","False","0","draft-review","manual-content-review","pending"
"08-媒体与产品/媒体/wechat_2026-06-07/00-缓冲区/草稿/W30_唯一主线_v2_expanded.md","draft","6973","9E35BA99D1E460848C10207DA24D997F53EA8140F460335D6815344E3587EDA0","1","0","","0","False","False","0","draft-review","manual-content-review","pending"
"08-媒体与产品/媒体/wechat_2026-06-07/00-缓冲区/草稿/W31_神经可塑性_v1.md","draft","4483","89435EF446FF193E671EB03E6782D61FF888A087DEEEA25C3E6DBBC629C00EC3","1","0","","0","False","False","0","draft-review","manual-content-review","pending"
"08-媒体与产品/媒体/wechat_2026-06-07/00-缓冲区/草稿/W32_先避毁灭_v1.md","draft","2410","8D49EB9C9860043578266AB124672088E97EE4D76179395C73D6AD5D72BA05E1","1","0","","0","False","False","0","draft-review","manual-content-review","pending"
"08-媒体与产品/媒体/wechat_2026-06-07/00-缓冲区/草稿/W33_那个勾_v1.md","draft","1409","C1803E45330C67F0BA24C015F26B72A7D856C655D2DC262433E9591ED3083291","1","0","","0","False","False","0","draft-review","manual-content-review","pending"
"08-媒体与产品/媒体/wechat_2026-06-07/00-缓冲区/草稿/W34_永远在场_v1.md","draft","3508","7CCE2CC9A80742F1D47DDB26D6F27120F3CF516DCFF0B894588EF898E30BA983","1","0","","0","False","False","0","draft-review","manual-content-review","pending"
"08-媒体与产品/媒体/wechat_2026-06-07/00-缓冲区/草稿/W35_二十二岁操作手册_v1.md","draft","2239","215748DD760F903AD3CE7F88DF4EB8357CD1671A1AEB58A2BEEE159197890F8E","1","0","","0","False","False","0","draft-review","manual-content-review","pending"
"08-媒体与产品/媒体/wechat_2026-06-07/00-缓冲区/草稿/W4_多巴胺重建_v1_draft.md","draft","8115","D865FC27CAAA42BD12848ABC7986207D951E02214B450D4D3039CA92F49B4F92","1","0","","0","False","False","0","draft-review","manual-content-review","pending"
"08-媒体与产品/媒体/wechat_2026-06-07/00-缓冲区/草稿/W4_多巴胺重建_v2_expanded.md","draft","9052","2D3E65E1358DACF951141B9DA0B61A3BC6C7152FA8BBA3FF94F4C146395132C1","1","0","","0","False","False","0","draft-review","manual-content-review","pending"
"08-媒体与产品/媒体/wechat_2026-06-07/00-缓冲区/草稿/W5_杠铃策略_v1_draft.md","draft","7421","E951E0BEE4534FB46F75B9AA0BD22B202081784668E18AD3648CA16268BE0901","1","0","","0","False","False","0","draft-review","manual-content-review","pending"
"08-媒体与产品/媒体/wechat_2026-06-07/00-缓冲区/草稿/W5_杠铃策略_v2_expanded.md","draft","9697","796904A5DFF8DB4AD46D227691A07945B6821F12DDC992C3312A989D37635E46","1","0","","0","False","False","0","draft-review","manual-content-review","pending"
"08-媒体与产品/媒体/wechat_2026-06-07/00-缓冲区/草稿/W6_系统大于目标_v1_draft.md","draft","6459","B8A60726CEC51C13D8EBEA680498B45DDD5018EFD752BA90F23DED4A54892386","1","0","","0","False","False","0","draft-review","manual-content-review","pending"
"08-媒体与产品/媒体/wechat_2026-06-07/00-缓冲区/草稿/W6_系统大于目标_v2_expanded.md","draft","8456","EBA04A746ED6A4E89E54540FFE5E9860117F2879482706DFAF520C32E96968E8","1","0","","0","False","False","0","draft-review","manual-content-review","pending"
"08-媒体与产品/媒体/wechat_2026-06-07/00-缓冲区/草稿/W7_认知武器系统_v1.md","draft","9412","7DDBF4866F35BF980D81C2CF274CAB0CA4CB167638374D3C4B8A9A703C53D737","1","0","","0","False","False","0","draft-review","manual-content-review","pending"
"08-媒体与产品/媒体/wechat_2026-06-07/00-缓冲区/草稿/W7_认知武器系统_v2_expanded.md","draft","12177","604CE2F5BEE1F5580EB751D4ECC9515FAD9B01482EF13DA8E8894D1D948C0E71","1","0","","0","False","False","0","draft-review","manual-content-review","pending"
"08-媒体与产品/媒体/wechat_2026-06-07/00-缓冲区/草稿/W8_执行系统设计手册_v1.md","draft","5782","DDD44CCEFCA20F94F4200E8549F8376E2CF732860EAE66AA74BC3EDF226D8D55","1","0","","0","False","False","0","draft-review","manual-content-review","pending"
"08-媒体与产品/媒体/wechat_2026-06-07/00-缓冲区/草稿/W8_执行系统设计手册_v2_expanded.md","draft","8681","5FF337656366AE5DC7517F78A0372E186776ED49DEF55C06291DBC29237C201C","1","0","","0","False","False","0","draft-review","manual-content-review","pending"
"08-媒体与产品/媒体/wechat_2026-06-07/00-缓冲区/草稿/W9_关系是镜子_v1.md","draft","5251","C53BD049AC00E8A65E8CDC0255628124717F6EB95845C5214BA2E0525917F10E","1","0","","0","False","False","0","draft-review","manual-content-review","pending"
"08-媒体与产品/媒体/wechat_2026-06-07/00-缓冲区/草稿/W9_关系是镜子_v2_expanded.md","draft","8099","0BDD855E90DBF0D5BBC6CB7942F2807A426A4B2FF0332C869ABC70A69008F126","1","0","","0","False","False","0","draft-review","manual-content-review","pending"
